order_id,date,product,category,region,channel,quantity,unit_price,discount_pct,revenue
100001,2023-01-01,Dumbbell Set,Fitness,North,In-Store,1,89.73,0.0,89.73
100029,2023-01-01,USB-C Hub,Electronics,North,Online,1,30.06,0.0,30.06
100028,2023-01-01,Mechanical Keyboard,Electronics,South,Online,1,56.95,0.1,56.95
100027,2023-01-01,Office Chair,Furniture,West,Online,1,144.73,0.0,144.73
100025,2023-01-01,Planner,Stationery,North,Online,3,15.48,0.0,46.44
100024,2023-01-01,Planner,Stationery,North,In-Store,1,16.38,0.0,16.38
100023,2023-01-01,Notebook Set,Stationery,East,Online,1,9.08,0.0,9.08
100022,2023-01-01,USB-C Hub,Electronics,North,Online,1,27.6,0.0,27.6
100021,2023-01-01,Wireless Mouse,Electronics,North,Online,1,19.54,0.0,19.54
100020,2023-01-01,Standing Desk,Furniture,Central,Online,1,270.78,0.1,270.78
100019,2023-01-01,Mechanical Keyboard,Electronics,North,Online,1,63.98,0.0,63.98
100018,2023-01-01,Noise-Cancel Headphones,Electronics,North,Online,1,135.75,0.0,135.75
100017,2023-01-01,Dumbbell Set,Fitness,North,Online,1,88.25,0.0,88.25
100016,2023-01-01,Dumbbell Set,Fitness,North,Online,1,88.25,0.0,88.25
100026,2023-01-01,Wireless Mouse,Electronics,South,In-Store,1,15.18,0.2,15.18
100014,2023-01-01,Running Shoes,Fitness,Central,In-Store,1,69.38,0.1,69.38
100013,2023-01-01,Running Shoes,Fitness,East,Online,2,69.38,0.1,138.76
100012,2023-01-01,Wireless Mouse,Electronics,North,Online,1,19.58,0.0,19.58
100011,2023-01-01,Desk Lamp,Furniture,North,In-Store,1,22.61,0.1,22.61
100010,2023-01-01,Water Bottle,Fitness,Central,Online,1,13.28,0.0,13.28
100009,2023-01-01,Water Bottle,Fitness,North,Online,2,13.28,0.0,26.56
100008,2023-01-01,Yoga Mat,Fitness,North,In-Store,1,21.49,0.0,21.49
100007,2023-01-01,Running Shoes,Fitness,North,Online,1,73.3,0.0,73.3
100006,2023-01-01,Running Shoes,Fitness,East,In-Store,1,73.3,0.0,73.3
100005,2023-01-01,Dumbbell Set,Fitness,Central,In-Store,1,87.92,0.0,87.92
100015,2023-01-01,USB-C Hub,Electronics,East,In-Store,1,30.32,0.0,30.32
100004,2023-01-01,Water Bottle,Fitness,Central,Online,1,13.08,0.0,13.08
100003,2023-01-01,Wireless Mouse,Electronics,South,Online,1,18.46,0.0,18.46
100002,2023-01-01,Dumbbell Set,Fitness,West,In-Store,1,89.73,0.0,89.73
100039,2023-01-02,Wireless Mouse,Electronics,South,Online,1,18.97,0.0,18.97
100040,2023-01-02,Planner,Stationery,Central,In-Store,1,15.98,0.0,15.98
100043,2023-01-02,Water Bottle,Fitness,East,Online,3,12.76,0.0,38.28
100042,2023-01-02,Wireless Mouse,Electronics,East,Online,1,18.45,0.0,18.45
100038,2023-01-02,Yoga Mat,Fitness,South,In-Store,3,22.6,0.0,67.8
100041,2023-01-02,Noise-Cancel Headphones,Electronics,Central,In-Store,2,130.73,0.0,261.46
100037,2023-01-02,Wireless Mouse,Electronics,East,Online,1,18.98,0.0,18.98
100034,2023-01-02,Office Chair,Furniture,South,In-Store,3,152.93,0.0,458.79
100035,2023-01-02,Bookshelf,Furniture,West,Online,1,123.96,0.0,123.96
100033,2023-01-02,Fountain Pen,Stationery,South,In-Store,2,18.26,0.1,36.52
100032,2023-01-02,Mechanical Keyboard,Electronics,North,Online,4,58.6,0.1,234.4
100031,2023-01-02,Water Bottle,Fitness,West,Online,1,12.93,0.0,12.93
100030,2023-01-02,Running Shoes,Fitness,South,Online,1,76.39,0.0,76.39
100036,2023-01-02,Wireless Mouse,Electronics,West,In-Store,1,18.23,0.0,18.23
100054,2023-01-03,Notebook Set,Stationery,North,Online,1,9.11,0.0,9.11
100061,2023-01-03,Mechanical Keyboard,Electronics,West,Online,1,63.78,0.0,63.78
100060,2023-01-03,Bookshelf,Furniture,South,In-Store,1,121.0,0.0,121.0
100059,2023-01-03,Wireless Mouse,Electronics,South,Online,1,20.19,0.0,20.19
100058,2023-01-03,Standing Desk,Furniture,Central,Online,1,294.45,0.0,294.45
100057,2023-01-03,Bluetooth Speaker,Electronics,Central,In-Store,1,37.01,0.15,37.01
100056,2023-01-03,Bluetooth Speaker,Electronics,Central,In-Store,1,47.47,0.0,47.47
100055,2023-01-03,Dumbbell Set,Fitness,West,Online,1,92.08,0.0,92.08
100053,2023-01-03,Fountain Pen,Stationery,South,Online,1,20.98,0.0,20.98
100050,2023-01-03,Noise-Cancel Headphones,Electronics,North,In-Store,1,129.46,0.0,129.46
100051,2023-01-03,Notebook Set,Stationery,West,In-Store,1,8.78,0.0,8.78
100044,2023-01-03,Planner,Stationery,South,Online,2,16.19,0.0,32.38
100045,2023-01-03,Desk Lamp,Furniture,East,Online,1,24.44,0.0,24.44
100046,2023-01-03,Resistance Bands,Fitness,South,Online,2,14.6,0.0,29.2
100052,2023-01-03,Wireless Mouse,Electronics,South,Online,3,19.2,0.0,57.6
100048,2023-01-03,Wireless Mouse,Electronics,South,In-Store,2,19.68,0.0,39.36
100049,2023-01-03,Resistance Bands,Fitness,East,Online,2,11.55,0.2,23.1
100047,2023-01-03,Planner,Stationery,South,Online,1,14.47,0.1,14.47
100089,2023-01-04,Yoga Mat,Fitness,East,Online,1,22.58,0.0,22.58
100088,2023-01-04,Planner,Stationery,North,Online,1,16.7,0.0,16.7
100087,2023-01-04,Resistance Bands,Fitness,North,Online,1,14.73,0.0,14.73
100077,2023-01-04,USB-C Hub,Electronics,North,Online,2,31.96,0.0,63.92
100085,2023-01-04,Wireless Mouse,Electronics,East,Online,3,18.21,0.0,54.63
100084,2023-01-04,Noise-Cancel Headphones,Electronics,South,Online,2,137.44,0.0,274.88
100083,2023-01-04,Fountain Pen,Stationery,Central,Online,1,20.2,0.0,20.2
100082,2023-01-04,Planner,Stationery,South,Online,2,15.78,0.0,31.56
100081,2023-01-04,Desk Lamp,Furniture,Central,Online,1,26.04,0.0,26.04
100080,2023-01-04,Noise-Cancel Headphones,Electronics,Central,In-Store,1,132.64,0.0,132.64
100079,2023-01-04,Wireless Mouse,Electronics,North,In-Store,1,18.13,0.0,18.13
100078,2023-01-04,Noise-Cancel Headphones,Electronics,West,Online,3,101.47,0.2,304.41
100086,2023-01-04,Resistance Bands,Fitness,East,In-Store,1,14.73,0.0,14.73
100076,2023-01-04,Notebook Set,Stationery,East,In-Store,1,9.26,0.0,9.26
100074,2023-01-04,Desk Lamp,Furniture,East,Online,1,24.99,0.0,24.99
100062,2023-01-04,Bluetooth Speaker,Electronics,South,Online,1,37.22,0.2,37.22
100075,2023-01-04,Wireless Mouse,Electronics,North,Online,1,15.22,0.2,15.22
100064,2023-01-04,USB-C Hub,Electronics,South,In-Store,1,27.0,0.1,27.0
100065,2023-01-04,Planner,Stationery,Central,Online,1,13.97,0.15,13.97
100066,2023-01-04,Bookshelf,Furniture,North,Online,1,115.16,0.0,115.16
100067,2023-01-04,Bluetooth Speaker,Electronics,North,In-Store,3,40.91,0.0,122.73
100063,2023-01-04,Dumbbell Set,Fitness,East,Online,1,82.47,0.1,82.47
100069,2023-01-04,Yoga Mat,Fitness,North,In-Store,1,22.27,0.0,22.27
100070,2023-01-04,Noise-Cancel Headphones,Electronics,Central,Online,1,118.55,0.1,118.55
100071,2023-01-04,Dumbbell Set,Fitness,South,Online,4,86.04,0.0,344.16
100072,2023-01-04,Dumbbell Set,Fitness,North,Online,1,89.17,0.0,89.17
100073,2023-01-04,Dumbbell Set,Fitness,North,In-Store,2,89.17,0.0,178.34
100068,2023-01-04,Dumbbell Set,Fitness,West,In-Store,4,75.91,0.2,303.64
100102,2023-01-05,Standing Desk,Furniture,West,Online,1,296.84,0.0,296.84
100110,2023-01-05,Noise-Cancel Headphones,Electronics,South,Online,1,110.65,0.15,110.65
100109,2023-01-05,Bluetooth Speaker,Electronics,East,Online,1,43.28,0.0,43.28
100108,2023-01-05,Yoga Mat,Fitness,West,Online,1,18.78,0.15,18.78
100107,2023-01-05,Yoga Mat,Fitness,East,Online,1,18.78,0.15,18.78
100106,2023-01-05,Office Chair,Furniture,Central,Online,1,153.58,0.0,153.58
100105,2023-01-05,Wireless Mouse,Electronics,South,Online,1,18.24,0.0,18.24
100104,2023-01-05,Water Bottle,Fitness,South,In-Store,1,13.53,0.0,13.53
100103,2023-01-05,Bluetooth Speaker,Electronics,West,Online,1,42.62,0.0,42.62
100101,2023-01-05,Yoga Mat,Fitness,North,In-Store,1,21.48,0.0,21.48
100093,2023-01-05,Notebook Set,Stationery,South,In-Store,1,9.09,0.0,9.09
100099,2023-01-05,Bookshelf,Furniture,West,Online,1,109.29,0.1,109.29
100091,2023-01-05,Water Bottle,Fitness,North,In-Store,2,13.12,0.0,26.24
100092,2023-01-05,Water Bottle,Fitness,East,Online,2,13.12,0.0,26.24
100100,2023-01-05,Yoga Mat,Fitness,South,Online,1,21.48,0.0,21.48
100094,2023-01-05,USB-C Hub,Electronics,East,Online,1,23.32,0.2,23.32
100090,2023-01-05,Notebook Set,Stationery,North,In-Store,1,7.87,0.15,7.87
100096,2023-01-05,Bookshelf,Furniture,West,Online,1,119.71,0.0,119.71
100097,2023-01-05,Notebook Set,Stationery,North,Online,1,9.22,0.0,9.22
100098,2023-01-05,Bookshelf,Furniture,East,In-Store,1,117.76,0.0,117.76
100095,2023-01-05,Noise-Cancel Headphones,Electronics,East,Online,1,129.07,0.0,129.07
100121,2023-01-06,Water Bottle,Fitness,North,In-Store,1,11.94,0.1,11.94
100128,2023-01-06,Bookshelf,Furniture,South,Online,1,108.32,0.1,108.32
100127,2023-01-06,Running Shoes,Fitness,East,Online,1,64.09,0.15,64.09
100126,2023-01-06,Fountain Pen,Stationery,West,Online,1,16.77,0.15,16.77
100125,2023-01-06,Desk Lamp,Furniture,East,Online,1,24.79,0.0,24.79
100124,2023-01-06,Water Bottle,Fitness,South,Online,1,13.77,0.0,13.77
100123,2023-01-06,Notebook Set,Stationery,East,In-Store,1,9.35,0.0,9.35
100122,2023-01-06,Water Bottle,Fitness,Central,Online,1,11.94,0.1,11.94
100120,2023-01-06,Dumbbell Set,Fitness,North,In-Store,1,92.61,0.0,92.61
100119,2023-01-06,Dumbbell Set,Fitness,Central,Online,1,72.79,0.15,72.79
100118,2023-01-06,Dumbbell Set,Fitness,East,Online,1,72.79,0.15,72.79
100117,2023-01-06,Notebook Set,Stationery,North,Online,1,8.66,0.0,8.66
100116,2023-01-06,Resistance Bands,Fitness,East,Online,1,14.61,0.0,14.61
100115,2023-01-06,Noise-Cancel Headphones,Electronics,East,In-Store,1,132.89,0.0,132.89
100114,2023-01-06,Office Chair,Furniture,North,Online,2,149.14,0.0,298.28
100113,2023-01-06,Bookshelf,Furniture,North,In-Store,3,122.39,0.0,367.17
100112,2023-01-06,Yoga Mat,Fitness,Central,In-Store,1,22.5,0.0,22.5
100111,2023-01-06,Noise-Cancel Headphones,Electronics,West,Online,1,127.64,0.0,127.64
100140,2023-01-07,Resistance Bands,Fitness,East,In-Store,1,14.27,0.0,14.27
100141,2023-01-07,Bookshelf,Furniture,North,Online,1,109.58,0.1,109.58
100142,2023-01-07,Fountain Pen,Stationery,West,Online,1,17.09,0.1,17.09
100146,2023-01-07,Planner,Stationery,East,Online,1,16.52,0.0,16.52
100144,2023-01-07,Water Bottle,Fitness,North,Online,2,13.68,0.0,27.36
100145,2023-01-07,Standing Desk,Furniture,West,Online,1,269.69,0.1,269.69
100139,2023-01-07,Resistance Bands,Fitness,South,Online,1,14.27,0.0,14.27
100147,2023-01-07,Office Chair,Furniture,East,In-Store,1,139.46,0.1,139.46
100138,2023-01-07,Dumbbell Set,Fitness,South,Online,1,87.89,0.0,87.89
100143,2023-01-07,Water Bottle,Fitness,North,In-Store,2,13.68,0.0,27.36
100136,2023-01-07,Mechanical Keyboard,Electronics,East,In-Store,1,62.83,0.0,62.83
100135,2023-01-07,Planner,Stationery,West,Online,1,17.22,0.0,17.22
100134,2023-01-07,Desk Lamp,Furniture,West,Online,1,24.87,0.0,24.87
100133,2023-01-07,Planner,Stationery,East,Online,1,12.49,0.2,12.49
100132,2023-01-07,Wireless Mouse,Electronics,East,Online,1,19.17,0.0,19.17
100131,2023-01-07,Office Chair,Furniture,North,Online,1,149.13,0.0,149.13
100130,2023-01-07,Office Chair,Furniture,East,In-Store,2,147.37,0.0,294.74
100129,2023-01-07,Notebook Set,Stationery,South,Online,1,9.28,0.0,9.28
100137,2023-01-07,Bluetooth Speaker,Electronics,South,Online,1,43.58,0.0,43.58
100163,2023-01-08,Dumbbell Set,Fitness,West,Online,1,89.24,0.0,89.24
100164,2023-01-08,USB-C Hub,Electronics,South,Online,1,31.12,0.0,31.12
100165,2023-01-08,Desk Lamp,Furniture,East,Online,1,21.89,0.1,21.89
100166,2023-01-08,USB-C Hub,Electronics,Central,Online,2,30.63,0.0,61.26
100170,2023-01-08,Fountain Pen,Stationery,West,Online,1,19.97,0.0,19.97
100168,2023-01-08,Notebook Set,Stationery,West,Online,1,8.92,0.0,8.92
100169,2023-01-08,Desk Lamp,Furniture,South,Online,1,24.49,0.0,24.49
100161,2023-01-08,Water Bottle,Fitness,East,In-Store,1,12.23,0.0,12.23
100171,2023-01-08,Noise-Cancel Headphones,Electronics,South,In-Store,2,130.9,0.0,261.8
100167,2023-01-08,Planner,Stationery,East,In-Store,1,16.01,0.0,16.01
100160,2023-01-08,Water Bottle,Fitness,West,Online,1,12.23,0.0,12.23
100162,2023-01-08,Dumbbell Set,Fitness,West,In-Store,1,89.24,0.0,89.24
100158,2023-01-08,Notebook Set,Stationery,East,In-Store,1,9.34,0.0,9.34
100159,2023-01-08,Standing Desk,Furniture,Central,Online,1,244.95,0.2,244.95
100148,2023-01-08,Noise-Cancel Headphones,Electronics,North,Online,1,121.03,0.1,121.03
100149,2023-01-08,Yoga Mat,Fitness,East,In-Store,2,22.47,0.0,44.94
100151,2023-01-08,Bluetooth Speaker,Electronics,East,In-Store,2,46.63,0.0,93.26
100152,2023-01-08,Notebook Set,Stationery,East,Online,3,8.96,0.0,26.88
100150,2023-01-08,Bookshelf,Furniture,West,Online,1,115.19,0.0,115.19
100154,2023-01-08,Mechanical Keyboard,Electronics,West,Online,1,65.23,0.0,65.23
100155,2023-01-08,Office Chair,Furniture,North,In-Store,1,146.4,0.0,146.4
100156,2023-01-08,Yoga Mat,Fitness,North,In-Store,1,21.95,0.0,21.95
100157,2023-01-08,Yoga Mat,Fitness,South,In-Store,1,21.95,0.0,21.95
100153,2023-01-08,Notebook Set,Stationery,East,Online,1,8.83,0.0,8.83
100193,2023-01-09,Dumbbell Set,Fitness,South,In-Store,1,79.9,0.1,79.9
100189,2023-01-09,Bluetooth Speaker,Electronics,Central,Online,1,45.18,0.0,45.18
100190,2023-01-09,Standing Desk,Furniture,North,In-Store,1,283.7,0.0,283.7
100191,2023-01-09,Notebook Set,Stationery,North,In-Store,3,9.25,0.0,27.75
100192,2023-01-09,Dumbbell Set,Fitness,South,Online,1,79.9,0.1,79.9
100194,2023-01-09,USB-C Hub,Electronics,West,In-Store,1,31.0,0.0,31.0
100200,2023-01-09,Standing Desk,Furniture,East,In-Store,1,245.91,0.15,245.91
100196,2023-01-09,Notebook Set,Stationery,South,Online,1,8.89,0.0,8.89
100197,2023-01-09,USB-C Hub,Electronics,North,In-Store,1,31.04,0.0,31.04
100198,2023-01-09,Standing Desk,Furniture,East,Online,1,291.63,0.0,291.63
100199,2023-01-09,Planner,Stationery,North,In-Store,1,15.91,0.0,15.91
100188,2023-01-09,USB-C Hub,Electronics,North,In-Store,1,31.06,0.0,31.06
100195,2023-01-09,Mechanical Keyboard,Electronics,Central,Online,2,57.64,0.1,115.28
100186,2023-01-09,Dumbbell Set,Fitness,South,Online,1,87.78,0.0,87.78
100187,2023-01-09,Dumbbell Set,Fitness,South,In-Store,1,87.78,0.0,87.78
100185,2023-01-09,Water Bottle,Fitness,West,In-Store,1,13.46,0.0,13.46
100172,2023-01-09,Desk Lamp,Furniture,West,Online,4,24.92,0.0,99.68
100173,2023-01-09,Desk Lamp,Furniture,South,Online,1,25.03,0.0,25.03
100175,2023-01-09,Planner,Stationery,West,In-Store,1,16.56,0.0,16.56
100176,2023-01-09,USB-C Hub,Electronics,East,Online,2,29.36,0.0,58.72
100177,2023-01-09,Mechanical Keyboard,Electronics,South,Online,1,63.62,0.0,63.62
100178,2023-01-09,USB-C Hub,Electronics,East,Online,3,30.25,0.0,90.75
100174,2023-01-09,USB-C Hub,Electronics,East,Online,2,30.45,0.0,60.9
100180,2023-01-09,Noise-Cancel Headphones,Electronics,East,Online,1,115.17,0.1,115.17
100181,2023-01-09,USB-C Hub,Electronics,East,Online,1,30.19,0.0,30.19
100182,2023-01-09,Yoga Mat,Fitness,North,Online,1,21.75,0.0,21.75
100183,2023-01-09,Yoga Mat,Fitness,Central,In-Store,2,21.75,0.0,43.5
100184,2023-01-09,Yoga Mat,Fitness,Central,Online,1,20.12,0.1,20.12
100179,2023-01-09,Notebook Set,Stationery,North,Online,1,9.08,0.0,9.08
100211,2023-01-10,USB-C Hub,Electronics,South,In-Store,1,30.97,0.0,30.97
100218,2023-01-10,Standing Desk,Furniture,West,Online,1,311.21,0.0,311.21
100217,2023-01-10,Bluetooth Speaker,Electronics,East,In-Store,1,45.6,0.0,45.6
100216,2023-01-10,Planner,Stationery,East,Online,1,15.79,0.0,15.79
100215,2023-01-10,Noise-Cancel Headphones,Electronics,Central,Online,1,124.48,0.0,124.48
100214,2023-01-10,Water Bottle,Fitness,Central,Online,1,12.83,0.0,12.83
100213,2023-01-10,Yoga Mat,Fitness,Central,In-Store,2,21.65,0.0,43.3
100212,2023-01-10,Standing Desk,Furniture,West,Online,1,290.71,0.0,290.71
100210,2023-01-10,Resistance Bands,Fitness,North,In-Store,2,12.82,0.1,25.64
100207,2023-01-10,Dumbbell Set,Fitness,North,Online,1,85.36,0.1,85.36
100208,2023-01-10,Dumbbell Set,Fitness,East,Online,2,85.36,0.1,170.72
100206,2023-01-10,Mechanical Keyboard,Electronics,North,In-Store,1,60.03,0.1,60.03
100205,2023-01-10,Notebook Set,Stationery,North,Online,1,9.4,0.0,9.4
100204,2023-01-10,Office Chair,Furniture,South,In-Store,1,155.73,0.0,155.73
100203,2023-01-10,Bookshelf,Furniture,Central,In-Store,3,123.24,0.0,369.72
100202,2023-01-10,Mechanical Keyboard,Electronics,East,Online,2,61.91,0.0,123.82
100201,2023-01-10,Planner,Stationery,North,In-Store,1,16.17,0.0,16.17
100209,2023-01-10,Yoga Mat,Fitness,East,Online,1,22.42,0.0,22.42
100232,2023-01-11,Mechanical Keyboard,Electronics,South,In-Store,1,64.89,0.0,64.89
100234,2023-01-11,Wireless Mouse,Electronics,North,Online,1,19.47,0.0,19.47
100235,2023-01-11,Running Shoes,Fitness,West,Online,2,63.26,0.2,126.52
100236,2023-01-11,Running Shoes,Fitness,East,In-Store,1,63.26,0.2,63.26
100240,2023-01-11,Water Bottle,Fitness,East,In-Store,2,12.76,0.0,25.52
100238,2023-01-11,Dumbbell Set,Fitness,South,Online,1,91.53,0.0,91.53
100239,2023-01-11,Wireless Mouse,Electronics,East,In-Store,1,18.25,0.0,18.25
100231,2023-01-11,Water Bottle,Fitness,Central,In-Store,2,12.18,0.0,24.36
100237,2023-01-11,Yoga Mat,Fitness,West,Online,1,22.69,0.0,22.69
100230,2023-01-11,Water Bottle,Fitness,North,In-Store,2,12.18,0.0,24.36
100233,2023-01-11,Notebook Set,Stationery,Central,In-Store,1,9.04,0.0,9.04
100228,2023-01-11,Office Chair,Furniture,Central,Online,1,145.33,0.0,145.33
100219,2023-01-11,Bookshelf,Furniture,Central,Online,3,119.53,0.0,358.59
100220,2023-01-11,Notebook Set,Stationery,West,Online,1,9.48,0.0,9.48
100221,2023-01-11,Mechanical Keyboard,Electronics,East,Online,2,66.71,0.0,133.42
100222,2023-01-11,Bluetooth Speaker,Electronics,North,Online,3,43.38,0.0,130.14
100223,2023-01-11,Water Bottle,Fitness,East,Online,1,12.88,0.0,12.88
100229,2023-01-11,Notebook Set,Stationery,North,Online,1,9.11,0.0,9.11
100225,2023-01-11,Notebook Set,Stationery,North,In-Store,1,9.55,0.0,9.55
100226,2023-01-11,Running Shoes,Fitness,South,Online,1,63.49,0.15,63.49
100227,2023-01-11,Running Shoes,Fitness,South,Online,1,63.49,0.15,63.49
100224,2023-01-11,Office Chair,Furniture,West,Online,2,133.69,0.1,267.38
100266,2023-01-12,Wireless Mouse,Electronics,East,Online,1,18.32,0.0,18.32
100255,2023-01-12,Dumbbell Set,Fitness,South,In-Store,2,96.95,0.0,193.9
100264,2023-01-12,Resistance Bands,Fitness,West,In-Store,2,14.83,0.0,29.66
100263,2023-01-12,Desk Lamp,Furniture,West,Online,1,25.64,0.0,25.64
100262,2023-01-12,Fountain Pen,Stationery,Central,Online,1,20.22,0.0,20.22
100261,2023-01-12,Standing Desk,Furniture,North,Online,1,300.98,0.0,300.98
100260,2023-01-12,Mechanical Keyboard,Electronics,East,Online,1,55.3,0.2,55.3
100259,2023-01-12,Resistance Bands,Fitness,South,In-Store,2,14.7,0.0,29.4
100258,2023-01-12,Bluetooth Speaker,Electronics,West,Online,1,40.7,0.1,40.7
100257,2023-01-12,Yoga Mat,Fitness,East,Online,2,21.75,0.0,43.5
100256,2023-01-12,Yoga Mat,Fitness,Central,Online,1,21.75,0.0,21.75
100265,2023-01-12,Bookshelf,Furniture,South,Online,1,117.53,0.0,117.53
100254,2023-01-12,Running Shoes,Fitness,North,In-Store,1,59.83,0.2,59.83
100252,2023-01-12,Wireless Mouse,Electronics,East,Online,1,16.86,0.1,16.86
100253,2023-01-12,Fountain Pen,Stationery,North,In-Store,1,19.64,0.0,19.64
100241,2023-01-12,Standing Desk,Furniture,South,Online,1,285.31,0.0,285.31
100242,2023-01-12,Bookshelf,Furniture,North,Online,2,102.51,0.15,205.02
100243,2023-01-12,Fountain Pen,Stationery,North,In-Store,1,16.86,0.15,16.86
100245,2023-01-12,Notebook Set,Stationery,South,In-Store,1,8.77,0.0,8.77
100244,2023-01-12,Mechanical Keyboard,Electronics,East,In-Store,1,65.75,0.0,65.75
100247,2023-01-12,Planner,Stationery,North,In-Store,1,16.66,0.0,16.66
100248,2023-01-12,Desk Lamp,Furniture,Central,Online,1,22.44,0.1,22.44
100249,2023-01-12,Running Shoes,Fitness,West,Online,1,62.86,0.15,62.86
100250,2023-01-12,Running Shoes,Fitness,West,Online,2,62.86,0.15,125.72
100251,2023-01-12,Bluetooth Speaker,Electronics,North,In-Store,1,44.02,0.0,44.02
100246,2023-01-12,Office Chair,Furniture,West,Online,1,135.65,0.1,135.65
100285,2023-01-13,Yoga Mat,Fitness,South,Online,1,18.86,0.15,18.86
100282,2023-01-13,USB-C Hub,Electronics,North,Online,1,29.98,0.0,29.98
100283,2023-01-13,Mechanical Keyboard,Electronics,East,Online,1,69.32,0.0,69.32
100284,2023-01-13,Yoga Mat,Fitness,West,Online,1,18.86,0.15,18.86
100286,2023-01-13,Office Chair,Furniture,East,Online,1,146.7,0.0,146.7
100281,2023-01-13,Dumbbell Set,Fitness,Central,In-Store,1,82.99,0.0,82.99
100288,2023-01-13,Desk Lamp,Furniture,West,In-Store,1,25.04,0.0,25.04
100289,2023-01-13,USB-C Hub,Electronics,West,In-Store,1,28.78,0.0,28.78
100290,2023-01-13,Office Chair,Furniture,West,Online,1,145.62,0.0,145.62
100291,2023-01-13,Water Bottle,Fitness,South,Online,1,13.38,0.0,13.38
100292,2023-01-13,Water Bottle,Fitness,West,In-Store,1,13.38,0.0,13.38
100287,2023-01-13,Planner,Stationery,East,In-Store,1,15.42,0.0,15.42
100280,2023-01-13,Dumbbell Set,Fitness,West,In-Store,1,82.99,0.0,82.99
100276,2023-01-13,Fountain Pen,Stationery,East,Online,1,19.74,0.0,19.74
100278,2023-01-13,USB-C Hub,Electronics,West,In-Store,1,28.65,0.0,28.65
100279,2023-01-13,Noise-Cancel Headphones,Electronics,South,In-Store,1,127.74,0.0,127.74
100267,2023-01-13,Notebook Set,Stationery,East,In-Store,1,9.58,0.0,9.58
100268,2023-01-13,USB-C Hub,Electronics,North,Online,2,30.6,0.0,61.2
100270,2023-01-13,Bookshelf,Furniture,West,Online,1,108.38,0.1,108.38
100271,2023-01-13,USB-C Hub,Electronics,North,Online,1,29.66,0.0,29.66
100269,2023-01-13,Mechanical Keyboard,Electronics,East,Online,1,66.38,0.0,66.38
100273,2023-01-13,Bookshelf,Furniture,North,Online,2,122.6,0.0,245.2
100274,2023-01-13,Noise-Cancel Headphones,Electronics,North,In-Store,2,128.2,0.0,256.4
100275,2023-01-13,Notebook Set,Stationery,South,Online,4,8.84,0.0,35.36
100277,2023-01-13,Noise-Cancel Headphones,Electronics,South,Online,1,133.69,0.0,133.69
100272,2023-01-13,Bluetooth Speaker,Electronics,North,Online,1,44.15,0.0,44.15
100317,2023-01-14,Water Bottle,Fitness,South,Online,2,13.29,0.0,26.58
100312,2023-01-14,Fountain Pen,Stationery,South,Online,1,20.21,0.0,20.21
100313,2023-01-14,Notebook Set,Stationery,West,Online,4,7.51,0.15,30.04
100314,2023-01-14,Bluetooth Speaker,Electronics,West,In-Store,1,37.0,0.2,37.0
100315,2023-01-14,Fountain Pen,Stationery,Central,Online,1,19.42,0.0,19.42
100316,2023-01-14,Office Chair,Furniture,South,In-Store,1,147.62,0.0,147.62
100318,2023-01-14,Water Bottle,Fitness,Central,In-Store,3,13.34,0.0,40.02
100324,2023-01-14,Standing Desk,Furniture,North,In-Store,2,239.24,0.2,478.48
100320,2023-01-14,Bluetooth Speaker,Electronics,South,Online,1,37.37,0.2,37.37
100321,2023-01-14,Desk Lamp,Furniture,Central,Online,1,24.47,0.0,24.47
100322,2023-01-14,Office Chair,Furniture,Central,Online,1,139.08,0.0,139.08
100311,2023-01-14,Desk Lamp,Furniture,North,In-Store,2,20.03,0.2,40.06
100325,2023-01-14,Noise-Cancel Headphones,Electronics,Central,Online,1,139.18,0.0,139.18
100326,2023-01-14,Running Shoes,Fitness,West,Online,1,73.62,0.0,73.62
100319,2023-01-14,Bluetooth Speaker,Electronics,East,Online,2,47.45,0.0,94.9
100310,2023-01-14,Mechanical Keyboard,Electronics,East,Online,1,64.39,0.0,64.39
100323,2023-01-14,Office Chair,Furniture,Central,Online,3,153.97,0.0,461.91
100308,2023-01-14,USB-C Hub,Electronics,South,In-Store,1,29.64,0.0,29.64
100309,2023-01-14,Bookshelf,Furniture,South,In-Store,2,118.51,0.0,237.02
100293,2023-01-14,Water Bottle,Fitness,Central,Online,2,12.7,0.0,25.4
100294,2023-01-14,Fountain Pen,Stationery,Central,Online,2,19.48,0.0,38.96
100295,2023-01-14,Resistance Bands,Fitness,East,In-Store,1,14.66,0.0,14.66
100297,2023-01-14,Bookshelf,Furniture,East,In-Store,1,122.68,0.0,122.68
100298,2023-01-14,Resistance Bands,Fitness,North,Online,2,14.34,0.0,28.68
100299,2023-01-14,Resistance Bands,Fitness,East,Online,1,14.34,0.0,14.34
100296,2023-01-14,Resistance Bands,Fitness,Central,In-Store,2,14.66,0.0,29.32
100301,2023-01-14,Standing Desk,Furniture,East,Online,2,294.13,0.0,588.26
100302,2023-01-14,Dumbbell Set,Fitness,East,In-Store,1,89.51,0.0,89.51
100303,2023-01-14,USB-C Hub,Electronics,South,In-Store,4,30.91,0.0,123.64
100304,2023-01-14,Office Chair,Furniture,West,Online,1,153.41,0.0,153.41
100305,2023-01-14,Running Shoes,Fitness,West,Online,1,76.3,0.0,76.3
100306,2023-01-14,Bookshelf,Furniture,Central,Online,2,122.78,0.0,245.56
100307,2023-01-14,Noise-Cancel Headphones,Electronics,West,In-Store,1,134.37,0.0,134.37
100300,2023-01-14,Desk Lamp,Furniture,North,Online,1,22.76,0.1,22.76
100336,2023-01-15,Standing Desk,Furniture,North,Online,1,257.31,0.1,257.31
100343,2023-01-15,Office Chair,Furniture,South,Online,2,151.36,0.0,302.72
100342,2023-01-15,USB-C Hub,Electronics,West,Online,1,30.23,0.0,30.23
100341,2023-01-15,Wireless Mouse,Electronics,North,Online,1,17.6,0.1,17.6
100340,2023-01-15,Mechanical Keyboard,Electronics,North,Online,1,64.63,0.0,64.63
100339,2023-01-15,Fountain Pen,Stationery,North,In-Store,4,20.11,0.0,80.44
100337,2023-01-15,Wireless Mouse,Electronics,West,In-Store,1,19.73,0.0,19.73
100335,2023-01-15,Running Shoes,Fitness,East,Online,1,64.13,0.15,64.13
100338,2023-01-15,Noise-Cancel Headphones,Electronics,West,Online,1,114.41,0.1,114.41
100333,2023-01-15,Yoga Mat,Fitness,South,Online,1,21.51,0.0,21.51
100332,2023-01-15,Planner,Stationery,East,Online,1,13.57,0.15,13.57
100331,2023-01-15,Resistance Bands,Fitness,Central,Online,2,12.85,0.1,25.7
100330,2023-01-15,Planner,Stationery,West,Online,1,15.65,0.0,15.65
100329,2023-01-15,Dumbbell Set,Fitness,East,In-Store,1,89.4,0.0,89.4
100328,2023-01-15,Yoga Mat,Fitness,North,Online,2,21.28,0.0,42.56
100327,2023-01-15,Office Chair,Furniture,East,Online,1,157.32,0.0,157.32
100334,2023-01-15,Office Chair,Furniture,East,In-Store,1,141.75,0.0,141.75
100354,2023-01-16,Running Shoes,Fitness,North,In-Store,1,66.41,0.1,66.41
100355,2023-01-16,Resistance Bands,Fitness,East,Online,1,14.85,0.0,14.85
100356,2023-01-16,USB-C Hub,Electronics,Central,In-Store,1,30.58,0.0,30.58
100360,2023-01-16,Running Shoes,Fitness,South,Online,1,76.46,0.0,76.46
100358,2023-01-16,Planner,Stationery,East,In-Store,1,15.21,0.0,15.21
100359,2023-01-16,Fountain Pen,Stationery,North,Online,2,19.69,0.0,39.38
100361,2023-01-16,Running Shoes,Fitness,North,In-Store,1,81.04,0.0,81.04
100357,2023-01-16,Bookshelf,Furniture,East,Online,1,100.39,0.2,100.39
100353,2023-01-16,USB-C Hub,Electronics,North,In-Store,2,27.15,0.1,54.3
100351,2023-01-16,Yoga Mat,Fitness,North,Online,1,22.43,0.0,22.43
100350,2023-01-16,Notebook Set,Stationery,North,Online,1,9.06,0.0,9.06
100349,2023-01-16,Bookshelf,Furniture,West,Online,2,115.63,0.0,231.26
100348,2023-01-16,Bluetooth Speaker,Electronics,West,Online,2,44.69,0.0,89.38
100347,2023-01-16,Yoga Mat,Fitness,West,Online,2,22.2,0.0,44.4
100346,2023-01-16,USB-C Hub,Electronics,North,In-Store,1,29.55,0.0,29.55
100345,2023-01-16,Fountain Pen,Stationery,West,In-Store,1,19.44,0.0,19.44
100344,2023-01-16,Wireless Mouse,Electronics,West,In-Store,1,18.77,0.0,18.77
100352,2023-01-16,Planner,Stationery,Central,Online,1,16.15,0.0,16.15
100379,2023-01-17,Yoga Mat,Fitness,South,Online,2,21.57,0.0,43.14
100376,2023-01-17,Running Shoes,Fitness,North,Online,2,67.65,0.1,135.3
100377,2023-01-17,Yoga Mat,Fitness,South,Online,1,21.25,0.0,21.25
100378,2023-01-17,Desk Lamp,Furniture,West,Online,1,21.31,0.15,21.31
100380,2023-01-17,Standing Desk,Furniture,Central,In-Store,2,284.37,0.1,568.74
100375,2023-01-17,Running Shoes,Fitness,East,Online,1,67.65,0.1,67.65
100382,2023-01-17,Noise-Cancel Headphones,Electronics,North,Online,2,128.64,0.0,257.28
100383,2023-01-17,USB-C Hub,Electronics,West,Online,1,29.85,0.0,29.85
100384,2023-01-17,Mechanical Keyboard,Electronics,East,Online,2,63.6,0.0,127.2
100385,2023-01-17,Planner,Stationery,Central,Online,1,15.76,0.0,15.76
100381,2023-01-17,Resistance Bands,Fitness,East,Online,2,14.47,0.0,28.94
100374,2023-01-17,Notebook Set,Stationery,South,In-Store,1,8.95,0.0,8.95
100366,2023-01-17,Planner,Stationery,North,Online,1,15.25,0.0,15.25
100372,2023-01-17,Noise-Cancel Headphones,Electronics,North,Online,1,128.11,0.0,128.11
100371,2023-01-17,Resistance Bands,Fitness,West,Online,1,14.22,0.0,14.22
100370,2023-01-17,Bookshelf,Furniture,South,Online,4,118.55,0.0,474.2
100369,2023-01-17,Running Shoes,Fitness,North,Online,2,70.95,0.0,141.9
100368,2023-01-17,Running Shoes,Fitness,East,Online,1,70.95,0.0,70.95
100367,2023-01-17,Office Chair,Furniture,North,Online,2,148.6,0.0,297.2
100373,2023-01-17,Mechanical Keyboard,Electronics,West,Online,1,58.75,0.1,58.75
100365,2023-01-17,Resistance Bands,Fitness,East,Online,1,13.41,0.0,13.41
100364,2023-01-17,Running Shoes,Fitness,West,Online,2,73.47,0.0,146.94
100363,2023-01-17,Running Shoes,Fitness,North,Online,1,73.47,0.0,73.47
100362,2023-01-17,Dumbbell Set,Fitness,South,Online,1,73.56,0.2,73.56
100393,2023-01-18,Mechanical Keyboard,Electronics,Central,In-Store,1,65.31,0.0,65.31
100392,2023-01-18,Standing Desk,Furniture,Central,Online,2,288.82,0.0,577.64
100391,2023-01-18,Desk Lamp,Furniture,South,Online,1,24.48,0.0,24.48
100390,2023-01-18,Planner,Stationery,South,In-Store,1,14.17,0.1,14.17
100388,2023-01-18,Noise-Cancel Headphones,Electronics,North,Online,1,130.48,0.0,130.48
100387,2023-01-18,Water Bottle,Fitness,South,Online,1,12.98,0.0,12.98
100386,2023-01-18,Water Bottle,Fitness,North,Online,1,12.98,0.0,12.98
100389,2023-01-18,Planner,Stationery,East,Online,1,15.98,0.0,15.98
100405,2023-01-19,Running Shoes,Fitness,East,Online,2,66.77,0.1,133.54
100412,2023-01-19,Bookshelf,Furniture,East,Online,1,117.23,0.0,117.23
100411,2023-01-19,Planner,Stationery,East,In-Store,2,13.86,0.1,27.72
100410,2023-01-19,Dumbbell Set,Fitness,East,Online,1,73.36,0.2,73.36
100409,2023-01-19,Mechanical Keyboard,Electronics,Central,Online,1,58.64,0.1,58.64
100408,2023-01-19,Mechanical Keyboard,Electronics,South,Online,2,64.64,0.0,129.28
100407,2023-01-19,Desk Lamp,Furniture,South,Online,3,23.6,0.0,70.8
100406,2023-01-19,Bookshelf,Furniture,East,In-Store,1,121.68,0.0,121.68
100404,2023-01-19,Resistance Bands,Fitness,North,Online,4,14.45,0.0,57.8
100398,2023-01-19,Bluetooth Speaker,Electronics,East,Online,1,46.37,0.0,46.37
100402,2023-01-19,Office Chair,Furniture,West,Online,2,160.07,0.0,320.14
100401,2023-01-19,Noise-Cancel Headphones,Electronics,Central,Online,1,129.19,0.0,129.19
100400,2023-01-19,Notebook Set,Stationery,North,In-Store,1,8.37,0.1,8.37
100399,2023-01-19,Planner,Stationery,South,In-Store,2,12.51,0.2,25.02
100397,2023-01-19,Fountain Pen,Stationery,East,Online,1,19.75,0.0,19.75
100396,2023-01-19,Office Chair,Furniture,North,In-Store,1,150.72,0.0,150.72
100395,2023-01-19,Mechanical Keyboard,Electronics,Central,Online,2,64.82,0.0,129.64
100394,2023-01-19,Noise-Cancel Headphones,Electronics,Central,Online,2,130.32,0.0,260.64
100403,2023-01-19,USB-C Hub,Electronics,North,In-Store,1,25.84,0.15,25.84
100425,2023-01-20,Resistance Bands,Fitness,South,In-Store,1,14.75,0.0,14.75
100426,2023-01-20,Resistance Bands,Fitness,North,In-Store,2,14.75,0.0,29.5
100427,2023-01-20,USB-C Hub,Electronics,North,In-Store,1,30.45,0.0,30.45
100428,2023-01-20,Desk Lamp,Furniture,North,Online,1,25.43,0.0,25.43
100432,2023-01-20,Water Bottle,Fitness,north,Online,2,12.9,0.0,25.8
100430,2023-01-20,Yoga Mat,Fitness,South,Online,2,22.79,0.0,45.58
100431,2023-01-20,Yoga Mat,Fitness,West,Online,1,22.79,0.0,22.79
100424,2023-01-20,Office Chair,Furniture,North,Online,2,155.16,0.0,310.32
100429,2023-01-20,Water Bottle,Fitness,South,In-Store,1,10.76,0.15,10.76
100423,2023-01-20,Noise-Cancel Headphones,Electronics,North,In-Store,2,119.2,0.1,238.4
100420,2023-01-20,Running Shoes,Fitness,West,Online,1,74.18,0.0,74.18
100421,2023-01-20,Running Shoes,Fitness,West,In-Store,2,74.18,0.0,148.36
100413,2023-01-20,Mechanical Keyboard,Electronics,North,In-Store,1,62.97,0.0,62.97
100414,2023-01-20,Notebook Set,Stationery,East,In-Store,1,9.14,0.0,9.14
100415,2023-01-20,Resistance Bands,Fitness,West,Online,1,14.23,0.0,14.23
100416,2023-01-20,Resistance Bands,Fitness,North,Online,1,14.23,0.0,14.23
100422,2023-01-20,Notebook Set,Stationery,Central,Online,1,9.33,0.0,9.33
100418,2023-01-20,Standing Desk,Furniture,North,Online,1,301.73,0.0,301.73
100419,2023-01-20,Water Bottle,Fitness,South,Online,1,13.2,0.0,13.2
100417,2023-01-20,Mechanical Keyboard,Electronics,Central,Online,1,65.5,0.0,65.5
100455,2023-01-21,Bookshelf,Furniture,South,Online,1,97.76,0.2,97.76
100445,2023-01-21,Bluetooth Speaker,Electronics,West,In-Store,3,36.6,0.2,109.8
100453,2023-01-21,Water Bottle,Fitness,East,In-Store,2,12.99,0.0,25.98
100452,2023-01-21,Resistance Bands,Fitness,East,In-Store,1,14.41,0.0,14.41
100451,2023-01-21,Resistance Bands,Fitness,North,Online,2,14.41,0.0,28.82
100450,2023-01-21,Noise-Cancel Headphones,Electronics,East,Online,1,132.4,0.0,132.4
100449,2023-01-21,Dumbbell Set,Fitness,West,In-Store,2,69.31,0.2,138.62
100448,2023-01-21,Office Chair,Furniture,South,In-Store,1,149.61,0.0,149.61
100447,2023-01-21,Bluetooth Speaker,Electronics,South,In-Store,2,43.64,0.0,87.28
100446,2023-01-21,Standing Desk,Furniture,East,In-Store,1,318.21,0.0,318.21
100454,2023-01-21,Water Bottle,Fitness,East,Online,2,12.99,0.0,25.98
100444,2023-01-21,Wireless Mouse,Electronics,West,Online,1,19.0,0.0,19.0
100442,2023-01-21,Bookshelf,Furniture,East,Online,1,123.02,0.0,123.02
100441,2023-01-21,Wireless Mouse,Electronics,South,Online,3,19.62,0.0,58.86
100440,2023-01-21,Notebook Set,Stationery,East,Online,1,7.9,0.15,7.9
100439,2023-01-21,Office Chair,Furniture,Central,Online,1,145.76,0.0,145.76
100438,2023-01-21,Standing Desk,Furniture,East,In-Store,1,231.8,0.2,231.8
100437,2023-01-21,Office Chair,Furniture,South,Online,3,149.8,0.0,449.4
100436,2023-01-21,Desk Lamp,Furniture,Central,In-Store,2,20.8,0.15,41.6
100435,2023-01-21,Bluetooth Speaker,Electronics,Central,Online,2,45.75,0.0,91.5
100434,2023-01-21,Notebook Set,Stationery,South,Online,1,9.33,0.0,9.33
100433,2023-01-21,Standing Desk,Furniture,West,In-Store,1,301.72,0.0,301.72
100443,2023-01-21,USB-C Hub,Electronics,North,Online,1,29.43,0.0,29.43
100469,2023-01-22,Mechanical Keyboard,Electronics,South,Online,2,66.1,0.0,132.2
100470,2023-01-22,Notebook Set,Stationery,North,Online,2,9.02,0.0,18.04
100471,2023-01-22,Bluetooth Speaker,Electronics,North,In-Store,3,43.85,0.0,131.55
100472,2023-01-22,Notebook Set,Stationery,Central,Online,1,8.94,0.0,8.94
100468,2023-01-22,Dumbbell Set,Fitness,South,In-Store,2,91.24,0.0,182.48
100474,2023-01-22,Notebook Set,Stationery,South,Online,1,8.66,0.0,8.66
100475,2023-01-22,Bluetooth Speaker,Electronics,West,Online,2,44.53,0.0,89.06
100476,2023-01-22,Wireless Mouse,Electronics,South,In-Store,3,19.81,0.0,59.43
100473,2023-01-22,Running Shoes,Fitness,Central,In-Store,1,57.65,0.2,57.65
100467,2023-01-22,Dumbbell Set,Fitness,East,Online,1,91.24,0.0,91.24
100465,2023-01-22,Yoga Mat,Fitness,South,In-Store,2,21.28,0.0,42.56
100466,2023-01-22,Noise-Cancel Headphones,Electronics,Central,In-Store,2,128.18,0.0,256.36
100464,2023-01-22,Yoga Mat,Fitness,North,In-Store,1,21.28,0.0,21.28
100463,2023-01-22,Desk Lamp,Furniture,West,Online,1,25.55,0.0,25.55
100462,2023-01-22,Resistance Bands,Fitness,West,Online,1,14.89,0.0,14.89
100461,2023-01-22,Bluetooth Speaker,Electronics,East,Online,1,39.69,0.1,39.69
100460,2023-01-22,Desk Lamp,Furniture,North,Online,1,22.12,0.1,22.12
100459,2023-01-22,Noise-Cancel Headphones,Electronics,East,Online,1,130.67,0.0,130.67
100458,2023-01-22,USB-C Hub,Electronics,Central,In-Store,1,29.83,0.0,29.83
100457,2023-01-22,Mechanical Keyboard,Electronics,South,In-Store,1,65.05,0.0,65.05
100456,2023-01-22,Wireless Mouse,Electronics,North,Online,1,18.12,0.0,18.12
100492,2023-01-23,Bluetooth Speaker,Electronics,North,In-Store,1,45.32,0.0,45.32
100493,2023-01-23,Bluetooth Speaker,Electronics,South,Online,2,44.13,0.0,88.26
100494,2023-01-23,Bluetooth Speaker,Electronics,West,Online,3,46.46,0.0,139.38
100495,2023-01-23,Yoga Mat,Fitness,North,Online,3,22.04,0.0,66.12
100496,2023-01-23,Yoga Mat,Fitness,East,Online,1,22.04,0.0,22.04
100501,2023-01-23,Desk Lamp,Furniture,Central,Online,2,25.24,0.0,50.48
100498,2023-01-23,Running Shoes,Fitness,North,Online,1,73.88,0.0,73.88
100499,2023-01-23,Notebook Set,Stationery,East,Online,1,8.73,0.0,8.73
100500,2023-01-23,Fountain Pen,Stationery,South,Online,1,16.98,0.1,16.98
100491,2023-01-23,Notebook Set,Stationery,West,Online,1,9.35,0.0,9.35
100502,2023-01-23,Bookshelf,Furniture,East,Online,1,94.38,0.15,94.38
100497,2023-01-23,Notebook Set,Stationery,East,Online,1,9.44,0.0,9.44
100490,2023-01-23,Running Shoes,Fitness,South,Online,1,78.75,0.0,78.75
100489,2023-01-23,Water Bottle,Fitness,East,Online,1,13.65,0.0,13.65
100488,2023-01-23,Running Shoes,Fitness,North,In-Store,1,73.54,0.0,73.54
100477,2023-01-23,Planner,Stationery,North,In-Store,1,15.14,0.0,15.14
100479,2023-01-23,Bluetooth Speaker,Electronics,North,Online,1,46.82,0.0,46.82
100480,2023-01-23,USB-C Hub,Electronics,East,Online,2,23.59,0.2,47.18
100481,2023-01-23,Resistance Bands,Fitness,South,In-Store,1,13.73,0.0,13.73
100482,2023-01-23,Resistance Bands,Fitness,North,In-Store,1,13.73,0.0,13.73
100478,2023-01-23,USB-C Hub,Electronics,Central,In-Store,3,29.4,0.0,88.2
100484,2023-01-23,Mechanical Keyboard,Electronics,West,Online,1,65.31,0.0,65.31
100485,2023-01-23,Water Bottle,Fitness,East,In-Store,2,12.97,0.0,25.94
100486,2023-01-23,Water Bottle,Fitness,South,Online,1,12.97,0.0,12.97
100487,2023-01-23,Running Shoes,Fitness,South,Online,2,73.54,0.0,147.08
100483,2023-01-23,Wireless Mouse,Electronics,West,Online,1,19.22,0.0,19.22
100512,2023-01-24,Dumbbell Set,Fitness,Central,In-Store,1,82.01,0.1,82.01
100519,2023-01-24,Notebook Set,Stationery,West,Online,2,7.95,0.1,15.9
100518,2023-01-24,Dumbbell Set,Fitness,Central,Online,1,86.27,0.0,86.27
100517,2023-01-24,Water Bottle,Fitness,South,Online,1,13.37,0.0,13.37
100516,2023-01-24,Water Bottle,Fitness,East,Online,2,13.37,0.0,26.74
100515,2023-01-24,Mechanical Keyboard,Electronics,South,Online,1,63.67,0.0,63.67
100514,2023-01-24,Running Shoes,Fitness,Central,Online,1,76.9,0.0,76.9
100513,2023-01-24,Running Shoes,Fitness,North,In-Store,1,76.9,0.0,76.9
100511,2023-01-24,Wireless Mouse,Electronics,North,In-Store,1,16.3,0.15,16.3
100508,2023-01-24,Yoga Mat,Fitness,Central,Online,2,20.12,0.1,40.24
100509,2023-01-24,Water Bottle,Fitness,South,In-Store,1,12.59,0.0,12.59
100507,2023-01-24,Yoga Mat,Fitness,West,In-Store,1,20.12,0.1,20.12
100506,2023-01-24,Notebook Set,Stationery,north,Online,1,8.64,0.0,8.64
100505,2023-01-24,Office Chair,Furniture,East,Online,1,151.77,0.0,151.77
100504,2023-01-24,Resistance Bands,Fitness,Central,Online,1,15.13,0.0,15.13
100503,2023-01-24,Noise-Cancel Headphones,Electronics,South,In-Store,1,129.09,0.0,129.09
100510,2023-01-24,Bookshelf,Furniture,East,In-Store,2,119.54,0.0,239.08
100534,2023-01-25,Planner,Stationery,Central,Online,1,15.38,0.0,15.38
100535,2023-01-25,Water Bottle,Fitness,West,Online,1,13.77,0.0,13.77
100536,2023-01-25,Resistance Bands,Fitness,East,Online,1,14.91,0.0,14.91
100537,2023-01-25,Planner,Stationery,South,In-Store,1,16.4,0.0,16.4
100538,2023-01-25,Wireless Mouse,Electronics,West,In-Store,1,18.91,0.0,18.91
100542,2023-01-25,Resistance Bands,Fitness,East,Online,2,14.36,0.0,28.72
100540,2023-01-25,Water Bottle,Fitness,West,In-Store,1,12.14,0.1,12.14
100541,2023-01-25,Resistance Bands,Fitness,North,In-Store,1,14.36,0.0,14.36
100543,2023-01-25,Dumbbell Set,Fitness,Central,Online,4,82.19,0.1,328.76
100544,2023-01-25,Yoga Mat,Fitness,Central,Online,1,20.25,0.1,20.25
100545,2023-01-25,Yoga Mat,Fitness,Central,Online,2,20.25,0.1,40.5
100539,2023-01-25,Water Bottle,Fitness,West,In-Store,1,12.14,0.1,12.14
100533,2023-01-25,Standing Desk,Furniture,North,In-Store,2,289.82,0.0,579.64
100531,2023-01-25,Mechanical Keyboard,Electronics,North,In-Store,2,64.2,0.0,128.4
100530,2023-01-25,Office Chair,Furniture,South,In-Store,2,139.49,0.1,278.98
100529,2023-01-25,Water Bottle,Fitness,West,Online,2,13.07,0.0,26.14
100528,2023-01-25,Water Bottle,Fitness,South,Online,1,13.07,0.0,13.07
100527,2023-01-25,Notebook Set,Stationery,West,Online,1,8.83,0.0,8.83
100526,2023-01-25,Resistance Bands,Fitness,North,Online,1,14.52,0.0,14.52
100525,2023-01-25,Running Shoes,Fitness,East,Online,1,77.99,0.0,77.99
100524,2023-01-25,Running Shoes,Fitness,West,In-Store,1,68.14,0.1,68.14
100523,2023-01-25,Dumbbell Set,Fitness,South,Online,1,92.76,0.0,92.76
100522,2023-01-25,Dumbbell Set,Fitness,South,In-Store,2,92.76,0.0,185.52
100521,2023-01-25,Dumbbell Set,Fitness,North,Online,1,92.49,0.0,92.49
100520,2023-01-25,Mechanical Keyboard,Electronics,North,Online,1,65.63,0.0,65.63
100532,2023-01-25,Noise-Cancel Headphones,Electronics,North,Online,1,135.21,0.0,135.21
100561,2023-01-26,Bookshelf,Furniture,North,Online,1,103.04,0.15,103.04
100560,2023-01-26,Planner,Stationery,East,In-Store,1,12.87,0.2,12.87
100568,2023-01-26,Office Chair,Furniture,North,Online,1,133.45,0.1,133.45
100562,2023-01-26,Dumbbell Set,Fitness,East,Online,1,90.82,0.0,90.82
100559,2023-01-26,Fountain Pen,Stationery,North,Online,1,20.14,0.0,20.14
100564,2023-01-26,Noise-Cancel Headphones,Electronics,West,Online,2,129.75,0.0,259.5
100565,2023-01-26,Resistance Bands,Fitness,West,Online,1,14.71,0.0,14.71
100566,2023-01-26,Resistance Bands,Fitness,Central,Online,1,14.71,0.0,14.71
100567,2023-01-26,Bluetooth Speaker,Electronics,North,Online,1,46.7,0.0,46.7
100563,2023-01-26,Dumbbell Set,Fitness,West,Online,2,90.82,0.0,181.64
100558,2023-01-26,Fountain Pen,Stationery,East,In-Store,1,19.9,0.0,19.9
100553,2023-01-26,Water Bottle,Fitness,North,Online,1,13.28,0.0,13.28
100556,2023-01-26,Desk Lamp,Furniture,South,In-Store,1,24.64,0.0,24.64
100557,2023-01-26,Office Chair,Furniture,South,Online,1,147.89,0.0,147.89
100547,2023-01-26,Planner,Stationery,Central,Online,2,16.5,0.0,33.0
100548,2023-01-26,Bluetooth Speaker,Electronics,East,In-Store,4,48.26,0.0,193.04
100549,2023-01-26,Office Chair,Furniture,South,Online,1,154.74,0.0,154.74
100546,2023-01-26,Fountain Pen,Stationery,North,In-Store,1,20.36,0.0,20.36
100551,2023-01-26,Yoga Mat,Fitness,West,Online,1,21.96,0.0,21.96
100552,2023-01-26,Standing Desk,Furniture,West,In-Store,1,294.11,0.0,294.11
100554,2023-01-26,Planner,Stationery,North,In-Store,2,16.28,0.0,32.56
100555,2023-01-26,Office Chair,Furniture,East,In-Store,1,134.78,0.15,134.78
100550,2023-01-26,Noise-Cancel Headphones,Electronics,West,In-Store,4,104.61,0.2,418.44
100579,2023-01-27,Standing Desk,Furniture,West,Online,1,303.6,0.0,303.6
100586,2023-01-27,Fountain Pen,Stationery,East,Online,1,18.22,0.15,18.22
100585,2023-01-27,Dumbbell Set,Fitness,West,Online,3,91.23,0.0,273.69
100584,2023-01-27,Noise-Cancel Headphones,Electronics,South,Online,1,127.62,0.0,127.62
100583,2023-01-27,Bookshelf,Furniture,West,Online,1,101.19,0.15,101.19
100581,2023-01-27,Dumbbell Set,Fitness,West,In-Store,1,91.25,0.0,91.25
100580,2023-01-27,Dumbbell Set,Fitness,East,Online,1,91.25,0.0,91.25
100578,2023-01-27,Resistance Bands,Fitness,South,In-Store,1,14.31,0.0,14.31
100582,2023-01-27,Bluetooth Speaker,Electronics,Central,Online,1,44.52,0.0,44.52
100576,2023-01-27,Dumbbell Set,Fitness,South,Online,3,94.38,0.0,283.14
100575,2023-01-27,Planner,Stationery,West,Online,1,16.9,0.0,16.9
100574,2023-01-27,Bluetooth Speaker,Electronics,Central,In-Store,1,46.91,0.0,46.91
100573,2023-01-27,Standing Desk,Furniture,South,Online,1,266.55,0.1,266.55
100572,2023-01-27,Running Shoes,Fitness,East,Online,3,76.8,0.0,230.4
100571,2023-01-27,Standing Desk,Furniture,Central,In-Store,2,296.26,0.0,592.52
100570,2023-01-27,Water Bottle,Fitness,North,Online,1,12.95,0.0,12.95
100569,2023-01-27,USB-C Hub,Electronics,Central,Online,1,30.09,0.0,30.09
100577,2023-01-27,USB-C Hub,Electronics,Central,In-Store,1,30.39,0.0,30.39
100598,2023-01-28,Standing Desk,Furniture,East,In-Store,1,298.28,0.0,298.28
100597,2023-01-28,Fountain Pen,Stationery,North,Online,2,20.37,0.0,40.74
100596,2023-01-28,USB-C Hub,Electronics,Central,Online,1,30.92,0.0,30.92
100595,2023-01-28,Planner,Stationery,Central,Online,1,16.47,0.0,16.47
100594,2023-01-28,Mechanical Keyboard,Electronics,East,Online,1,65.41,0.0,65.41
100593,2023-01-28,Mechanical Keyboard,Electronics,West,Online,1,64.76,0.0,64.76
100592,2023-01-28,Yoga Mat,Fitness,East,Online,1,19.91,0.1,19.91
100590,2023-01-28,Planner,Stationery,Central,Online,1,14.88,0.1,14.88
100589,2023-01-28,Wireless Mouse,Electronics,North,Online,1,19.18,0.0,19.18
100588,2023-01-28,Office Chair,Furniture,South,Online,1,147.43,0.0,147.43
100587,2023-01-28,Wireless Mouse,Electronics,Central,In-Store,2,16.25,0.15,32.5
100591,2023-01-28,Yoga Mat,Fitness,East,In-Store,1,19.91,0.1,19.91
100608,2023-01-29,Office Chair,Furniture,North,Online,1,148.99,0.0,148.99
100614,2023-01-29,USB-C Hub,Electronics,North,Online,1,29.02,0.0,29.02
100613,2023-01-29,Bookshelf,Furniture,West,Online,1,120.82,0.0,120.82
100612,2023-01-29,Desk Lamp,Furniture,East,In-Store,1,24.74,0.0,24.74
100611,2023-01-29,Notebook Set,Stationery,West,Online,2,8.41,0.0,16.82
100610,2023-01-29,Resistance Bands,Fitness,North,In-Store,4,14.83,0.0,59.32
100609,2023-01-29,Running Shoes,Fitness,North,Online,1,73.42,0.0,73.42
100607,2023-01-29,Desk Lamp,Furniture,West,Online,1,25.23,0.0,25.23
100604,2023-01-29,Noise-Cancel Headphones,Electronics,North,Online,1,130.49,0.0,130.49
100605,2023-01-29,USB-C Hub,Electronics,South,Online,1,30.65,0.0,30.65
100603,2023-01-29,Wireless Mouse,Electronics,West,In-Store,1,19.17,0.0,19.17
100602,2023-01-29,Mechanical Keyboard,Electronics,South,In-Store,1,63.61,0.0,63.61
100601,2023-01-29,Mechanical Keyboard,Electronics,South,Online,2,67.47,0.0,134.94
100600,2023-01-29,Planner,Stationery,West,Online,1,16.4,0.0,16.4
100599,2023-01-29,Water Bottle,Fitness,South,Online,2,12.48,0.0,24.96
100606,2023-01-29,Office Chair,Furniture,East,Online,2,151.29,0.0,302.58
100630,2023-01-30,Water Bottle,Fitness,North,In-Store,1,12.71,0.0,12.71
100628,2023-01-30,Standing Desk,Furniture,North,In-Store,1,291.27,0.0,291.27
100627,2023-01-30,Yoga Mat,Fitness,East,In-Store,1,21.8,0.0,21.8
100626,2023-01-30,Bluetooth Speaker,Electronics,North,In-Store,1,46.54,0.0,46.54
100625,2023-01-30,Running Shoes,Fitness,South,Online,1,70.9,0.0,70.9
100624,2023-01-30,Bluetooth Speaker,Electronics,South,Online,2,45.87,0.0,91.74
100623,2023-01-30,Dumbbell Set,Fitness,East,In-Store,2,80.27,0.1,160.54
100629,2023-01-30,Water Bottle,Fitness,South,Online,1,12.71,0.0,12.71
100621,2023-01-30,Resistance Bands,Fitness,Central,In-Store,1,12.46,0.15,12.46
100620,2023-01-30,Desk Lamp,Furniture,West,Online,1,24.69,0.0,24.69
100619,2023-01-30,Noise-Cancel Headphones,Electronics,West,Online,1,125.3,0.0,125.3
100618,2023-01-30,Wireless Mouse,Electronics,East,Online,1,19.23,0.0,19.23
100617,2023-01-30,USB-C Hub,Electronics,South,Online,1,30.35,0.0,30.35
100616,2023-01-30,Office Chair,Furniture,West,Online,1,150.76,0.0,150.76
100615,2023-01-30,Bluetooth Speaker,Electronics,North,Online,1,45.03,0.0,45.03
100622,2023-01-30,USB-C Hub,Electronics,North,In-Store,1,29.76,0.0,29.76
100643,2023-01-31,Yoga Mat,Fitness,South,Online,1,21.35,0.0,21.35
100642,2023-01-31,Yoga Mat,Fitness,West,Online,1,21.35,0.0,21.35
100641,2023-01-31,Desk Lamp,Furniture,West,Online,1,23.11,0.1,23.11
100640,2023-01-31,Desk Lamp,Furniture,West,Online,2,25.59,0.0,51.18
100639,2023-01-31,Notebook Set,Stationery,North,In-Store,2,8.8,0.0,17.6
100638,2023-01-31,Office Chair,Furniture,Central,Online,2,132.13,0.1,264.26
100636,2023-01-31,Standing Desk,Furniture,East,Online,1,298.91,0.0,298.91
100635,2023-01-31,Fountain Pen,Stationery,South,Online,1,19.78,0.0,19.78
100634,2023-01-31,Dumbbell Set,Fitness,North,Online,2,77.62,0.15,155.24
100633,2023-01-31,Dumbbell Set,Fitness,South,Online,1,77.62,0.15,77.62
100632,2023-01-31,Running Shoes,Fitness,Central,In-Store,1,72.68,0.0,72.68
100631,2023-01-31,Running Shoes,Fitness,South,Online,1,72.68,0.0,72.68
100637,2023-01-31,Resistance Bands,Fitness,East,Online,2,14.51,0.0,29.02
100653,2023-02-01,Running Shoes,Fitness,West,Online,1,74.22,0.0,74.22
100658,2023-02-01,Dumbbell Set,Fitness,North,Online,1,86.6,0.0,86.6
100657,2023-02-01,Bluetooth Speaker,Electronics,North,In-Store,1,37.5,0.2,37.5
100656,2023-02-01,Mechanical Keyboard,Electronics,West,In-Store,2,64.91,0.0,129.82
100655,2023-02-01,Fountain Pen,Stationery,East,Online,1,20.46,0.0,20.46
100654,2023-02-01,Running Shoes,Fitness,South,Online,1,74.22,0.0,74.22
100652,2023-02-01,Water Bottle,Fitness,East,In-Store,2,12.6,0.0,25.2
100644,2023-02-01,Running Shoes,Fitness,South,In-Store,1,74.44,0.0,74.44
100650,2023-02-01,Notebook Set,Stationery,Central,Online,2,9.17,0.0,18.34
100649,2023-02-01,Dumbbell Set,Fitness,West,Online,3,87.42,0.0,262.26
100648,2023-02-01,Mechanical Keyboard,Electronics,East,In-Store,1,69.11,0.0,69.11
100647,2023-02-01,Bluetooth Speaker,Electronics,West,Online,3,48.34,0.0,145.02
100646,2023-02-01,Running Shoes,Fitness,North,Online,2,76.04,0.0,152.08
100645,2023-02-01,Running Shoes,Fitness,North,In-Store,1,76.04,0.0,76.04
100651,2023-02-01,Office Chair,Furniture,Central,Online,3,146.73,0.0,440.19
100671,2023-02-02,Dumbbell Set,Fitness,North,Online,2,94.74,0.0,189.48
100672,2023-02-02,Notebook Set,Stationery,North,Online,1,8.09,0.1,8.09
100673,2023-02-02,Water Bottle,Fitness,West,In-Store,1,12.61,0.0,12.61
100674,2023-02-02,Standing Desk,Furniture,North,Online,1,290.46,0.0,290.46
100678,2023-02-02,Bookshelf,Furniture,Central,In-Store,2,101.54,0.15,203.08
100677,2023-02-02,Dumbbell Set,Fitness,East,Online,1,86.3,0.0,86.3
100670,2023-02-02,USB-C Hub,Electronics,East,Online,1,29.96,0.0,29.96
100679,2023-02-02,Bluetooth Speaker,Electronics,Central,Online,1,45.11,0.0,45.11
100676,2023-02-02,Wireless Mouse,Electronics,North,In-Store,3,18.98,0.0,56.94
100669,2023-02-02,Notebook Set,Stationery,West,Online,1,9.3,0.0,9.3
100675,2023-02-02,Office Chair,Furniture,South,Online,1,158.86,0.0,158.86
100667,2023-02-02,Resistance Bands,Fitness,Central,Online,1,14.23,0.0,14.23
100666,2023-02-02,Yoga Mat,Fitness,West,In-Store,2,22.09,0.0,44.18
100665,2023-02-02,Bookshelf,Furniture,East,Online,1,105.57,0.15,105.57
100664,2023-02-02,Notebook Set,Stationery,South,Online,2,9.07,0.0,18.14
100663,2023-02-02,Notebook Set,Stationery,West,In-Store,1,8.78,0.0,8.78
100662,2023-02-02,Fountain Pen,Stationery,North,Online,2,18.77,0.1,37.54
100661,2023-02-02,Fountain Pen,Stationery,North,In-Store,1,20.7,0.0,20.7
100660,2023-02-02,Bluetooth Speaker,Electronics,South,In-Store,1,42.96,0.0,42.96
100659,2023-02-02,Yoga Mat,Fitness,Central,In-Store,2,22.15,0.0,44.3
100668,2023-02-02,Fountain Pen,Stationery,West,Online,4,19.82,0.0,79.28
100689,2023-02-03,Fountain Pen,Stationery,North,Online,1,18.5,0.1,18.5
100688,2023-02-03,Fountain Pen,Stationery,East,Online,1,19.8,0.0,19.8
100687,2023-02-03,Office Chair,Furniture,South,Online,1,126.49,0.15,126.49
100686,2023-02-03,Office Chair,Furniture,South,Online,1,146.53,0.0,146.53
100685,2023-02-03,Wireless Mouse,Electronics,North,In-Store,1,18.31,0.0,18.31
100684,2023-02-03,Planner,Stationery,East,Online,3,15.95,0.0,47.85
100682,2023-02-03,Yoga Mat,Fitness,East,In-Store,1,21.55,0.0,21.55
100681,2023-02-03,Bookshelf,Furniture,North,In-Store,1,112.56,0.0,112.56
100680,2023-02-03,Notebook Set,Stationery,East,Online,1,8.48,0.1,8.48
100683,2023-02-03,Yoga Mat,Fitness,North,In-Store,1,21.55,0.0,21.55
100701,2023-02-04,USB-C Hub,Electronics,East,In-Store,1,28.36,0.1,28.36
100708,2023-02-04,Noise-Cancel Headphones,Electronics,West,In-Store,1,131.9,0.0,131.9
100709,2023-02-04,Desk Lamp,Furniture,Central,Online,1,24.32,0.0,24.32
100707,2023-02-04,Mechanical Keyboard,Electronics,North,Online,1,52.07,0.2,52.07
100706,2023-02-04,Notebook Set,Stationery,East,Online,1,8.85,0.0,8.85
100705,2023-02-04,Notebook Set,Stationery,North,Online,2,8.92,0.0,17.84
100704,2023-02-04,Bookshelf,Furniture,South,In-Store,1,128.11,0.0,128.11
100703,2023-02-04,Wireless Mouse,Electronics,Central,In-Store,1,18.33,0.0,18.33
100702,2023-02-04,Dumbbell Set,Fitness,North,Online,1,95.11,0.0,95.11
100700,2023-02-04,USB-C Hub,Electronics,North,Online,1,27.65,0.1,27.65
100691,2023-02-04,Noise-Cancel Headphones,Electronics,North,In-Store,1,111.31,0.1,111.31
100698,2023-02-04,Water Bottle,Fitness,East,Online,1,11.24,0.1,11.24
100697,2023-02-04,Dumbbell Set,Fitness,North,Online,1,91.54,0.0,91.54
100696,2023-02-04,Yoga Mat,Fitness,North,Online,1,22.7,0.0,22.7
100695,2023-02-04,Office Chair,Furniture,East,In-Store,2,142.0,0.0,284.0
100694,2023-02-04,Standing Desk,Furniture,West,Online,2,251.91,0.15,503.82
100693,2023-02-04,Dumbbell Set,Fitness,East,Online,1,88.17,0.0,88.17
100692,2023-02-04,Dumbbell Set,Fitness,West,Online,4,88.17,0.0,352.68
100690,2023-02-04,Dumbbell Set,Fitness,West,Online,1,87.34,0.0,87.34
100699,2023-02-04,Notebook Set,Stationery,South,In-Store,1,8.76,0.0,8.76
100723,2023-02-05,Fountain Pen,Stationery,East,Online,1,19.5,0.0,19.5
100722,2023-02-05,Fountain Pen,Stationery,South,Online,1,19.4,0.0,19.4
100721,2023-02-05,Desk Lamp,Furniture,East,In-Store,1,25.16,0.0,25.16
100720,2023-02-05,Planner,Stationery,South,In-Store,1,16.05,0.0,16.05
100719,2023-02-05,Office Chair,Furniture,East,Online,1,152.87,0.0,152.87
100718,2023-02-05,Planner,Stationery,South,Online,1,15.32,0.0,15.32
100717,2023-02-05,Desk Lamp,Furniture,East,Online,1,25.04,0.0,25.04
100716,2023-02-05,Resistance Bands,Fitness,North,In-Store,1,13.91,0.0,13.91
100714,2023-02-05,Office Chair,Furniture,Central,Online,2,158.46,0.0,316.92
100713,2023-02-05,Fountain Pen,Stationery,South,Online,1,18.95,0.0,18.95
100712,2023-02-05,USB-C Hub,Electronics,East,Online,1,30.24,0.0,30.24
100711,2023-02-05,Wireless Mouse,Electronics,West,Online,2,19.18,0.0,38.36
100710,2023-02-05,Office Chair,Furniture,West,Online,3,144.09,0.0,432.27
100715,2023-02-05,Notebook Set,Stationery,North,In-Store,1,9.68,0.0,9.68
100733,2023-02-06,Office Chair,Furniture,South,Online,1,145.28,0.0,145.28
100740,2023-02-06,Dumbbell Set,Fitness,West,In-Store,2,92.2,0.0,184.4
100739,2023-02-06,USB-C Hub,Electronics,East,Online,1,28.11,0.0,28.11
100738,2023-02-06,Yoga Mat,Fitness,East,Online,1,22.0,0.0,22.0
100737,2023-02-06,Desk Lamp,Furniture,West,Online,2,22.18,0.1,44.36
100736,2023-02-06,Fountain Pen,Stationery,West,In-Store,1,19.81,0.0,19.81
100734,2023-02-06,Notebook Set,Stationery,South,In-Store,2,9.12,0.0,18.24
100732,2023-02-06,Standing Desk,Furniture,South,Online,1,317.33,0.0,317.33
100735,2023-02-06,Bookshelf,Furniture,South,Online,1,103.36,0.15,103.36
100730,2023-02-06,Desk Lamp,Furniture,South,Online,1,25.58,0.0,25.58
100729,2023-02-06,Running Shoes,Fitness,Central,Online,1,76.51,0.0,76.51
100731,2023-02-06,Dumbbell Set,Fitness,Central,Online,3,87.85,0.0,263.55
100728,2023-02-06,Desk Lamp,Furniture,East,Online,1,24.37,0.0,24.37
100727,2023-02-06,Noise-Cancel Headphones,Electronics,West,In-Store,1,132.35,0.0,132.35
100726,2023-02-06,Bluetooth Speaker,Electronics,North,Online,1,39.91,0.15,39.91
100725,2023-02-06,Dumbbell Set,Fitness,Central,In-Store,2,87.11,0.0,174.22
100724,2023-02-06,Dumbbell Set,Fitness,West,Online,2,87.11,0.0,174.22
100752,2023-02-07,Noise-Cancel Headphones,Electronics,North,Online,1,114.19,0.1,114.19
100751,2023-02-07,Bluetooth Speaker,Electronics,East,In-Store,1,46.7,0.0,46.7
100750,2023-02-07,USB-C Hub,Electronics,South,Online,2,30.38,0.0,60.76
100749,2023-02-07,Mechanical Keyboard,Electronics,East,Online,1,64.91,0.0,64.91
100748,2023-02-07,Mechanical Keyboard,Electronics,South,Online,1,63.99,0.0,63.99
100747,2023-02-07,Planner,Stationery,South,Online,1,16.15,0.0,16.15
100746,2023-02-07,Resistance Bands,Fitness,Central,Online,1,14.92,0.0,14.92
100745,2023-02-07,Bookshelf,Furniture,South,In-Store,1,123.8,0.0,123.8
100744,2023-02-07,USB-C Hub,Electronics,Central,In-Store,2,31.09,0.0,62.18
100743,2023-02-07,Planner,Stationery,West,In-Store,1,14.81,0.1,14.81
100742,2023-02-07,Standing Desk,Furniture,South,Online,1,304.84,0.0,304.84
100741,2023-02-07,Desk Lamp,Furniture,East,In-Store,1,24.67,0.0,24.67
100767,2023-02-08,Dumbbell Set,Fitness,South,Online,1,90.18,0.0,90.18
100766,2023-02-08,Fountain Pen,Stationery,Central,In-Store,1,17.79,0.15,17.79
100765,2023-02-08,Wireless Mouse,Electronics,North,In-Store,2,19.55,0.0,39.1
100764,2023-02-08,Bookshelf,Furniture,North,In-Store,1,116.45,0.0,116.45
100763,2023-02-08,Wireless Mouse,Electronics,South,Online,3,18.96,0.0,56.88
100762,2023-02-08,USB-C Hub,Electronics,West,Online,1,27.3,0.1,27.3
100761,2023-02-08,Yoga Mat,Fitness,North,Online,4,18.63,0.15,74.52
100753,2023-02-08,Mechanical Keyboard,Electronics,North,In-Store,1,70.15,0.0,70.15
100759,2023-02-08,Wireless Mouse,Electronics,Central,Online,2,19.16,0.0,38.32
100758,2023-02-08,Mechanical Keyboard,Electronics,West,Online,1,51.98,0.2,51.98
100757,2023-02-08,Planner,Stationery,East,In-Store,1,16.44,0.0,16.44
100756,2023-02-08,Fountain Pen,Stationery,North,Online,1,19.49,0.0,19.49
100755,2023-02-08,Wireless Mouse,Electronics,North,In-Store,2,19.62,0.0,39.24
100754,2023-02-08,Wireless Mouse,Electronics,North,In-Store,1,18.4,0.0,18.4
100760,2023-02-08,Bookshelf,Furniture,North,In-Store,2,121.11,0.0,242.22
100776,2023-02-09,Standing Desk,Furniture,North,Online,1,262.01,0.1,262.01
100782,2023-02-09,Running Shoes,Fitness,North,Online,2,81.01,0.0,162.02
100781,2023-02-09,Water Bottle,Fitness,North,In-Store,1,12.62,0.0,12.62
100780,2023-02-09,Running Shoes,Fitness,West,Online,1,75.38,0.0,75.38
100779,2023-02-09,Bookshelf,Furniture,Central,Online,1,124.87,0.0,124.87
100778,2023-02-09,Wireless Mouse,Electronics,North,Online,2,18.51,0.0,37.02
100775,2023-02-09,Planner,Stationery,West,Online,1,13.05,0.2,13.05
100777,2023-02-09,Mechanical Keyboard,Electronics,South,Online,1,67.73,0.0,67.73
100773,2023-02-09,Dumbbell Set,Fitness,West,Online,2,86.01,0.0,172.02
100768,2023-02-09,Mechanical Keyboard,Electronics,West,In-Store,1,65.06,0.0,65.06
100769,2023-02-09,Notebook Set,Stationery,South,Online,1,8.46,0.0,8.46
100770,2023-02-09,Desk Lamp,Furniture,North,Online,3,24.89,0.0,74.67
100774,2023-02-09,Bookshelf,Furniture,West,Online,1,108.6,0.1,108.6
100772,2023-02-09,Fountain Pen,Stationery,North,In-Store,2,20.71,0.0,41.42
100771,2023-02-09,Noise-Cancel Headphones,Electronics,North,In-Store,1,131.6,0.0,131.6
100783,2023-02-10,Bookshelf,Furniture,East,Online,3,120.22,0.0,360.66
100784,2023-02-10,Water Bottle,Fitness,West,In-Store,1,12.76,0.0,12.76
100785,2023-02-10,Resistance Bands,Fitness,East,In-Store,2,11.68,0.15,23.36
100787,2023-02-10,Fountain Pen,Stationery,North,Online,1,19.42,0.0,19.42
100788,2023-02-10,Bookshelf,Furniture,Central,In-Store,1,119.57,0.0,119.57
100789,2023-02-10,Office Chair,Furniture,South,In-Store,1,141.73,0.1,141.73
100790,2023-02-10,Wireless Mouse,Electronics,North,Online,2,18.79,0.0,37.58
100786,2023-02-10,Wireless Mouse,Electronics,West,Online,1,19.94,0.0,19.94
100804,2023-02-11,Wireless Mouse,Electronics,Central,Online,2,19.08,0.0,38.16
100799,2023-02-11,Mechanical Keyboard,Electronics,Central,In-Store,1,66.05,0.0,66.05
100803,2023-02-11,Standing Desk,Furniture,Central,Online,1,249.34,0.15,249.34
100802,2023-02-11,Water Bottle,Fitness,East,In-Store,2,13.32,0.0,26.64
100801,2023-02-11,Standing Desk,Furniture,South,Online,1,305.24,0.0,305.24
100800,2023-02-11,Mechanical Keyboard,Electronics,East,Online,1,63.36,0.0,63.36
100798,2023-02-11,Bookshelf,Furniture,North,Online,1,122.08,0.0,122.08
100796,2023-02-11,Running Shoes,Fitness,South,Online,1,73.68,0.0,73.68
100795,2023-02-11,Office Chair,Furniture,West,In-Store,1,138.69,0.1,138.69
100794,2023-02-11,Resistance Bands,Fitness,North,In-Store,1,12.89,0.1,12.89
100793,2023-02-11,Desk Lamp,Furniture,South,In-Store,2,25.81,0.0,51.62
100792,2023-02-11,Standing Desk,Furniture,Central,Online,2,297.73,0.0,595.46
100791,2023-02-11,Fountain Pen,Stationery,West,Online,1,19.02,0.0,19.02
100797,2023-02-11,USB-C Hub,Electronics,West,Online,1,29.44,0.0,29.44
100813,2023-02-12,Standing Desk,Furniture,East,In-Store,2,302.69,0.0,605.38
100812,2023-02-12,Fountain Pen,Stationery,Central,Online,1,19.02,0.0,19.02
100811,2023-02-12,Fountain Pen,Stationery,North,Online,1,17.4,0.15,17.4
100810,2023-02-12,Planner,Stationery,East,Online,3,16.76,0.0,50.28
100809,2023-02-12,Bookshelf,Furniture,Central,Online,1,122.5,0.0,122.5
100807,2023-02-12,Office Chair,Furniture,South,Online,2,143.67,0.0,287.34
100806,2023-02-12,Standing Desk,Furniture,North,Online,1,300.19,0.0,300.19
100805,2023-02-12,Resistance Bands,Fitness,South,Online,1,14.56,0.0,14.56
100808,2023-02-12,Dumbbell Set,Fitness,North,Online,1,88.69,0.0,88.69
100825,2023-02-13,Bluetooth Speaker,Electronics,West,Online,3,44.62,0.0,133.86
100831,2023-02-13,Mechanical Keyboard,Electronics,West,Online,3,65.56,0.0,196.68
100830,2023-02-13,Water Bottle,Fitness,East,Online,2,12.58,0.0,25.16
100829,2023-02-13,Water Bottle,Fitness,South,In-Store,1,12.58,0.0,12.58
100828,2023-02-13,Mechanical Keyboard,Electronics,North,Online,1,64.1,0.0,64.1
100827,2023-02-13,Desk Lamp,Furniture,Central,Online,1,24.17,0.0,24.17
100826,2023-02-13,Office Chair,Furniture,South,Online,3,146.95,0.0,440.85
100824,2023-02-13,Noise-Cancel Headphones,Electronics,Central,Online,1,108.03,0.15,108.03
100823,2023-02-13,Noise-Cancel Headphones,Electronics,West,In-Store,2,126.51,0.0,253.02
100822,2023-02-13,Fountain Pen,Stationery,North,In-Store,2,19.89,0.0,39.78
100821,2023-02-13,USB-C Hub,Electronics,West,In-Store,1,25.07,0.15,25.07
100820,2023-02-13,Noise-Cancel Headphones,Electronics,East,In-Store,1,130.02,0.0,130.02
100819,2023-02-13,Bluetooth Speaker,Electronics,South,Online,2,40.71,0.1,81.42
100818,2023-02-13,Fountain Pen,Stationery,Central,Online,1,20.69,0.0,20.69
100817,2023-02-13,Yoga Mat,Fitness,East,Online,1,22.2,0.0,22.2
100816,2023-02-13,Notebook Set,Stationery,South,Online,1,9.04,0.0,9.04
100815,2023-02-13,Noise-Cancel Headphones,Electronics,South,Online,1,130.79,0.0,130.79
100814,2023-02-13,Dumbbell Set,Fitness,West,Online,3,87.24,0.0,261.72
100847,2023-02-14,Yoga Mat,Fitness,Central,Online,1,21.26,0.0,21.26
100846,2023-02-14,Desk Lamp,Furniture,South,In-Store,1,24.35,0.0,24.35
100845,2023-02-14,USB-C Hub,Electronics,East,In-Store,2,30.53,0.0,61.06
100844,2023-02-14,Noise-Cancel Headphones,Electronics,South,In-Store,1,123.57,0.0,123.57
100843,2023-02-14,Fountain Pen,Stationery,East,Online,3,19.69,0.0,59.07
100842,2023-02-14,Office Chair,Furniture,Central,Online,1,125.32,0.1,125.32
100840,2023-02-14,Bookshelf,Furniture,East,Online,1,118.27,0.0,118.27
100841,2023-02-14,Bluetooth Speaker,Electronics,East,Online,1,45.99,0.0,45.99
100838,2023-02-14,Dumbbell Set,Fitness,West,In-Store,2,88.8,0.0,177.6
100836,2023-02-14,Desk Lamp,Furniture,South,In-Store,1,23.76,0.0,23.76
100835,2023-02-14,Notebook Set,Stationery,West,In-Store,2,8.76,0.0,17.52
100834,2023-02-14,Planner,Stationery,West,In-Store,1,15.09,0.0,15.09
100833,2023-02-14,Bluetooth Speaker,Electronics,West,In-Store,3,45.2,0.0,135.6
100832,2023-02-14,Planner,Stationery,West,In-Store,2,15.82,0.0,31.64
100839,2023-02-14,Dumbbell Set,Fitness,North,In-Store,2,88.8,0.0,177.6
100837,2023-02-14,Desk Lamp,Furniture,East,Online,1,25.85,0.0,25.85
100862,2023-02-15,Dumbbell Set,Fitness,East,Online,1,90.2,0.0,90.2
100867,2023-02-15,USB-C Hub,Electronics,South,Online,1,30.97,0.0,30.97
100863,2023-02-15,Yoga Mat,Fitness,South,Online,1,20.75,0.1,20.75
100864,2023-02-15,Water Bottle,Fitness,East,Online,1,12.64,0.0,12.64
100866,2023-02-15,Desk Lamp,Furniture,Central,In-Store,1,24.4,0.0,24.4
100868,2023-02-15,Desk Lamp,Furniture,South,In-Store,2,21.83,0.1,43.66
100870,2023-02-15,Resistance Bands,Fitness,East,Online,1,14.2,0.0,14.2
100871,2023-02-15,Standing Desk,Furniture,Central,Online,2,306.37,0.0,612.74
100872,2023-02-15,Desk Lamp,Furniture,East,Online,1,25.31,0.0,25.31
100861,2023-02-15,Noise-Cancel Headphones,Electronics,West,In-Store,2,135.93,0.0,271.86
100869,2023-02-15,Resistance Bands,Fitness,Central,Online,1,14.2,0.0,14.2
100860,2023-02-15,Notebook Set,Stationery,South,Online,1,8.78,0.0,8.78
100865,2023-02-15,Mechanical Keyboard,Electronics,South,In-Store,1,63.07,0.0,63.07
100858,2023-02-15,USB-C Hub,Electronics,West,In-Store,1,29.18,0.0,29.18
100859,2023-02-15,Standing Desk,Furniture,South,Online,1,295.1,0.0,295.1
100848,2023-02-15,Water Bottle,Fitness,East,In-Store,3,12.87,0.0,38.61
100849,2023-02-15,Dumbbell Set,Fitness,South,In-Store,2,76.55,0.15,153.1
100851,2023-02-15,Standing Desk,Furniture,South,Online,2,299.3,0.0,598.6
100852,2023-02-15,Standing Desk,Furniture,West,Online,1,268.8,0.1,268.8
100850,2023-02-15,Dumbbell Set,Fitness,West,In-Store,1,76.55,0.15,76.55
100854,2023-02-15,Desk Lamp,Furniture,South,Online,2,24.73,0.0,49.46
100855,2023-02-15,Notebook Set,Stationery,Central,Online,1,8.86,0.0,8.86
100856,2023-02-15,Dumbbell Set,Fitness,East,In-Store,2,88.72,0.0,177.44
100857,2023-02-15,Bluetooth Speaker,Electronics,South,In-Store,1,38.17,0.1,38.17
100853,2023-02-15,Wireless Mouse,Electronics,West,Online,1,19.81,0.0,19.81
100888,2023-02-16,USB-C Hub,Electronics,West,In-Store,1,28.61,0.0,28.61
100882,2023-02-16,Mechanical Keyboard,Electronics,East,Online,3,65.38,0.0,196.14
100887,2023-02-16,Mechanical Keyboard,Electronics,South,In-Store,1,54.09,0.15,54.09
100886,2023-02-16,Mechanical Keyboard,Electronics,East,Online,2,65.51,0.0,131.02
100885,2023-02-16,Wireless Mouse,Electronics,West,Online,1,18.05,0.0,18.05
100883,2023-02-16,Dumbbell Set,Fitness,North,In-Store,4,74.42,0.15,297.68
100881,2023-02-16,Dumbbell Set,Fitness,Central,Online,1,88.19,0.0,88.19
100884,2023-02-16,Dumbbell Set,Fitness,North,In-Store,3,69.91,0.2,209.73
100879,2023-02-16,Mechanical Keyboard,Electronics,North,In-Store,1,66.25,0.0,66.25
100878,2023-02-16,Notebook Set,Stationery,North,Online,1,9.26,0.0,9.26
100877,2023-02-16,Dumbbell Set,Fitness,Central,Online,2,93.22,0.0,186.44
100876,2023-02-16,Notebook Set,Stationery,East,Online,1,9.06,0.0,9.06
100875,2023-02-16,Office Chair,Furniture,East,Online,1,150.2,0.0,150.2
100874,2023-02-16,Yoga Mat,Fitness,East,Online,1,20.66,0.0,20.66
100873,2023-02-16,Mechanical Keyboard,Electronics,East,Online,1,68.03,0.0,68.03
100880,2023-02-16,Dumbbell Set,Fitness,North,Online,2,88.19,0.0,176.38
100900,2023-02-17,Dumbbell Set,Fitness,North,In-Store,3,75.4,0.15,226.2
100901,2023-02-17,Standing Desk,Furniture,North,In-Store,1,299.37,0.0,299.37
100902,2023-02-17,Bluetooth Speaker,Electronics,North,In-Store,2,46.04,0.0,92.08
100905,2023-02-17,USB-C Hub,Electronics,North,In-Store,1,26.15,0.1,26.15
100904,2023-02-17,Desk Lamp,Furniture,East,Online,4,24.22,0.0,96.88
100899,2023-02-17,Mechanical Keyboard,Electronics,West,In-Store,1,65.33,0.0,65.33
100906,2023-02-17,Mechanical Keyboard,Electronics,South,Online,2,66.27,0.0,132.54
100903,2023-02-17,Office Chair,Furniture,Central,In-Store,2,145.68,0.0,291.36
100898,2023-02-17,Wireless Mouse,Electronics,East,Online,1,17.77,0.0,17.77
100894,2023-02-17,Fountain Pen,Stationery,South,Online,2,16.79,0.15,33.58
100896,2023-02-17,Desk Lamp,Furniture,West,In-Store,1,25.55,0.0,25.55
100895,2023-02-17,Yoga Mat,Fitness,West,Online,1,21.18,0.0,21.18
100893,2023-02-17,Resistance Bands,Fitness,South,In-Store,1,14.72,0.0,14.72
100892,2023-02-17,Resistance Bands,Fitness,South,Online,2,14.72,0.0,29.44
100891,2023-02-17,Yoga Mat,Fitness,North,Online,2,21.78,0.0,43.56
100890,2023-02-17,Fountain Pen,Stationery,West,In-Store,1,20.17,0.0,20.17
100889,2023-02-17,Resistance Bands,Fitness,North,In-Store,1,14.19,0.0,14.19
100897,2023-02-17,Dumbbell Set,Fitness,West,Online,1,93.77,0.0,93.77
100917,2023-02-18,Water Bottle,Fitness,Central,Online,1,12.87,0.0,12.87
100918,2023-02-18,Yoga Mat,Fitness,North,In-Store,1,23.14,0.0,23.14
100916,2023-02-18,Bluetooth Speaker,Electronics,West,Online,1,45.88,0.0,45.88
100920,2023-02-18,Standing Desk,Furniture,South,Online,2,294.09,0.0,588.18
100921,2023-02-18,Bluetooth Speaker,Electronics,Central,In-Store,1,44.39,0.0,44.39
100919,2023-02-18,Noise-Cancel Headphones,Electronics,North,Online,3,101.39,0.2,304.17
100914,2023-02-18,Office Chair,Furniture,North,Online,1,151.66,0.0,151.66
100915,2023-02-18,Bookshelf,Furniture,West,In-Store,1,122.09,0.0,122.09
100912,2023-02-18,Notebook Set,Stationery,West,Online,2,7.87,0.1,15.74
100911,2023-02-18,Fountain Pen,Stationery,Central,In-Store,1,14.66,0.2,14.66
100910,2023-02-18,Dumbbell Set,Fitness,South,Online,1,91.13,0.0,91.13
100909,2023-02-18,Fountain Pen,Stationery,West,In-Store,1,20.72,0.0,20.72
100908,2023-02-18,Office Chair,Furniture,South,Online,2,150.71,0.0,301.42
100907,2023-02-18,Fountain Pen,Stationery,North,Online,1,19.95,0.0,19.95
100913,2023-02-18,Dumbbell Set,Fitness,East,Online,1,88.01,0.0,88.01
100937,2023-02-19,Desk Lamp,Furniture,East,In-Store,1,24.57,0.0,24.57
100936,2023-02-19,Bookshelf,Furniture,South,Online,1,117.12,0.0,117.12
100935,2023-02-19,Water Bottle,Fitness,East,Online,1,11.44,0.1,11.44
100934,2023-02-19,Yoga Mat,Fitness,West,Online,2,23.26,0.0,46.52
100932,2023-02-19,Noise-Cancel Headphones,Electronics,West,Online,1,118.45,0.1,118.45
100931,2023-02-19,Fountain Pen,Stationery,East,In-Store,2,19.18,0.0,38.36
100930,2023-02-19,Water Bottle,Fitness,North,In-Store,2,13.04,0.0,26.08
100933,2023-02-19,Office Chair,Furniture,North,Online,2,150.3,0.0,300.6
100928,2023-02-19,Notebook Set,Stationery,Central,Online,3,7.93,0.1,23.79
100927,2023-02-19,Bluetooth Speaker,Electronics,South,Online,1,44.5,0.0,44.5
100926,2023-02-19,Standing Desk,Furniture,East,Online,1,303.25,0.0,303.25
100925,2023-02-19,Desk Lamp,Furniture,South,In-Store,1,25.71,0.0,25.71
100924,2023-02-19,Mechanical Keyboard,Electronics,South,Online,1,66.35,0.0,66.35
100923,2023-02-19,Running Shoes,Fitness,South,In-Store,2,76.96,0.0,153.92
100922,2023-02-19,Running Shoes,Fitness,South,Online,1,76.96,0.0,76.96
100929,2023-02-19,Notebook Set,Stationery,South,Online,1,9.08,0.0,9.08
100947,2023-02-20,Resistance Bands,Fitness,West,Online,1,14.76,0.0,14.76
100946,2023-02-20,Wireless Mouse,Electronics,East,In-Store,1,18.92,0.0,18.92
100945,2023-02-20,Wireless Mouse,Electronics,Central,In-Store,1,19.14,0.0,19.14
100944,2023-02-20,Mechanical Keyboard,Electronics,West,Online,1,64.42,0.0,64.42
100943,2023-02-20,Running Shoes,Fitness,Central,Online,1,68.28,0.1,68.28
100941,2023-02-20,Desk Lamp,Furniture,South,Online,1,25.54,0.0,25.54
100940,2023-02-20,USB-C Hub,Electronics,East,In-Store,1,30.83,0.0,30.83
100939,2023-02-20,Water Bottle,Fitness,North,Online,1,12.63,0.0,12.63
100938,2023-02-20,Water Bottle,Fitness,South,Online,4,12.63,0.0,50.52
100942,2023-02-20,Bluetooth Speaker,Electronics,North,Online,4,46.11,0.0,184.44
100966,2023-02-21,Mechanical Keyboard,Electronics,South,In-Store,1,62.7,0.0,62.7
100963,2023-02-21,Office Chair,Furniture,East,Online,1,153.59,0.0,153.59
100964,2023-02-21,Fountain Pen,Stationery,South,In-Store,1,19.77,0.0,19.77
100965,2023-02-21,Office Chair,Furniture,South,Online,1,153.01,0.0,153.01
100967,2023-02-21,Noise-Cancel Headphones,Electronics,North,In-Store,1,132.85,0.0,132.85
100962,2023-02-21,Planner,Stationery,East,In-Store,2,16.09,0.0,32.18
100969,2023-02-21,Planner,Stationery,North,Online,1,15.77,0.0,15.77
100970,2023-02-21,Bookshelf,Furniture,South,In-Store,1,98.89,0.2,98.89
100971,2023-02-21,USB-C Hub,Electronics,Central,Online,1,28.03,0.1,28.03
100972,2023-02-21,Standing Desk,Furniture,North,Online,1,261.3,0.1,261.3
100973,2023-02-21,Notebook Set,Stationery,North,In-Store,1,9.15,0.0,9.15
100968,2023-02-21,Bookshelf,Furniture,North,Online,1,121.64,0.0,121.64
100961,2023-02-21,Bookshelf,Furniture,East,In-Store,1,122.81,0.0,122.81
100959,2023-02-21,Bookshelf,Furniture,North,Online,1,119.64,0.0,119.64
100950,2023-02-21,Dumbbell Set,Fitness,West,In-Store,1,77.36,0.15,77.36
100948,2023-02-21,Office Chair,Furniture,South,Online,1,112.88,0.2,112.88
100949,2023-02-21,Office Chair,Furniture,East,In-Store,1,154.87,0.0,154.87
100951,2023-02-21,Mechanical Keyboard,Electronics,South,In-Store,2,64.73,0.0,129.46
100952,2023-02-21,Wireless Mouse,Electronics,Central,Online,1,19.16,0.0,19.16
100953,2023-02-21,Noise-Cancel Headphones,Electronics,North,Online,1,133.73,0.0,133.73
100960,2023-02-21,Office Chair,Furniture,East,Online,3,125.59,0.1,376.77
100955,2023-02-21,Standing Desk,Furniture,Central,In-Store,1,303.43,0.0,303.43
100956,2023-02-21,Fountain Pen,Stationery,East,Online,2,20.22,0.0,40.44
100957,2023-02-21,Notebook Set,Stationery,South,In-Store,1,8.81,0.0,8.81
100958,2023-02-21,Planner,Stationery,East,Online,1,15.73,0.0,15.73
100954,2023-02-21,Noise-Cancel Headphones,Electronics,East,Online,1,127.83,0.0,127.83
100983,2023-02-22,Dumbbell Set,Fitness,West,Online,1,75.05,0.15,75.05
100988,2023-02-22,USB-C Hub,Electronics,South,Online,1,30.28,0.0,30.28
100987,2023-02-22,Yoga Mat,Fitness,South,Online,4,22.4,0.0,89.6
100986,2023-02-22,Noise-Cancel Headphones,Electronics,North,In-Store,2,126.47,0.0,252.94
100985,2023-02-22,Noise-Cancel Headphones,Electronics,East,Online,1,127.43,0.0,127.43
100984,2023-02-22,Bookshelf,Furniture,South,Online,1,119.97,0.0,119.97
100982,2023-02-22,Notebook Set,Stationery,North,Online,1,7.98,0.1,7.98
100981,2023-02-22,Yoga Mat,Fitness,North,Online,1,21.42,0.0,21.42
100980,2023-02-22,Planner,Stationery,North,Online,1,15.87,0.0,15.87
100979,2023-02-22,USB-C Hub,Electronics,South,In-Store,2,30.13,0.0,60.26
100978,2023-02-22,USB-C Hub,Electronics,East,Online,1,26.56,0.1,26.56
100977,2023-02-22,Desk Lamp,Furniture,East,Online,2,25.7,0.0,51.4
100976,2023-02-22,Dumbbell Set,Fitness,West,Online,1,92.34,0.0,92.34
100975,2023-02-22,USB-C Hub,Electronics,West,Online,4,30.34,0.0,121.36
100974,2023-02-22,Mechanical Keyboard,Electronics,East,Online,1,65.57,0.0,65.57
100999,2023-02-23,Office Chair,Furniture,East,Online,1,148.14,0.0,148.14
100998,2023-02-23,USB-C Hub,Electronics,West,Online,1,30.19,0.0,30.19
100997,2023-02-23,Mechanical Keyboard,Electronics,Central,In-Store,1,62.28,0.0,62.28
100996,2023-02-23,Wireless Mouse,Electronics,South,In-Store,2,17.26,0.1,34.52
100995,2023-02-23,Wireless Mouse,Electronics,West,Online,2,18.58,0.0,37.16
100991,2023-02-23,Bluetooth Speaker,Electronics,West,In-Store,1,45.69,0.0,45.69
100993,2023-02-23,Standing Desk,Furniture,South,In-Store,4,276.06,0.0,1104.24
100992,2023-02-23,Wireless Mouse,Electronics,East,In-Store,2,20.09,0.0,40.18
101000,2023-02-23,Resistance Bands,Fitness,East,In-Store,1,13.48,0.1,13.48
100990,2023-02-23,Fountain Pen,Stationery,South,Online,1,20.56,0.0,20.56
100989,2023-02-23,Dumbbell Set,Fitness,West,In-Store,1,89.77,0.0,89.77
100994,2023-02-23,Mechanical Keyboard,Electronics,West,Online,2,65.15,0.0,130.3
101001,2023-02-23,Wireless Mouse,Electronics,East,In-Store,3,19.17,0.0,57.51
101012,2023-02-24,USB-C Hub,Electronics,West,In-Store,4,30.66,0.0,122.64
101013,2023-02-24,Wireless Mouse,Electronics,South,Online,1,14.95,0.2,14.95
101006,2023-02-24,Dumbbell Set,Fitness,Central,Online,1,76.67,0.15,76.67
101015,2023-02-24,Fountain Pen,Stationery,South,Online,1,18.43,0.1,18.43
101016,2023-02-24,Running Shoes,Fitness,North,Online,2,73.61,0.0,147.22
101011,2023-02-24,Office Chair,Furniture,East,In-Store,1,150.48,0.0,150.48
101014,2023-02-24,Fountain Pen,Stationery,West,Online,1,19.92,0.0,19.92
101010,2023-02-24,Desk Lamp,Furniture,North,Online,2,25.44,0.0,50.88
101004,2023-02-24,Bluetooth Speaker,Electronics,East,In-Store,2,44.51,0.0,89.02
101008,2023-02-24,Mechanical Keyboard,Electronics,North,Online,1,69.43,0.0,69.43
101007,2023-02-24,Desk Lamp,Furniture,Central,In-Store,1,24.61,0.0,24.61
101005,2023-02-24,Fountain Pen,Stationery,West,Online,2,20.17,0.0,40.34
101009,2023-02-24,Water Bottle,Fitness,Central,In-Store,1,12.51,0.0,12.51
101003,2023-02-24,Bluetooth Speaker,Electronics,West,Online,1,42.22,0.0,42.22
101002,2023-02-24,Notebook Set,Stationery,North,In-Store,1,8.75,0.0,8.75
101031,2023-02-25,Noise-Cancel Headphones,Electronics,Central,In-Store,1,133.69,0.0,133.69
101032,2023-02-25,Desk Lamp,Furniture,East,Online,2,25.13,0.0,50.26
101033,2023-02-25,Fountain Pen,Stationery,West,In-Store,1,16.25,0.15,16.25
101034,2023-02-25,Dumbbell Set,Fitness,Central,Online,1,76.93,0.15,76.93
101037,2023-02-25,Noise-Cancel Headphones,Electronics,West,Online,1,131.58,0.0,131.58
101036,2023-02-25,Office Chair,Furniture,North,In-Store,1,155.38,0.0,155.38
101030,2023-02-25,Office Chair,Furniture,South,Online,1,144.24,0.0,144.24
101038,2023-02-25,Water Bottle,Fitness,East,Online,1,13.0,0.0,13.0
101039,2023-02-25,Water Bottle,Fitness,South,Online,2,13.0,0.0,26.0
101035,2023-02-25,Dumbbell Set,Fitness,East,In-Store,1,76.93,0.15,76.93
101028,2023-02-25,Dumbbell Set,Fitness,South,Online,1,89.25,0.0,89.25
101029,2023-02-25,Dumbbell Set,Fitness,North,Online,1,89.61,0.0,89.61
101018,2023-02-25,Yoga Mat,Fitness,west,Online,1,22.19,0.0,22.19
101026,2023-02-25,Planner,Stationery,East,In-Store,1,15.47,0.0,15.47
101025,2023-02-25,Water Bottle,Fitness,East,In-Store,1,12.73,0.0,12.73
101024,2023-02-25,USB-C Hub,Electronics,Central,In-Store,2,30.04,0.0,60.08
101023,2023-02-25,Yoga Mat,Fitness,West,In-Store,1,17.45,0.2,17.45
101022,2023-02-25,Standing Desk,Furniture,East,Online,2,305.63,0.0,611.26
101021,2023-02-25,Noise-Cancel Headphones,Electronics,East,Online,1,107.12,0.2,107.12
101020,2023-02-25,Noise-Cancel Headphones,Electronics,West,Online,1,134.01,0.0,134.01
101019,2023-02-25,Office Chair,Furniture,North,Online,1,147.71,0.0,147.71
101027,2023-02-25,Notebook Set,Stationery,Central,Online,1,9.01,0.0,9.01
101017,2023-02-25,Notebook Set,Stationery,East,Online,1,7.06,0.2,7.06
101050,2023-02-26,Bookshelf,Furniture,West,Online,1,122.15,0.0,122.15
101051,2023-02-26,Wireless Mouse,Electronics,North,Online,2,16.61,0.15,33.22
101056,2023-02-26,Mechanical Keyboard,Electronics,South,In-Store,1,56.07,0.1,56.07
101049,2023-02-26,Resistance Bands,Fitness,South,Online,2,15.38,0.0,30.76
101054,2023-02-26,Dumbbell Set,Fitness,East,Online,1,84.5,0.0,84.5
101055,2023-02-26,Dumbbell Set,Fitness,South,In-Store,1,84.5,0.0,84.5
101053,2023-02-26,Desk Lamp,Furniture,West,In-Store,2,22.97,0.1,45.94
101048,2023-02-26,Desk Lamp,Furniture,East,Online,1,25.26,0.0,25.26
101052,2023-02-26,Running Shoes,Fitness,West,Online,1,72.52,0.0,72.52
101046,2023-02-26,Planner,Stationery,East,Online,1,16.31,0.0,16.31
101045,2023-02-26,USB-C Hub,Electronics,South,In-Store,1,31.28,0.0,31.28
101044,2023-02-26,Planner,Stationery,South,In-Store,1,15.88,0.0,15.88
101043,2023-02-26,Wireless Mouse,Electronics,East,Online,2,16.86,0.1,33.72
101042,2023-02-26,Dumbbell Set,Fitness,South,Online,1,76.99,0.15,76.99
101041,2023-02-26,Bluetooth Speaker,Electronics,West,Online,2,43.96,0.0,87.92
101040,2023-02-26,Bluetooth Speaker,Electronics,East,Online,3,44.45,0.0,133.35
101047,2023-02-26,Water Bottle,Fitness,Central,Online,1,13.02,0.0,13.02
101068,2023-02-27,Wireless Mouse,Electronics,East,In-Store,2,18.31,0.0,36.62
101067,2023-02-27,Water Bottle,Fitness,North,Online,1,11.12,0.15,11.12
101066,2023-02-27,Resistance Bands,Fitness,West,Online,1,11.77,0.2,11.77
101065,2023-02-27,Wireless Mouse,Electronics,East,In-Store,2,19.17,0.0,38.34
101064,2023-02-27,Dumbbell Set,Fitness,South,Online,1,84.24,0.0,84.24
101063,2023-02-27,Bluetooth Speaker,Electronics,North,Online,1,45.47,0.0,45.47
101062,2023-02-27,Dumbbell Set,Fitness,South,In-Store,1,91.11,0.0,91.11
101061,2023-02-27,Water Bottle,Fitness,South,In-Store,2,13.62,0.0,27.24
101060,2023-02-27,Office Chair,Furniture,West,Online,1,148.29,0.0,148.29
101059,2023-02-27,Yoga Mat,Fitness,West,Online,1,22.34,0.0,22.34
101058,2023-02-27,Desk Lamp,Furniture,Central,Online,1,24.58,0.0,24.58
101057,2023-02-27,Standing Desk,Furniture,North,Online,2,309.82,0.0,619.64
101082,2023-02-28,Resistance Bands,Fitness,Central,Online,3,12.33,0.15,36.99
101081,2023-02-28,Yoga Mat,Fitness,East,Online,1,22.49,0.0,22.49
101083,2023-02-28,Office Chair,Furniture,Central,Online,1,116.81,0.2,116.81
101080,2023-02-28,Mechanical Keyboard,Electronics,East,In-Store,1,65.83,0.0,65.83
101079,2023-02-28,Water Bottle,Fitness,East,In-Store,1,12.41,0.0,12.41
101078,2023-02-28,Water Bottle,Fitness,North,Online,2,12.41,0.0,24.82
101077,2023-02-28,Planner,Stationery,West,In-Store,1,15.9,0.0,15.9
101071,2023-02-28,Yoga Mat,Fitness,East,Online,1,22.03,0.0,22.03
101075,2023-02-28,Bookshelf,Furniture,South,Online,2,124.58,0.0,249.16
101074,2023-02-28,Notebook Set,Stationery,Central,In-Store,1,8.53,0.0,8.53
101073,2023-02-28,Fountain Pen,Stationery,South,Online,2,20.47,0.0,40.94
101072,2023-02-28,Bluetooth Speaker,Electronics,East,Online,1,41.51,0.1,41.51
101070,2023-02-28,Running Shoes,Fitness,East,Online,1,60.4,0.15,60.4
101069,2023-02-28,USB-C Hub,Electronics,North,Online,1,30.42,0.0,30.42
101076,2023-02-28,Fountain Pen,Stationery,Central,Online,1,20.11,0.0,20.11
101091,2023-03-01,Desk Lamp,Furniture,West,Online,2,23.51,0.0,47.02
101090,2023-03-01,Wireless Mouse,Electronics,Central,Online,1,15.96,0.15,15.96
101089,2023-03-01,Mechanical Keyboard,Electronics,West,Online,1,63.58,0.0,63.58
101088,2023-03-01,Desk Lamp,Furniture,Central,Online,1,25.15,0.0,25.15
101085,2023-03-01,Notebook Set,Stationery,West,Online,3,7.84,0.15,23.52
101086,2023-03-01,Office Chair,Furniture,West,Online,2,129.81,0.1,259.62
101084,2023-03-01,Running Shoes,Fitness,South,In-Store,1,73.87,0.0,73.87
101087,2023-03-01,Bluetooth Speaker,Electronics,North,Online,1,44.67,0.0,44.67
101100,2023-03-02,Wireless Mouse,Electronics,North,In-Store,2,16.9,0.1,33.8
101104,2023-03-02,Wireless Mouse,Electronics,East,In-Store,2,18.46,0.0,36.92
101099,2023-03-02,Desk Lamp,Furniture,West,Online,2,22.44,0.1,44.88
101103,2023-03-02,Standing Desk,Furniture,North,In-Store,1,286.86,0.0,286.86
101102,2023-03-02,Fountain Pen,Stationery,South,In-Store,1,19.46,0.0,19.46
101098,2023-03-02,Desk Lamp,Furniture,South,In-Store,1,24.53,0.0,24.53
101101,2023-03-02,Office Chair,Furniture,West,Online,1,147.74,0.0,147.74
101096,2023-03-02,Standing Desk,Furniture,East,In-Store,2,272.39,0.1,544.78
101092,2023-03-02,Bookshelf,Furniture,North,In-Store,1,114.75,0.0,114.75
101093,2023-03-02,USB-C Hub,Electronics,South,In-Store,2,29.61,0.0,59.22
101097,2023-03-02,Bluetooth Speaker,Electronics,East,Online,1,45.12,0.0,45.12
101095,2023-03-02,Office Chair,Furniture,East,Online,2,149.72,0.0,299.44
101094,2023-03-02,Running Shoes,Fitness,North,Online,1,75.76,0.0,75.76
101121,2023-03-03,Desk Lamp,Furniture,North,In-Store,1,25.76,0.0,25.76
101120,2023-03-03,Water Bottle,Fitness,south,Online,2,13.07,0.0,26.14
101119,2023-03-03,Water Bottle,Fitness,South,In-Store,1,13.12,0.0,13.12
101118,2023-03-03,Notebook Set,Stationery,North,Online,1,8.87,0.0,8.87
101117,2023-03-03,Mechanical Keyboard,Electronics,Central,In-Store,1,55.18,0.1,55.18
101116,2023-03-03,Resistance Bands,Fitness,East,In-Store,2,14.37,0.0,28.74
101115,2023-03-03,USB-C Hub,Electronics,North,Online,2,30.57,0.0,61.14
101114,2023-03-03,Running Shoes,Fitness,East,Online,1,74.06,0.0,74.06
101122,2023-03-03,Notebook Set,Stationery,East,Online,1,8.99,0.0,8.99
101112,2023-03-03,Wireless Mouse,Electronics,North,In-Store,1,19.24,0.0,19.24
101111,2023-03-03,Desk Lamp,Furniture,West,Online,1,24.14,0.0,24.14
101110,2023-03-03,USB-C Hub,Electronics,North,Online,1,30.32,0.0,30.32
101109,2023-03-03,Notebook Set,Stationery,South,Online,1,9.17,0.0,9.17
101108,2023-03-03,USB-C Hub,Electronics,South,Online,2,29.5,0.0,59.0
101107,2023-03-03,USB-C Hub,Electronics,East,In-Store,1,25.41,0.15,25.41
101106,2023-03-03,Noise-Cancel Headphones,Electronics,Central,Online,1,125.24,0.0,125.24
101105,2023-03-03,Mechanical Keyboard,Electronics,South,Online,1,64.59,0.0,64.59
101113,2023-03-03,Bluetooth Speaker,Electronics,West,Online,1,46.56,0.0,46.56
101136,2023-03-04,Planner,Stationery,East,Online,4,15.8,0.0,63.2
101135,2023-03-04,Desk Lamp,Furniture,North,Online,4,24.79,0.0,99.16
101134,2023-03-04,Yoga Mat,Fitness,South,In-Store,2,20.09,0.1,40.18
101133,2023-03-04,Mechanical Keyboard,Electronics,East,Online,1,60.8,0.1,60.8
101132,2023-03-04,Mechanical Keyboard,Electronics,South,Online,1,65.14,0.0,65.14
101131,2023-03-04,Desk Lamp,Furniture,West,Online,1,25.06,0.0,25.06
101130,2023-03-04,Wireless Mouse,Electronics,East,In-Store,1,18.66,0.0,18.66
101127,2023-03-04,Wireless Mouse,Electronics,South,In-Store,1,20.0,0.0,20.0
101128,2023-03-04,Dumbbell Set,Fitness,North,In-Store,2,93.51,0.0,187.02
101126,2023-03-04,Noise-Cancel Headphones,Electronics,North,Online,2,112.68,0.15,225.36
101125,2023-03-04,Dumbbell Set,Fitness,North,In-Store,2,87.36,0.0,174.72
101124,2023-03-04,Standing Desk,Furniture,West,Online,4,294.67,0.0,1178.68
101123,2023-03-04,Notebook Set,Stationery,North,Online,1,8.14,0.1,8.14
101129,2023-03-04,Desk Lamp,Furniture,North,In-Store,1,26.94,0.0,26.94
101144,2023-03-05,Dumbbell Set,Fitness,East,In-Store,1,84.54,0.0,84.54
101147,2023-03-05,Wireless Mouse,Electronics,East,Online,2,16.33,0.15,32.66
101146,2023-03-05,Noise-Cancel Headphones,Electronics,West,In-Store,1,133.33,0.0,133.33
101145,2023-03-05,Notebook Set,Stationery,North,Online,3,9.14,0.0,27.42
101143,2023-03-05,Bluetooth Speaker,Electronics,East,Online,1,44.48,0.0,44.48
101148,2023-03-05,Planner,Stationery,West,Online,1,15.21,0.0,15.21
101141,2023-03-05,Fountain Pen,Stationery,West,Online,1,17.25,0.1,17.25
101140,2023-03-05,Noise-Cancel Headphones,Electronics,East,Online,1,123.3,0.0,123.3
101139,2023-03-05,Notebook Set,Stationery,North,In-Store,1,9.02,0.0,9.02
101138,2023-03-05,Fountain Pen,Stationery,Central,In-Store,2,19.34,0.0,38.68
101137,2023-03-05,Yoga Mat,Fitness,East,Online,1,21.47,0.0,21.47
101142,2023-03-05,Noise-Cancel Headphones,Electronics,Central,In-Store,2,115.59,0.1,231.18
101165,2023-03-06,Dumbbell Set,Fitness,South,In-Store,1,93.88,0.0,93.88
101164,2023-03-06,Running Shoes,Fitness,East,Online,1,77.47,0.0,77.47
101163,2023-03-06,Wireless Mouse,Electronics,North,In-Store,1,19.29,0.0,19.29
101162,2023-03-06,Noise-Cancel Headphones,Electronics,West,Online,1,126.24,0.0,126.24
101161,2023-03-06,Office Chair,Furniture,East,In-Store,1,144.78,0.0,144.78
101160,2023-03-06,Bookshelf,Furniture,South,Online,4,108.09,0.1,432.36
101159,2023-03-06,Standing Desk,Furniture,Central,In-Store,1,296.03,0.0,296.03
101158,2023-03-06,Planner,Stationery,West,In-Store,1,13.82,0.1,13.82
101157,2023-03-06,Fountain Pen,Stationery,Central,Online,1,19.29,0.0,19.29
101156,2023-03-06,Bluetooth Speaker,Electronics,South,Online,1,45.24,0.0,45.24
101155,2023-03-06,Planner,Stationery,South,In-Store,1,15.95,0.0,15.95
101154,2023-03-06,Planner,Stationery,East,Online,1,14.51,0.1,14.51
101153,2023-03-06,Yoga Mat,Fitness,North,In-Store,1,22.24,0.0,22.24
101152,2023-03-06,Running Shoes,Fitness,Central,In-Store,1,60.36,0.15,60.36
101151,2023-03-06,Wireless Mouse,Electronics,North,In-Store,1,18.67,0.0,18.67
101150,2023-03-06,Bluetooth Speaker,Electronics,West,In-Store,1,45.79,0.0,45.79
101149,2023-03-06,Notebook Set,Stationery,East,In-Store,1,8.89,0.0,8.89
101179,2023-03-07,Bookshelf,Furniture,Central,In-Store,2,116.99,0.0,233.98
101178,2023-03-07,USB-C Hub,Electronics,South,In-Store,1,29.33,0.0,29.33
101180,2023-03-07,Yoga Mat,Fitness,North,Online,1,21.35,0.0,21.35
101177,2023-03-07,Running Shoes,Fitness,East,Online,1,78.97,0.0,78.97
101176,2023-03-07,Wireless Mouse,Electronics,West,Online,1,19.27,0.0,19.27
101175,2023-03-07,Wireless Mouse,Electronics,West,Online,1,16.01,0.15,16.01
101174,2023-03-07,USB-C Hub,Electronics,East,In-Store,1,28.03,0.1,28.03
101168,2023-03-07,Planner,Stationery,West,Online,2,15.46,0.0,30.92
101172,2023-03-07,Resistance Bands,Fitness,East,Online,1,14.73,0.0,14.73
101171,2023-03-07,Office Chair,Furniture,North,In-Store,1,145.97,0.0,145.97
101170,2023-03-07,Planner,Stationery,South,In-Store,1,15.06,0.0,15.06
101169,2023-03-07,Noise-Cancel Headphones,Electronics,East,Online,1,133.19,0.0,133.19
101167,2023-03-07,Fountain Pen,Stationery,South,Online,2,19.82,0.0,39.64
101166,2023-03-07,Mechanical Keyboard,Electronics,South,Online,1,50.98,0.2,50.98
101173,2023-03-07,Standing Desk,Furniture,West,Online,1,290.25,0.0,290.25
101189,2023-03-08,Notebook Set,Stationery,East,Online,1,9.25,0.0,9.25
101188,2023-03-08,Bookshelf,Furniture,South,Online,2,104.89,0.1,209.78
101187,2023-03-08,USB-C Hub,Electronics,West,In-Store,1,30.35,0.0,30.35
101186,2023-03-08,Fountain Pen,Stationery,South,In-Store,4,20.7,0.0,82.8
101184,2023-03-08,Dumbbell Set,Fitness,South,In-Store,1,72.36,0.2,72.36
101183,2023-03-08,Desk Lamp,Furniture,Central,Online,1,26.32,0.0,26.32
101182,2023-03-08,Desk Lamp,Furniture,East,In-Store,1,19.52,0.2,19.52
101181,2023-03-08,Desk Lamp,Furniture,North,Online,1,24.05,0.0,24.05
101185,2023-03-08,Wireless Mouse,Electronics,East,In-Store,1,17.53,0.0,17.53
101199,2023-03-09,Resistance Bands,Fitness,South,In-Store,1,11.46,0.2,11.46
101198,2023-03-09,Wireless Mouse,Electronics,Central,Online,1,19.24,0.0,19.24
101197,2023-03-09,Planner,Stationery,South,In-Store,1,16.57,0.0,16.57
101196,2023-03-09,Office Chair,Furniture,North,Online,2,154.55,0.0,309.1
101195,2023-03-09,Bookshelf,Furniture,South,Online,2,122.78,0.0,245.56
101193,2023-03-09,Bookshelf,Furniture,West,Online,1,120.74,0.0,120.74
101192,2023-03-09,Bluetooth Speaker,Electronics,East,Online,2,43.22,0.0,86.44
101194,2023-03-09,Standing Desk,Furniture,North,In-Store,1,295.26,0.0,295.26
101191,2023-03-09,Yoga Mat,Fitness,North,Online,3,22.02,0.0,66.06
101190,2023-03-09,Noise-Cancel Headphones,Electronics,North,In-Store,1,130.52,0.0,130.52
101200,2023-03-10,Wireless Mouse,Electronics,Central,In-Store,2,19.12,0.0,38.24
101201,2023-03-10,Bookshelf,Furniture,Central,Online,1,120.82,0.0,120.82
101202,2023-03-10,Fountain Pen,Stationery,South,In-Store,1,16.54,0.2,16.54
101203,2023-03-10,Noise-Cancel Headphones,Electronics,South,In-Store,1,126.73,0.0,126.73
101204,2023-03-10,Standing Desk,Furniture,North,Online,1,291.66,0.0,291.66
101205,2023-03-10,Bookshelf,Furniture,North,Online,4,119.18,0.0,476.72
101206,2023-03-10,Desk Lamp,Furniture,North,Online,1,20.56,0.2,20.56
101207,2023-03-10,Noise-Cancel Headphones,Electronics,East,Online,1,130.52,0.0,130.52
101208,2023-03-10,Running Shoes,Fitness,West,Online,1,67.83,0.1,67.83
101218,2023-03-11,Fountain Pen,Stationery,East,Online,1,20.25,0.0,20.25
101217,2023-03-11,Running Shoes,Fitness,South,Online,1,77.48,0.0,77.48
101216,2023-03-11,Bookshelf,Furniture,East,Online,1,117.83,0.0,117.83
101215,2023-03-11,Wireless Mouse,Electronics,West,In-Store,1,15.29,0.2,15.29
101214,2023-03-11,Water Bottle,Fitness,Central,In-Store,2,12.6,0.0,25.2
101212,2023-03-11,Bluetooth Speaker,Electronics,East,Online,1,45.57,0.0,45.57
101211,2023-03-11,Desk Lamp,Furniture,Central,Online,2,25.01,0.0,50.02
101210,2023-03-11,Planner,Stationery,West,Online,1,15.95,0.0,15.95
101209,2023-03-11,Running Shoes,Fitness,East,In-Store,1,77.12,0.0,77.12
101213,2023-03-11,Dumbbell Set,Fitness,East,In-Store,1,91.94,0.0,91.94
101228,2023-03-12,Resistance Bands,Fitness,West,Online,1,14.97,0.0,14.97
101233,2023-03-12,Noise-Cancel Headphones,Electronics,West,Online,1,124.24,0.0,124.24
101232,2023-03-12,Standing Desk,Furniture,East,Online,2,295.68,0.0,591.36
101231,2023-03-12,Water Bottle,Fitness,North,In-Store,1,13.21,0.0,13.21
101230,2023-03-12,Yoga Mat,Fitness,West,Online,2,21.35,0.0,42.7
101229,2023-03-12,Wireless Mouse,Electronics,West,Online,1,18.82,0.0,18.82
101227,2023-03-12,Water Bottle,Fitness,Central,Online,1,12.67,0.0,12.67
101219,2023-03-12,Fountain Pen,Stationery,North,Online,2,19.51,0.0,39.02
101225,2023-03-12,Desk Lamp,Furniture,West,Online,2,25.08,0.0,50.16
101224,2023-03-12,Notebook Set,Stationery,Central,Online,1,8.26,0.1,8.26
101223,2023-03-12,Bookshelf,Furniture,Central,Online,1,107.26,0.1,107.26
101222,2023-03-12,Running Shoes,Fitness,East,Online,1,70.16,0.1,70.16
101221,2023-03-12,Resistance Bands,Fitness,North,In-Store,1,14.01,0.0,14.01
101220,2023-03-12,Office Chair,Furniture,East,Online,2,128.64,0.1,257.28
101226,2023-03-12,Fountain Pen,Stationery,West,Online,2,20.44,0.0,40.88
101242,2023-03-13,Running Shoes,Fitness,South,Online,1,77.17,0.0,77.17
101247,2023-03-13,Desk Lamp,Furniture,South,Online,1,24.94,0.0,24.94
101246,2023-03-13,Dumbbell Set,Fitness,East,Online,2,76.86,0.1,153.72
101245,2023-03-13,Running Shoes,Fitness,West,Online,1,72.06,0.0,72.06
101244,2023-03-13,Desk Lamp,Furniture,South,Online,2,24.63,0.0,49.26
101243,2023-03-13,Yoga Mat,Fitness,East,In-Store,1,22.19,0.0,22.19
101241,2023-03-13,Bluetooth Speaker,Electronics,West,Online,1,47.47,0.0,47.47
101240,2023-03-13,Fountain Pen,Stationery,North,Online,1,18.86,0.0,18.86
101239,2023-03-13,Water Bottle,Fitness,North,Online,1,13.28,0.0,13.28
101238,2023-03-13,Bluetooth Speaker,Electronics,East,Online,1,39.38,0.1,39.38
101237,2023-03-13,Desk Lamp,Furniture,East,Online,1,22.16,0.1,22.16
101236,2023-03-13,Planner,Stationery,North,In-Store,1,15.29,0.0,15.29
101235,2023-03-13,Bluetooth Speaker,Electronics,West,Online,1,46.1,0.0,46.1
101234,2023-03-13,USB-C Hub,Electronics,North,Online,2,29.84,0.0,59.68
101264,2023-03-14,Bookshelf,Furniture,West,Online,1,115.53,0.0,115.53
101262,2023-03-14,Bluetooth Speaker,Electronics,South,In-Store,1,46.91,0.0,46.91
101261,2023-03-14,Standing Desk,Furniture,Central,In-Store,1,307.5,0.0,307.5
101260,2023-03-14,Water Bottle,Fitness,North,In-Store,1,12.8,0.0,12.8
101259,2023-03-14,Noise-Cancel Headphones,Electronics,North,Online,1,123.1,0.0,123.1
101258,2023-03-14,Office Chair,Furniture,South,In-Store,2,145.2,0.0,290.4
101257,2023-03-14,Noise-Cancel Headphones,Electronics,North,In-Store,4,125.77,0.0,503.08
101256,2023-03-14,Bluetooth Speaker,Electronics,North,Online,1,45.37,0.0,45.37
101263,2023-03-14,Fountain Pen,Stationery,West,Online,2,20.53,0.0,41.06
101254,2023-03-14,Mechanical Keyboard,Electronics,Central,Online,3,65.28,0.0,195.84
101253,2023-03-14,Standing Desk,Furniture,West,In-Store,3,235.67,0.2,707.01
101252,2023-03-14,Yoga Mat,Fitness,North,Online,2,22.06,0.0,44.12
101251,2023-03-14,Notebook Set,Stationery,East,Online,1,9.12,0.0,9.12
101250,2023-03-14,Planner,Stationery,West,Online,1,14.13,0.1,14.13
101249,2023-03-14,Desk Lamp,Furniture,West,In-Store,1,23.21,0.0,23.21
101248,2023-03-14,Fountain Pen,Stationery,North,Online,2,20.6,0.0,41.2
101255,2023-03-14,Mechanical Keyboard,Electronics,South,In-Store,2,50.99,0.2,101.98
101279,2023-03-15,Bookshelf,Furniture,North,Online,1,121.57,0.0,121.57
101278,2023-03-15,Office Chair,Furniture,West,In-Store,2,144.29,0.0,288.58
101277,2023-03-15,Wireless Mouse,Electronics,West,Online,1,17.12,0.1,17.12
101276,2023-03-15,Desk Lamp,Furniture,Central,Online,1,25.26,0.0,25.26
101275,2023-03-15,Wireless Mouse,Electronics,South,Online,1,16.77,0.1,16.77
101274,2023-03-15,Notebook Set,Stationery,Central,Online,1,9.32,0.0,9.32
101273,2023-03-15,Mechanical Keyboard,Electronics,South,Online,1,59.48,0.1,59.48
101270,2023-03-15,Standing Desk,Furniture,West,Online,1,294.24,0.0,294.24
101271,2023-03-15,Dumbbell Set,Fitness,Central,Online,1,93.33,0.0,93.33
101269,2023-03-15,Standing Desk,Furniture,North,In-Store,1,295.96,0.0,295.96
101268,2023-03-15,Planner,Stationery,South,Online,1,14.51,0.1,14.51
101267,2023-03-15,USB-C Hub,Electronics,South,In-Store,1,28.14,0.1,28.14
101266,2023-03-15,Bookshelf,Furniture,Central,In-Store,1,114.38,0.0,114.38
101265,2023-03-15,Water Bottle,Fitness,West,Online,1,11.9,0.1,11.9
101272,2023-03-15,Noise-Cancel Headphones,Electronics,North,In-Store,1,127.99,0.0,127.99
101286,2023-03-16,Fountain Pen,Stationery,North,In-Store,1,17.99,0.1,17.99
101289,2023-03-16,Yoga Mat,Fitness,North,Online,4,22.8,0.0,91.2
101288,2023-03-16,USB-C Hub,Electronics,South,In-Store,4,31.37,0.0,125.48
101287,2023-03-16,Mechanical Keyboard,Electronics,Central,Online,1,68.66,0.0,68.66
101290,2023-03-16,Notebook Set,Stationery,East,Online,1,7.54,0.15,7.54
101284,2023-03-16,Fountain Pen,Stationery,Central,Online,1,20.57,0.0,20.57
101283,2023-03-16,Noise-Cancel Headphones,Electronics,West,Online,1,135.2,0.0,135.2
101282,2023-03-16,Bluetooth Speaker,Electronics,South,In-Store,1,36.97,0.2,36.97
101281,2023-03-16,Running Shoes,Fitness,North,Online,1,72.1,0.0,72.1
101280,2023-03-16,Running Shoes,Fitness,East,Online,1,75.25,0.0,75.25
101285,2023-03-16,Notebook Set,Stationery,West,Online,1,9.36,0.0,9.36
101308,2023-03-17,Standing Desk,Furniture,Central,In-Store,1,306.69,0.0,306.69
101307,2023-03-17,Desk Lamp,Furniture,West,Online,2,25.25,0.0,50.5
101306,2023-03-17,Noise-Cancel Headphones,Electronics,West,Online,1,111.62,0.15,111.62
101305,2023-03-17,Water Bottle,Fitness,Central,In-Store,1,13.3,0.0,13.3
101304,2023-03-17,Desk Lamp,Furniture,Central,Online,1,24.71,0.0,24.71
101303,2023-03-17,Running Shoes,Fitness,North,Online,1,77.9,0.0,77.9
101301,2023-03-17,Standing Desk,Furniture,North,In-Store,1,274.88,0.1,274.88
101300,2023-03-17,Bluetooth Speaker,Electronics,East,In-Store,1,35.95,0.2,35.95
101302,2023-03-17,Noise-Cancel Headphones,Electronics,North,Online,1,125.94,0.0,125.94
101298,2023-03-17,Noise-Cancel Headphones,Electronics,East,In-Store,1,134.61,0.0,134.61
101297,2023-03-17,Notebook Set,Stationery,South,Online,1,9.19,0.0,9.19
101296,2023-03-17,Notebook Set,Stationery,East,Online,1,8.43,0.0,8.43
101295,2023-03-17,Water Bottle,Fitness,North,Online,2,12.17,0.1,24.34
101294,2023-03-17,Mechanical Keyboard,Electronics,West,In-Store,2,63.45,0.0,126.9
101293,2023-03-17,Desk Lamp,Furniture,South,In-Store,1,25.08,0.0,25.08
101292,2023-03-17,Desk Lamp,Furniture,South,In-Store,1,24.47,0.0,24.47
101291,2023-03-17,Noise-Cancel Headphones,Electronics,South,In-Store,1,127.67,0.0,127.67
101299,2023-03-17,USB-C Hub,Electronics,Central,In-Store,1,28.85,0.0,28.85
101323,2023-03-18,Yoga Mat,Fitness,East,Online,1,22.0,0.0,22.0
101324,2023-03-18,Wireless Mouse,Electronics,West,Online,1,18.8,0.0,18.8
101325,2023-03-18,Bookshelf,Furniture,South,In-Store,1,104.17,0.15,104.17
101326,2023-03-18,Resistance Bands,Fitness,North,In-Store,1,14.38,0.0,14.38
101331,2023-03-18,USB-C Hub,Electronics,West,In-Store,2,31.62,0.0,63.24
101328,2023-03-18,Notebook Set,Stationery,North,In-Store,1,9.15,0.0,9.15
101329,2023-03-18,Bookshelf,Furniture,South,Online,4,115.9,0.0,463.6
101330,2023-03-18,Notebook Set,Stationery,North,In-Store,1,7.52,0.15,7.52
101322,2023-03-18,Fountain Pen,Stationery,East,Online,3,20.45,0.0,61.35
101327,2023-03-18,Bookshelf,Furniture,West,In-Store,1,118.77,0.0,118.77
101321,2023-03-18,Running Shoes,Fitness,South,Online,1,73.21,0.0,73.21
101313,2023-03-18,Wireless Mouse,Electronics,North,Online,2,17.36,0.1,34.72
101319,2023-03-18,Standing Desk,Furniture,West,In-Store,2,286.92,0.0,573.84
101330,2023-03-18,Notebook Set,Stationery,North,In-Store,1,7.52,0.15,7.52
101320,2023-03-18,Desk Lamp,Furniture,Central,In-Store,1,25.14,0.0,25.14
101310,2023-03-18,Running Shoes,Fitness,East,In-Store,1,74.75,0.0,74.75
101311,2023-03-18,Desk Lamp,Furniture,South,Online,1,25.82,0.0,25.82
101312,2023-03-18,Planner,Stationery,North,Online,1,16.27,0.0,16.27
101309,2023-03-18,Standing Desk,Furniture,North,Online,1,305.88,0.0,305.88
101314,2023-03-18,Standing Desk,Furniture,South,In-Store,1,282.97,0.1,282.97
101315,2023-03-18,Yoga Mat,Fitness,Central,Online,1,17.57,0.2,17.57
101316,2023-03-18,Fountain Pen,Stationery,West,Online,1,20.95,0.0,20.95
101317,2023-03-18,Wireless Mouse,Electronics,East,Online,1,19.05,0.0,19.05
101318,2023-03-18,Mechanical Keyboard,Electronics,East,Online,1,65.77,0.0,65.77
101350,2023-03-19,Mechanical Keyboard,Electronics,North,Online,1,67.31,0.0,67.31
101349,2023-03-19,Office Chair,Furniture,East,Online,1,131.45,0.15,131.45
101348,2023-03-19,Running Shoes,Fitness,Central,In-Store,1,74.9,0.0,74.9
101347,2023-03-19,Water Bottle,Fitness,West,Online,1,12.92,0.0,12.92
101346,2023-03-19,Standing Desk,Furniture,Central,Online,1,294.86,0.0,294.86
101345,2023-03-19,Office Chair,Furniture,West,In-Store,1,149.63,0.0,149.63
101344,2023-03-19,Bookshelf,Furniture,West,In-Store,2,123.76,0.0,247.52
101343,2023-03-19,USB-C Hub,Electronics,East,Online,1,30.57,0.0,30.57
101342,2023-03-19,Fountain Pen,Stationery,Central,Online,1,18.58,0.0,18.58
101332,2023-03-19,Bookshelf,Furniture,South,Online,4,118.53,0.0,474.12
101340,2023-03-19,Noise-Cancel Headphones,Electronics,South,Online,1,128.04,0.0,128.04
101339,2023-03-19,Planner,Stationery,West,In-Store,1,16.31,0.0,16.31
101338,2023-03-19,Water Bottle,Fitness,South,In-Store,1,13.39,0.0,13.39
101337,2023-03-19,Wireless Mouse,Electronics,South,Online,1,19.39,0.0,19.39
101336,2023-03-19,Bookshelf,Furniture,South,Online,3,118.53,0.0,355.59
101335,2023-03-19,Bluetooth Speaker,Electronics,North,Online,2,44.01,0.0,88.02
101334,2023-03-19,Wireless Mouse,Electronics,North,Online,2,18.8,0.0,37.6
101333,2023-03-19,Wireless Mouse,Electronics,North,In-Store,1,18.08,0.0,18.08
101341,2023-03-19,Standing Desk,Furniture,South,Online,1,276.67,0.0,276.67
101361,2023-03-20,Office Chair,Furniture,East,Online,2,113.65,0.2,227.3
101359,2023-03-20,Notebook Set,Stationery,South,Online,1,8.83,0.0,8.83
101358,2023-03-20,Yoga Mat,Fitness,East,Online,1,20.33,0.1,20.33
101357,2023-03-20,Dumbbell Set,Fitness,South,In-Store,1,90.01,0.0,90.01
101360,2023-03-20,Running Shoes,Fitness,West,Online,1,70.32,0.0,70.32
101355,2023-03-20,Running Shoes,Fitness,Central,Online,1,63.33,0.15,63.33
101354,2023-03-20,Water Bottle,Fitness,East,Online,2,13.89,0.0,27.78
101353,2023-03-20,Running Shoes,Fitness,North,Online,1,74.55,0.0,74.55
101352,2023-03-20,Notebook Set,Stationery,East,Online,1,9.21,0.0,9.21
101351,2023-03-20,Planner,Stationery,West,In-Store,2,15.38,0.0,30.76
101356,2023-03-20,Bookshelf,Furniture,East,Online,3,124.32,0.0,372.96
101374,2023-03-21,Resistance Bands,Fitness,East,Online,2,14.69,0.0,29.38
101373,2023-03-21,Planner,Stationery,South,Online,1,16.49,0.0,16.49
101372,2023-03-21,Resistance Bands,Fitness,Central,In-Store,1,15.0,0.0,15.0
101371,2023-03-21,Mechanical Keyboard,Electronics,West,In-Store,1,65.05,0.0,65.05
101370,2023-03-21,Wireless Mouse,Electronics,North,In-Store,1,19.95,0.0,19.95
101369,2023-03-21,USB-C Hub,Electronics,East,In-Store,1,30.38,0.0,30.38
101367,2023-03-21,Noise-Cancel Headphones,Electronics,North,In-Store,1,125.4,0.0,125.4
101366,2023-03-21,Desk Lamp,Furniture,East,Online,2,25.28,0.0,50.56
101365,2023-03-21,Water Bottle,Fitness,South,In-Store,1,12.4,0.0,12.4
101364,2023-03-21,Bookshelf,Furniture,North,Online,1,120.23,0.0,120.23
101363,2023-03-21,Bookshelf,Furniture,North,Online,1,119.94,0.0,119.94
101362,2023-03-21,Fountain Pen,Stationery,Central,In-Store,3,20.27,0.0,60.81
101368,2023-03-21,Mechanical Keyboard,Electronics,East,Online,1,55.8,0.2,55.8
101382,2023-03-22,Desk Lamp,Furniture,North,Online,1,24.74,0.0,24.74
101381,2023-03-22,Bookshelf,Furniture,North,In-Store,2,118.04,0.0,236.08
101380,2023-03-22,Dumbbell Set,Fitness,South,Online,1,90.1,0.0,90.1
101377,2023-03-22,Water Bottle,Fitness,West,Online,1,13.17,0.0,13.17
101378,2023-03-22,Dumbbell Set,Fitness,North,In-Store,1,81.66,0.1,81.66
101376,2023-03-22,Standing Desk,Furniture,North,In-Store,1,288.79,0.0,288.79
101375,2023-03-22,Notebook Set,Stationery,South,Online,1,8.99,0.0,8.99
101379,2023-03-22,Wireless Mouse,Electronics,East,In-Store,1,20.15,0.0,20.15
101395,2023-03-23,USB-C Hub,Electronics,North,In-Store,2,30.71,0.0,61.42
101394,2023-03-23,Resistance Bands,Fitness,North,Online,2,13.27,0.1,26.54
101393,2023-03-23,Noise-Cancel Headphones,Electronics,East,Online,1,129.95,0.0,129.95
101392,2023-03-23,Noise-Cancel Headphones,Electronics,East,In-Store,1,106.63,0.15,106.63
101390,2023-03-23,Desk Lamp,Furniture,Central,Online,1,25.83,0.0,25.83
101391,2023-03-23,Noise-Cancel Headphones,Electronics,South,Online,3,130.9,0.0,392.7
101388,2023-03-23,Resistance Bands,Fitness,East,In-Store,2,14.39,0.0,28.78
101387,2023-03-23,Fountain Pen,Stationery,Central,Online,1,19.22,0.0,19.22
101386,2023-03-23,Dumbbell Set,Fitness,East,Online,2,93.48,0.0,186.96
101385,2023-03-23,Noise-Cancel Headphones,Electronics,West,Online,1,129.95,0.0,129.95
101384,2023-03-23,Standing Desk,Furniture,Central,Online,1,302.22,0.0,302.22
101383,2023-03-23,Fountain Pen,Stationery,East,Online,1,19.97,0.0,19.97
101389,2023-03-23,Standing Desk,Furniture,West,In-Store,1,290.48,0.0,290.48
101405,2023-03-24,Resistance Bands,Fitness,South,In-Store,1,14.28,0.0,14.28
101409,2023-03-24,Notebook Set,Stationery,North,Online,1,8.88,0.0,8.88
101408,2023-03-24,Noise-Cancel Headphones,Electronics,South,In-Store,2,130.21,0.0,260.42
101407,2023-03-24,Wireless Mouse,Electronics,North,Online,1,16.88,0.1,16.88
101406,2023-03-24,Bluetooth Speaker,Electronics,Central,Online,1,46.55,0.0,46.55
101404,2023-03-24,Office Chair,Furniture,East,In-Store,1,147.24,0.0,147.24
101399,2023-03-24,Running Shoes,Fitness,Central,Online,1,72.26,0.0,72.26
101402,2023-03-24,Bookshelf,Furniture,Central,In-Store,2,125.36,0.0,250.72
101401,2023-03-24,Resistance Bands,Fitness,South,Online,1,14.53,0.0,14.53
101400,2023-03-24,Standing Desk,Furniture,East,In-Store,1,300.46,0.0,300.46
101398,2023-03-24,Notebook Set,Stationery,Central,Online,1,8.88,0.0,8.88
101397,2023-03-24,Notebook Set,Stationery,West,In-Store,2,8.84,0.0,17.68
101396,2023-03-24,Notebook Set,Stationery,East,Online,1,8.65,0.0,8.65
101403,2023-03-24,Fountain Pen,Stationery,North,Online,1,20.39,0.0,20.39
101420,2023-03-25,Fountain Pen,Stationery,West,Online,1,20.78,0.0,20.78
101427,2023-03-25,Planner,Stationery,East,Online,2,16.37,0.0,32.74
101426,2023-03-25,Fountain Pen,Stationery,South,In-Store,1,16.71,0.15,16.71
101425,2023-03-25,USB-C Hub,Electronics,West,Online,2,25.88,0.1,51.76
101423,2023-03-25,Bluetooth Speaker,Electronics,South,Online,4,36.76,0.15,147.04
101422,2023-03-25,Wireless Mouse,Electronics,South,Online,1,18.82,0.0,18.82
101421,2023-03-25,Desk Lamp,Furniture,West,In-Store,1,24.28,0.0,24.28
101419,2023-03-25,Water Bottle,Fitness,West,Online,2,13.33,0.0,26.66
101424,2023-03-25,Bookshelf,Furniture,West,Online,4,99.12,0.15,396.48
101417,2023-03-25,Bookshelf,Furniture,Central,Online,1,113.81,0.0,113.81
101416,2023-03-25,Yoga Mat,Fitness,East,Online,1,22.45,0.0,22.45
101415,2023-03-25,Noise-Cancel Headphones,Electronics,West,In-Store,1,122.63,0.0,122.63
101414,2023-03-25,Bluetooth Speaker,Electronics,Central,Online,1,45.69,0.0,45.69
101413,2023-03-25,Standing Desk,Furniture,East,In-Store,1,318.53,0.0,318.53
101412,2023-03-25,Running Shoes,Fitness,West,Online,1,76.79,0.0,76.79
101411,2023-03-25,Bluetooth Speaker,Electronics,South,Online,1,46.41,0.0,46.41
101410,2023-03-25,Fountain Pen,Stationery,South,Online,1,19.06,0.0,19.06
101418,2023-03-25,Yoga Mat,Fitness,East,Online,1,19.05,0.1,19.05
101440,2023-03-26,Wireless Mouse,Electronics,South,Online,1,19.6,0.0,19.6
101441,2023-03-26,Mechanical Keyboard,Electronics,West,Online,2,62.45,0.0,124.9
101442,2023-03-26,USB-C Hub,Electronics,South,Online,2,29.76,0.0,59.52
101446,2023-03-26,Running Shoes,Fitness,West,In-Store,3,75.97,0.0,227.91
101445,2023-03-26,Planner,Stationery,Central,Online,1,16.65,0.0,16.65
101439,2023-03-26,Mechanical Keyboard,Electronics,East,Online,1,62.88,0.0,62.88
101443,2023-03-26,Noise-Cancel Headphones,Electronics,East,Online,1,131.07,0.0,131.07
101438,2023-03-26,Noise-Cancel Headphones,Electronics,East,Online,1,131.69,0.0,131.69
101444,2023-03-26,Noise-Cancel Headphones,Electronics,South,Online,1,131.13,0.0,131.13
101436,2023-03-26,Planner,Stationery,West,Online,1,16.06,0.0,16.06
101437,2023-03-26,Fountain Pen,Stationery,South,Online,1,20.99,0.0,20.99
101429,2023-03-26,Desk Lamp,Furniture,North,Online,2,22.25,0.1,44.5
101430,2023-03-26,Water Bottle,Fitness,North,In-Store,2,13.41,0.0,26.82
101431,2023-03-26,Bluetooth Speaker,Electronics,North,Online,2,45.55,0.0,91.1
101428,2023-03-26,Desk Lamp,Furniture,South,Online,1,23.46,0.0,23.46
101433,2023-03-26,Notebook Set,Stationery,East,Online,1,8.23,0.0,8.23
101434,2023-03-26,Resistance Bands,Fitness,Central,In-Store,1,14.24,0.0,14.24
101435,2023-03-26,Yoga Mat,Fitness,East,In-Store,3,21.04,0.0,63.12
101432,2023-03-26,Yoga Mat,Fitness,West,In-Store,1,21.81,0.0,21.81
101461,2023-03-27,Water Bottle,Fitness,East,Online,2,12.69,0.0,25.38
101460,2023-03-27,Planner,Stationery,West,Online,1,13.53,0.15,13.53
101459,2023-03-27,Fountain Pen,Stationery,South,Online,1,20.13,0.0,20.13
101458,2023-03-27,Office Chair,Furniture,West,In-Store,1,149.57,0.0,149.57
101457,2023-03-27,Notebook Set,Stationery,North,In-Store,1,9.33,0.0,9.33
101456,2023-03-27,Notebook Set,Stationery,South,Online,2,7.04,0.2,14.08
101455,2023-03-27,Bookshelf,Furniture,East,Online,1,118.03,0.0,118.03
101453,2023-03-27,Office Chair,Furniture,South,Online,1,153.24,0.0,153.24
101452,2023-03-27,Water Bottle,Fitness,West,Online,1,12.69,0.0,12.69
101451,2023-03-27,Office Chair,Furniture,South,In-Store,1,131.61,0.1,131.61
101450,2023-03-27,USB-C Hub,Electronics,South,In-Store,2,30.15,0.0,60.3
101449,2023-03-27,Desk Lamp,Furniture,East,Online,1,25.48,0.0,25.48
101448,2023-03-27,Bookshelf,Furniture,Central,In-Store,1,123.66,0.0,123.66
101447,2023-03-27,Notebook Set,Stationery,East,In-Store,1,9.1,0.0,9.1
101454,2023-03-27,USB-C Hub,Electronics,North,Online,1,29.63,0.0,29.63
101471,2023-03-28,Bluetooth Speaker,Electronics,South,Online,2,45.98,0.0,91.96
101476,2023-03-28,Standing Desk,Furniture,North,Online,1,308.85,0.0,308.85
101475,2023-03-28,Dumbbell Set,Fitness,Central,Online,1,91.43,0.0,91.43
101474,2023-03-28,Yoga Mat,Fitness,East,Online,2,22.36,0.0,44.72
101473,2023-03-28,Standing Desk,Furniture,North,Online,1,302.82,0.0,302.82
101472,2023-03-28,Office Chair,Furniture,West,In-Store,1,148.87,0.0,148.87
101470,2023-03-28,Bookshelf,Furniture,South,Online,1,122.48,0.0,122.48
101462,2023-03-28,Desk Lamp,Furniture,Central,In-Store,1,22.75,0.15,22.75
101468,2023-03-28,Dumbbell Set,Fitness,Central,Online,1,89.25,0.0,89.25
101467,2023-03-28,Mechanical Keyboard,Electronics,North,In-Store,4,62.51,0.0,250.04
101466,2023-03-28,Office Chair,Furniture,North,In-Store,2,156.51,0.0,313.02
101465,2023-03-28,Bluetooth Speaker,Electronics,West,Online,1,44.6,0.0,44.6
101464,2023-03-28,Resistance Bands,Fitness,Central,Online,1,14.74,0.0,14.74
101463,2023-03-28,Yoga Mat,Fitness,North,In-Store,1,,0.0,22.92
101469,2023-03-28,Noise-Cancel Headphones,Electronics,Central,Online,1,132.7,0.0,132.7
101490,2023-03-29,Bluetooth Speaker,Electronics,West,In-Store,1,42.43,0.0,42.43
101489,2023-03-29,Planner,Stationery,West,Online,4,15.17,0.0,60.68
101488,2023-03-29,Bluetooth Speaker,Electronics,North,In-Store,2,44.83,0.0,89.66
101487,2023-03-29,Standing Desk,Furniture,South,Online,3,292.79,0.0,878.37
101486,2023-03-29,Fountain Pen,Stationery,Central,Online,1,20.89,0.0,20.89
101484,2023-03-29,Fountain Pen,Stationery,West,Online,1,20.23,0.0,20.23
101485,2023-03-29,Planner,Stationery,West,Online,1,16.19,0.0,16.19
101482,2023-03-29,Dumbbell Set,Fitness,East,Online,1,90.42,0.0,90.42
101481,2023-03-29,Yoga Mat,Fitness,North,Online,1,21.66,0.0,21.66
101480,2023-03-29,USB-C Hub,Electronics,South,Online,1,29.21,0.0,29.21
101479,2023-03-29,Planner,Stationery,South,Online,1,16.28,0.0,16.28
101478,2023-03-29,Dumbbell Set,Fitness,East,Online,1,94.41,0.0,94.41
101477,2023-03-29,Dumbbell Set,Fitness,South,Online,2,75.95,0.15,151.9
101483,2023-03-29,Noise-Cancel Headphones,Electronics,South,In-Store,1,127.28,0.0,127.28
101502,2023-03-30,Noise-Cancel Headphones,Electronics,North,In-Store,1,110.38,0.15,110.38
101508,2023-03-30,Desk Lamp,Furniture,South,In-Store,3,24.61,0.0,73.83
101507,2023-03-30,USB-C Hub,Electronics,East,Online,1,31.21,0.0,31.21
101506,2023-03-30,Mechanical Keyboard,Electronics,North,Online,1,62.91,0.0,62.91
101505,2023-03-30,Bluetooth Speaker,Electronics,South,Online,1,41.56,0.1,41.56
101504,2023-03-30,Notebook Set,Stationery,West,Online,2,8.58,0.0,17.16
101503,2023-03-30,Mechanical Keyboard,Electronics,South,Online,1,63.98,0.0,63.98
101501,2023-03-30,Bluetooth Speaker,Electronics,East,Online,1,45.13,0.0,45.13
101492,2023-03-30,Fountain Pen,Stationery,South,Online,2,20.0,0.0,40.0
101499,2023-03-30,Noise-Cancel Headphones,Electronics,Central,Online,1,130.85,0.0,130.85
101498,2023-03-30,Notebook Set,Stationery,Central,Online,3,8.84,0.0,26.52
101497,2023-03-30,Fountain Pen,Stationery,South,Online,1,19.71,0.0,19.71
101496,2023-03-30,Office Chair,Furniture,North,Online,1,150.97,0.0,150.97
101495,2023-03-30,Dumbbell Set,Fitness,East,Online,1,94.45,0.0,94.45
101494,2023-03-30,Resistance Bands,Fitness,South,Online,1,12.47,0.15,12.47
101493,2023-03-30,Noise-Cancel Headphones,Electronics,North,Online,1,121.11,0.0,121.11
101491,2023-03-30,Desk Lamp,Furniture,North,Online,1,25.14,0.0,25.14
101500,2023-03-30,USB-C Hub,Electronics,East,Online,1,30.04,0.0,30.04
101517,2023-03-31,USB-C Hub,Electronics,South,Online,1,29.41,0.0,29.41
101521,2023-03-31,USB-C Hub,Electronics,West,Online,1,28.96,0.0,28.96
101520,2023-03-31,Notebook Set,Stationery,East,Online,3,8.22,0.1,24.66
101519,2023-03-31,Wireless Mouse,Electronics,South,Online,1,18.82,0.0,18.82
101516,2023-03-31,Office Chair,Furniture,East,In-Store,2,130.78,0.15,261.56
101518,2023-03-31,Yoga Mat,Fitness,South,Online,1,18.23,0.2,18.23
101514,2023-03-31,Fountain Pen,Stationery,South,Online,2,18.6,0.1,37.2
101510,2023-03-31,Water Bottle,Fitness,North,Online,1,12.89,0.0,12.89
101511,2023-03-31,Running Shoes,Fitness,East,Online,2,67.38,0.1,134.76
101515,2023-03-31,Bluetooth Speaker,Electronics,West,Online,1,42.72,0.0,42.72
101509,2023-03-31,Fountain Pen,Stationery,North,In-Store,2,20.28,0.0,40.56
101513,2023-03-31,Yoga Mat,Fitness,South,Online,1,18.57,0.15,18.57
101512,2023-03-31,Resistance Bands,Fitness,Central,In-Store,1,14.66,0.0,14.66
101532,2023-04-01,USB-C Hub,Electronics,West,Online,2,30.79,0.0,61.58
101531,2023-04-01,Resistance Bands,Fitness,North,Online,1,14.02,0.0,14.02
101529,2023-04-01,Desk Lamp,Furniture,West,Online,1,25.17,0.0,25.17
101527,2023-04-01,Office Chair,Furniture,Central,In-Store,2,150.26,0.0,300.52
101530,2023-04-01,Office Chair,Furniture,South,Online,2,150.24,0.0,300.48
101525,2023-04-01,Planner,Stationery,South,In-Store,1,16.97,0.0,16.97
101524,2023-04-01,Bookshelf,Furniture,South,Online,2,113.25,0.0,226.5
101523,2023-04-01,Dumbbell Set,Fitness,West,Online,1,89.01,0.0,89.01
101522,2023-04-01,Yoga Mat,Fitness,East,In-Store,1,21.28,0.0,21.28
101526,2023-04-01,USB-C Hub,Electronics,North,Online,2,29.08,0.0,58.16
101528,2023-04-01,Bookshelf,Furniture,South,Online,1,103.68,0.1,103.68
101542,2023-04-02,Mechanical Keyboard,Electronics,Central,Online,1,61.73,0.1,61.73
101548,2023-04-02,Standing Desk,Furniture,Central,Online,1,307.54,0.0,307.54
101547,2023-04-02,Water Bottle,Fitness,Central,In-Store,2,13.89,0.0,27.78
101546,2023-04-02,Noise-Cancel Headphones,Electronics,South,In-Store,1,126.26,0.0,126.26
101545,2023-04-02,Bluetooth Speaker,Electronics,North,Online,1,44.63,0.0,44.63
101544,2023-04-02,Bookshelf,Furniture,East,Online,1,113.65,0.0,113.65
101543,2023-04-02,USB-C Hub,Electronics,North,Online,3,29.9,0.0,89.7
101540,2023-04-02,Noise-Cancel Headphones,Electronics,West,Online,1,131.44,0.0,131.44
101539,2023-04-02,Resistance Bands,Fitness,South,Online,1,15.01,0.0,15.01
101538,2023-04-02,Dumbbell Set,Fitness,South,In-Store,1,88.06,0.0,88.06
101537,2023-04-02,Running Shoes,Fitness,West,Online,2,73.64,0.0,147.28
101536,2023-04-02,Water Bottle,Fitness,North,In-Store,1,11.11,0.15,11.11
101535,2023-04-02,Mechanical Keyboard,Electronics,South,Online,1,67.69,0.0,67.69
101534,2023-04-02,Water Bottle,Fitness,Central,In-Store,1,11.42,0.15,11.42
101533,2023-04-02,Resistance Bands,Fitness,East,In-Store,1,14.29,0.0,14.29
101541,2023-04-02,Resistance Bands,Fitness,South,Online,1,14.57,0.0,14.57
101559,2023-04-03,Yoga Mat,Fitness,East,Online,3,18.58,0.15,55.74
101558,2023-04-03,Running Shoes,Fitness,East,In-Store,1,74.86,0.0,74.86
101557,2023-04-03,Fountain Pen,Stationery,East,Online,2,15.72,0.2,31.44
101556,2023-04-03,Fountain Pen,Stationery,North,Online,1,19.49,0.0,19.49
101555,2023-04-03,Resistance Bands,Fitness,Central,Online,1,14.45,0.0,14.45
101553,2023-04-03,Office Chair,Furniture,South,Online,1,155.97,0.0,155.97
101552,2023-04-03,Wireless Mouse,Electronics,North,Online,1,19.47,0.0,19.47
101551,2023-04-03,Mechanical Keyboard,Electronics,North,In-Store,1,65.38,0.0,65.38
101550,2023-04-03,Standing Desk,Furniture,Central,In-Store,2,283.87,0.1,567.74
101549,2023-04-03,Fountain Pen,Stationery,South,In-Store,2,15.53,0.2,31.06
101554,2023-04-03,Mechanical Keyboard,Electronics,West,Online,1,59.75,0.0,59.75
101567,2023-04-04,Office Chair,Furniture,West,Online,2,153.5,0.0,307.0
101570,2023-04-04,Mechanical Keyboard,Electronics,South,Online,3,66.27,0.0,198.81
101569,2023-04-04,Dumbbell Set,Fitness,South,Online,1,91.07,0.0,91.07
101568,2023-04-04,Desk Lamp,Furniture,South,In-Store,2,25.39,0.0,50.78
101566,2023-04-04,Mechanical Keyboard,Electronics,West,Online,1,65.1,0.0,65.1
101562,2023-04-04,USB-C Hub,Electronics,South,Online,1,31.21,0.0,31.21
101564,2023-04-04,Desk Lamp,Furniture,North,In-Store,1,25.39,0.0,25.39
101563,2023-04-04,Dumbbell Set,Fitness,South,Online,1,92.87,0.0,92.87
101560,2023-04-04,Fountain Pen,Stationery,North,Online,1,16.48,0.15,16.48
101561,2023-04-04,Notebook Set,Stationery,Central,Online,1,9.58,0.0,9.58
101565,2023-04-04,Desk Lamp,Furniture,South,Online,1,25.71,0.0,25.71
101584,2023-04-05,Resistance Bands,Fitness,West,In-Store,2,12.43,0.1,24.86
101583,2023-04-05,Desk Lamp,Furniture,Central,Online,1,22.94,0.1,22.94
101582,2023-04-05,Bluetooth Speaker,Electronics,East,Online,2,45.97,0.0,91.94
101581,2023-04-05,Resistance Bands,Fitness,South,Online,1,14.98,0.0,14.98
101580,2023-04-05,Wireless Mouse,Electronics,North,Online,2,15.22,0.2,30.44
101579,2023-04-05,Mechanical Keyboard,Electronics,South,In-Store,2,61.8,0.0,123.6
101577,2023-04-05,Bookshelf,Furniture,North,In-Store,1,119.95,0.0,119.95
101576,2023-04-05,Bluetooth Speaker,Electronics,South,Online,1,44.8,0.0,44.8
101575,2023-04-05,Running Shoes,Fitness,North,In-Store,3,73.83,0.0,221.49
101574,2023-04-05,Dumbbell Set,Fitness,East,In-Store,1,87.29,0.0,87.29
101573,2023-04-05,Planner,Stationery,South,Online,1,15.73,0.0,15.73
101572,2023-04-05,Notebook Set,Stationery,West,Online,1,8.47,0.0,8.47
101571,2023-04-05,Dumbbell Set,Fitness,Central,Online,1,77.59,0.15,77.59
101578,2023-04-05,Resistance Bands,Fitness,South,Online,1,14.76,0.0,14.76
101592,2023-04-06,Yoga Mat,Fitness,North,Online,2,21.43,0.0,42.86
101593,2023-04-06,Running Shoes,Fitness,North,In-Store,1,79.38,0.0,79.38
101590,2023-04-06,Notebook Set,Stationery,South,Online,1,8.45,0.0,8.45
101591,2023-04-06,Notebook Set,Stationery,North,Online,1,9.03,0.0,9.03
101588,2023-04-06,Standing Desk,Furniture,West,Online,2,296.35,0.0,592.7
101585,2023-04-06,Bluetooth Speaker,Electronics,North,Online,4,45.1,0.0,180.4
101587,2023-04-06,Planner,Stationery,South,Online,1,15.56,0.0,15.56
101586,2023-04-06,USB-C Hub,Electronics,South,Online,1,31.16,0.0,31.16
101589,2023-04-06,Planner,Stationery,East,Online,1,16.53,0.0,16.53
101606,2023-04-07,Yoga Mat,Fitness,South,Online,1,22.34,0.0,22.34
101605,2023-04-07,Notebook Set,Stationery,Central,In-Store,1,9.22,0.0,9.22
101604,2023-04-07,Running Shoes,Fitness,East,In-Store,2,77.97,0.0,155.94
101603,2023-04-07,Office Chair,Furniture,South,Online,1,148.12,0.0,148.12
101601,2023-04-07,Dumbbell Set,Fitness,North,Online,2,92.11,0.0,184.22
101602,2023-04-07,Running Shoes,Fitness,North,Online,1,75.03,0.0,75.03
101599,2023-04-07,Running Shoes,Fitness,Central,Online,1,70.13,0.0,70.13
101598,2023-04-07,Planner,Stationery,East,Online,1,15.98,0.0,15.98
101597,2023-04-07,Dumbbell Set,Fitness,East,Online,2,86.36,0.0,172.72
101596,2023-04-07,Resistance Bands,Fitness,North,Online,1,14.18,0.0,14.18
101595,2023-04-07,Bluetooth Speaker,Electronics,East,Online,1,46.48,0.0,46.48
101594,2023-04-07,Desk Lamp,Furniture,West,In-Store,1,24.86,0.0,24.86
101600,2023-04-07,Dumbbell Set,Fitness,East,Online,1,93.8,0.0,93.8
101623,2023-04-08,Desk Lamp,Furniture,North,In-Store,1,23.88,0.0,23.88
101622,2023-04-08,Desk Lamp,Furniture,East,In-Store,1,24.62,0.0,24.62
101621,2023-04-08,Resistance Bands,Fitness,South,In-Store,1,14.2,0.0,14.2
101617,2023-04-08,Bookshelf,Furniture,North,Online,1,124.26,0.0,124.26
101620,2023-04-08,Mechanical Keyboard,Electronics,North,Online,2,52.45,0.15,104.9
101619,2023-04-08,Notebook Set,Stationery,North,In-Store,2,8.24,0.1,16.48
101618,2023-04-08,Standing Desk,Furniture,North,Online,1,304.7,0.0,304.7
101616,2023-04-08,Notebook Set,Stationery,West,Online,1,7.36,0.2,7.36
101610,2023-04-08,Office Chair,Furniture,North,In-Store,1,121.58,0.2,121.58
101614,2023-04-08,Standing Desk,Furniture,North,In-Store,1,231.66,0.2,231.66
101613,2023-04-08,Yoga Mat,Fitness,Central,Online,1,18.38,0.15,18.38
101612,2023-04-08,Bookshelf,Furniture,West,In-Store,2,120.89,0.0,241.78
101611,2023-04-08,Wireless Mouse,Electronics,Central,In-Store,2,18.69,0.0,37.38
101609,2023-04-08,Wireless Mouse,Electronics,South,Online,1,20.16,0.0,20.16
101608,2023-04-08,Noise-Cancel Headphones,Electronics,North,Online,1,101.9,0.2,101.9
101607,2023-04-08,Planner,Stationery,South,Online,2,15.59,0.0,31.18
101615,2023-04-08,Planner,Stationery,South,Online,2,15.04,0.0,30.08
101634,2023-04-09,Wireless Mouse,Electronics,South,In-Store,3,18.14,0.0,54.42
101633,2023-04-09,Water Bottle,Fitness,South,In-Store,1,13.38,0.0,13.38
101632,2023-04-09,Standing Desk,Furniture,East,Online,2,300.96,0.0,601.92
101631,2023-04-09,Fountain Pen,Stationery,North,In-Store,1,20.02,0.0,20.02
101630,2023-04-09,USB-C Hub,Electronics,West,In-Store,1,31.22,0.0,31.22
101635,2023-04-09,Office Chair,Furniture,West,In-Store,1,157.28,0.0,157.28
101628,2023-04-09,Wireless Mouse,Electronics,East,Online,1,19.65,0.0,19.65
101627,2023-04-09,Bluetooth Speaker,Electronics,North,In-Store,2,45.34,0.0,90.68
101626,2023-04-09,Bookshelf,Furniture,South,Online,2,117.28,0.0,234.56
101625,2023-04-09,Bookshelf,Furniture,East,Online,2,121.75,0.0,243.5
101624,2023-04-09,Yoga Mat,Fitness,Central,In-Store,2,19.77,0.1,39.54
101629,2023-04-09,Wireless Mouse,Electronics,North,Online,1,18.74,0.0,18.74
101645,2023-04-10,Notebook Set,Stationery,North,Online,2,8.48,0.0,16.96
101644,2023-04-10,Resistance Bands,Fitness,West,Online,1,14.02,0.0,14.02
101643,2023-04-10,Running Shoes,Fitness,North,Online,1,78.0,0.0,78.0
101641,2023-04-10,Dumbbell Set,Fitness,East,In-Store,1,92.12,0.0,92.12
101642,2023-04-10,Standing Desk,Furniture,South,Online,3,298.43,0.0,895.29
101639,2023-04-10,Mechanical Keyboard,Electronics,South,Online,1,63.25,0.0,63.25
101638,2023-04-10,Office Chair,Furniture,Central,In-Store,2,129.03,0.1,258.06
101637,2023-04-10,Yoga Mat,Fitness,North,Online,1,22.16,0.0,22.16
101636,2023-04-10,Bluetooth Speaker,Electronics,East,Online,2,44.81,0.0,89.62
101640,2023-04-10,Bluetooth Speaker,Electronics,Central,Online,1,42.25,0.1,42.25
101657,2023-04-11,Bookshelf,Furniture,East,In-Store,1,119.59,0.0,119.59
101663,2023-04-11,Notebook Set,Stationery,East,Online,1,9.53,0.0,9.53
101662,2023-04-11,Wireless Mouse,Electronics,South,Online,1,18.84,0.0,18.84
101661,2023-04-11,Office Chair,Furniture,North,In-Store,3,119.62,0.15,358.86
101660,2023-04-11,Fountain Pen,Stationery,South,Online,1,19.67,0.0,19.67
101659,2023-04-11,Desk Lamp,Furniture,East,Online,4,25.58,0.0,102.32
101658,2023-04-11,Standing Desk,Furniture,North,In-Store,1,283.22,0.0,283.22
101656,2023-04-11,Running Shoes,Fitness,South,Online,2,68.61,0.1,137.22
101649,2023-04-11,Mechanical Keyboard,Electronics,North,Online,1,67.52,0.0,67.52
101654,2023-04-11,Yoga Mat,Fitness,South,Online,2,22.08,0.0,44.16
101653,2023-04-11,Office Chair,Furniture,Central,Online,1,139.15,0.1,139.15
101652,2023-04-11,Running Shoes,Fitness,West,In-Store,1,76.98,0.0,76.98
101651,2023-04-11,Planner,Stationery,West,Online,1,16.65,0.0,16.65
101650,2023-04-11,Running Shoes,Fitness,East,In-Store,1,74.28,0.0,74.28
101646,2023-04-11,Fountain Pen,Stationery,South,Online,1,20.49,0.0,20.49
101648,2023-04-11,Water Bottle,Fitness,South,Online,1,13.16,0.0,13.16
101647,2023-04-11,Office Chair,Furniture,West,Online,1,130.67,0.1,130.67
101655,2023-04-11,Noise-Cancel Headphones,Electronics,North,Online,2,114.92,0.1,229.84
101673,2023-04-12,Dumbbell Set,Fitness,North,Online,1,89.91,0.0,89.91
101672,2023-04-12,Running Shoes,Fitness,South,Online,1,75.76,0.0,75.76
101671,2023-04-12,Office Chair,Furniture,East,In-Store,1,138.37,0.1,138.37
101670,2023-04-12,Noise-Cancel Headphones,Electronics,West,In-Store,1,112.03,0.15,112.03
101667,2023-04-12,Bluetooth Speaker,Electronics,East,Online,2,38.95,0.15,77.9
101668,2023-04-12,Resistance Bands,Fitness,West,Online,1,14.47,0.0,14.47
101666,2023-04-12,Bookshelf,Furniture,South,Online,2,125.84,0.0,251.68
101665,2023-04-12,Notebook Set,Stationery,Central,Online,2,8.96,0.0,17.92
101664,2023-04-12,Bluetooth Speaker,Electronics,West,In-Store,1,43.6,0.0,43.6
101669,2023-04-12,Standing Desk,Furniture,West,Online,1,297.16,0.0,297.16
101681,2023-04-13,Noise-Cancel Headphones,Electronics,West,Online,2,124.88,0.0,249.76
101683,2023-04-13,Bluetooth Speaker,Electronics,Central,Online,1,46.05,0.0,46.05
101682,2023-04-13,Notebook Set,Stationery,South,Online,1,7.95,0.1,7.95
101680,2023-04-13,Bookshelf,Furniture,Central,Online,1,119.14,0.0,119.14
101677,2023-04-13,Desk Lamp,Furniture,South,Online,1,25.7,0.0,25.7
101678,2023-04-13,Resistance Bands,Fitness,North,In-Store,1,14.22,0.0,14.22
101674,2023-04-13,Bookshelf,Furniture,North,Online,1,127.62,0.0,127.62
101676,2023-04-13,Planner,Stationery,South,Online,1,16.13,0.0,16.13
101675,2023-04-13,Running Shoes,Fitness,South,In-Store,1,72.01,0.0,72.01
101679,2023-04-13,Bookshelf,Furniture,North,Online,2,110.39,0.1,220.78
101693,2023-04-14,Water Bottle,Fitness,South,In-Store,1,13.18,0.0,13.18
101692,2023-04-14,Mechanical Keyboard,Electronics,North,Online,1,65.45,0.0,65.45
101691,2023-04-14,Notebook Set,Stationery,West,Online,1,8.98,0.0,8.98
101690,2023-04-14,Dumbbell Set,Fitness,Central,Online,1,94.21,0.0,94.21
101689,2023-04-14,Resistance Bands,Fitness,West,Online,3,11.77,0.2,35.31
101687,2023-04-14,Running Shoes,Fitness,West,Online,1,78.21,0.0,78.21
101686,2023-04-14,Wireless Mouse,Electronics,Central,In-Store,1,17.51,0.0,17.51
101685,2023-04-14,Desk Lamp,Furniture,South,Online,2,25.26,0.0,50.52
101684,2023-04-14,Resistance Bands,Fitness,East,Online,1,14.52,0.0,14.52
101688,2023-04-14,Fountain Pen,Stationery,South,In-Store,1,19.34,0.0,19.34
101701,2023-04-15,Resistance Bands,Fitness,Central,Online,2,14.5,0.0,29.0
101703,2023-04-15,Office Chair,Furniture,East,Online,1,146.96,0.0,146.96
101702,2023-04-15,Fountain Pen,Stationery,East,In-Store,1,19.99,0.0,19.99
101700,2023-04-15,Noise-Cancel Headphones,Electronics,Central,In-Store,1,132.05,0.0,132.05
101695,2023-04-15,Notebook Set,Stationery,South,Online,4,9.36,0.0,37.44
101698,2023-04-15,Water Bottle,Fitness,North,In-Store,1,13.14,0.0,13.14
101697,2023-04-15,Office Chair,Furniture,West,In-Store,1,154.87,0.0,154.87
101696,2023-04-15,Yoga Mat,Fitness,South,Online,1,21.54,0.0,21.54
101694,2023-04-15,Wireless Mouse,Electronics,East,In-Store,1,19.55,0.0,19.55
101699,2023-04-15,Running Shoes,Fitness,North,Online,1,58.67,0.2,58.67
101716,2023-04-16,Dumbbell Set,Fitness,North,Online,1,92.86,0.0,92.86
101715,2023-04-16,USB-C Hub,Electronics,South,Online,2,26.53,0.1,53.06
101714,2023-04-16,Fountain Pen,Stationery,Central,In-Store,3,18.44,0.0,55.32
101713,2023-04-16,Standing Desk,Furniture,East,Online,1,297.39,0.0,297.39
101712,2023-04-16,Office Chair,Furniture,South,Online,1,155.99,0.0,155.99
101711,2023-04-16,Bluetooth Speaker,Electronics,South,In-Store,1,46.96,0.0,46.96
101717,2023-04-16,Running Shoes,Fitness,South,In-Store,1,75.6,0.0,75.6
101709,2023-04-16,Mechanical Keyboard,Electronics,East,Online,2,64.6,0.0,129.2
101708,2023-04-16,USB-C Hub,Electronics,North,In-Store,1,26.91,0.1,26.91
101707,2023-04-16,Bluetooth Speaker,Electronics,East,Online,1,46.26,0.0,46.26
101706,2023-04-16,Dumbbell Set,Fitness,East,Online,1,89.27,0.0,89.27
101705,2023-04-16,Bookshelf,Furniture,West,In-Store,2,120.04,0.0,240.08
101704,2023-04-16,Standing Desk,Furniture,North,In-Store,1,233.75,0.2,233.75
101710,2023-04-16,Planner,Stationery,West,Online,1,16.28,0.0,16.28
101726,2023-04-17,Office Chair,Furniture,South,Online,2,134.19,0.1,268.38
101725,2023-04-17,Planner,Stationery,North,In-Store,1,16.38,0.0,16.38
101724,2023-04-17,Running Shoes,Fitness,Central,Online,2,76.81,0.0,153.62
101723,2023-04-17,Noise-Cancel Headphones,Electronics,West,Online,2,123.73,0.0,247.46
101721,2023-04-17,Bookshelf,Furniture,West,Online,2,115.53,0.0,231.06
101720,2023-04-17,Yoga Mat,Fitness,South,In-Store,1,18.45,0.15,18.45
101719,2023-04-17,Mechanical Keyboard,Electronics,North,Online,1,57.91,0.1,57.91
101718,2023-04-17,Office Chair,Furniture,South,In-Store,3,155.3,0.0,465.9
101722,2023-04-17,Running Shoes,Fitness,Central,Online,1,73.19,0.0,73.19
101743,2023-04-18,Running Shoes,Fitness,Central,In-Store,1,72.08,0.0,72.08
101737,2023-04-18,Resistance Bands,Fitness,West,In-Store,2,13.99,0.0,27.98
101741,2023-04-18,Water Bottle,Fitness,South,Online,2,10.65,0.15,21.3
101740,2023-04-18,Yoga Mat,Fitness,Central,Online,1,23.16,0.0,23.16
101739,2023-04-18,Resistance Bands,Fitness,Central,Online,1,14.38,0.0,14.38
101738,2023-04-18,Dumbbell Set,Fitness,South,In-Store,2,89.72,0.0,179.44
101736,2023-04-18,Running Shoes,Fitness,South,Online,2,74.54,0.0,149.08
101742,2023-04-18,Standing Desk,Furniture,Central,In-Store,1,312.9,0.0,312.9
101734,2023-04-18,Planner,Stationery,South,In-Store,2,16.05,0.0,32.1
101733,2023-04-18,Water Bottle,Fitness,South,Online,1,13.31,0.0,13.31
101732,2023-04-18,Notebook Set,Stationery,Central,Online,1,9.2,0.0,9.2
101731,2023-04-18,Running Shoes,Fitness,North,Online,1,76.43,0.0,76.43
101730,2023-04-18,Desk Lamp,Furniture,West,Online,3,20.32,0.15,60.96
101729,2023-04-18,Standing Desk,Furniture,South,In-Store,1,287.39,0.0,287.39
101728,2023-04-18,Planner,Stationery,East,In-Store,1,17.12,0.0,17.12
101727,2023-04-18,Water Bottle,Fitness,North,In-Store,1,11.58,0.1,11.58
101735,2023-04-18,Mechanical Keyboard,Electronics,East,Online,1,60.9,0.0,60.9
101753,2023-04-19,Notebook Set,Stationery,West,In-Store,1,7.37,0.15,7.37
101752,2023-04-19,Notebook Set,Stationery,South,Online,1,9.13,0.0,9.13
101751,2023-04-19,Water Bottle,Fitness,Central,In-Store,1,12.51,0.0,12.51
101750,2023-04-19,Fountain Pen,Stationery,South,Online,1,21.08,0.0,21.08
101749,2023-04-19,Water Bottle,Fitness,North,Online,1,13.45,0.0,13.45
101748,2023-04-19,Notebook Set,Stationery,South,In-Store,1,9.33,0.0,9.33
101747,2023-04-19,Standing Desk,Furniture,East,Online,1,296.56,0.0,296.56
101746,2023-04-19,Planner,Stationery,North,Online,1,14.78,0.1,14.78
101745,2023-04-19,Yoga Mat,Fitness,West,Online,3,21.42,0.0,64.26
101744,2023-04-19,Yoga Mat,Fitness,West,In-Store,1,19.51,0.1,19.51
101770,2023-04-20,Mechanical Keyboard,Electronics,West,Online,1,64.94,0.0,64.94
101769,2023-04-20,Dumbbell Set,Fitness,East,Online,1,87.79,0.0,87.79
101768,2023-04-20,Desk Lamp,Furniture,East,Online,1,22.79,0.1,22.79
101767,2023-04-20,Desk Lamp,Furniture,North,Online,1,24.2,0.0,24.2
101766,2023-04-20,Notebook Set,Stationery,Central,Online,1,8.82,0.0,8.82
101765,2023-04-20,Resistance Bands,Fitness,South,Online,1,14.62,0.0,14.62
101764,2023-04-20,Planner,Stationery,Central,Online,3,16.01,0.0,48.03
101763,2023-04-20,Yoga Mat,Fitness,South,In-Store,1,22.04,0.0,22.04
101756,2023-04-20,Bookshelf,Furniture,Central,In-Store,1,114.21,0.0,114.21
101761,2023-04-20,USB-C Hub,Electronics,East,Online,1,29.74,0.0,29.74
101760,2023-04-20,Yoga Mat,Fitness,North,In-Store,1,22.92,0.0,22.92
101759,2023-04-20,Yoga Mat,Fitness,South,In-Store,1,23.22,0.0,23.22
101758,2023-04-20,Planner,Stationery,North,Online,1,15.62,0.0,15.62
101757,2023-04-20,Standing Desk,Furniture,North,In-Store,2,296.29,0.0,592.58
101755,2023-04-20,Notebook Set,Stationery,West,In-Store,1,8.83,0.0,8.83
101754,2023-04-20,Bluetooth Speaker,Electronics,South,Online,1,40.48,0.1,40.48
101762,2023-04-20,USB-C Hub,Electronics,West,Online,1,32.36,0.0,32.36
101778,2023-04-21,Wireless Mouse,Electronics,West,Online,1,19.66,0.0,19.66
101781,2023-04-21,USB-C Hub,Electronics,Central,Online,2,29.67,0.0,59.34
101780,2023-04-21,Notebook Set,Stationery,North,In-Store,2,8.96,0.0,17.92
101779,2023-04-21,Bluetooth Speaker,Electronics,West,Online,1,45.21,0.0,45.21
101777,2023-04-21,Water Bottle,Fitness,Central,Online,1,12.94,0.0,12.94
101782,2023-04-21,Resistance Bands,Fitness,Central,Online,3,14.82,0.0,44.46
101775,2023-04-21,Yoga Mat,Fitness,Central,In-Store,2,22.93,0.0,45.86
101774,2023-04-21,Planner,Stationery,West,Online,2,16.43,0.0,32.86
101773,2023-04-21,Water Bottle,Fitness,West,In-Store,1,11.75,0.1,11.75
101772,2023-04-21,Planner,Stationery,East,Online,1,15.81,0.0,15.81
101771,2023-04-21,Mechanical Keyboard,Electronics,South,Online,2,64.45,0.0,128.9
101776,2023-04-21,Planner,Stationery,West,In-Store,1,15.41,0.0,15.41
101800,2023-04-22,Office Chair,Furniture,East,In-Store,1,151.46,0.0,151.46
101799,2023-04-22,Yoga Mat,Fitness,South,Online,1,22.86,0.0,22.86
101798,2023-04-22,USB-C Hub,Electronics,South,In-Store,1,30.14,0.0,30.14
101797,2023-04-22,Desk Lamp,Furniture,Central,Online,1,24.47,0.0,24.47
101796,2023-04-22,Wireless Mouse,Electronics,West,Online,1,19.11,0.0,19.11
101795,2023-04-22,Bookshelf,Furniture,South,In-Store,1,122.75,0.0,122.75
101794,2023-04-22,USB-C Hub,Electronics,East,Online,1,29.5,0.0,29.5
101792,2023-04-22,Notebook Set,Stationery,North,Online,1,9.18,0.0,9.18
101793,2023-04-22,Dumbbell Set,Fitness,West,In-Store,1,89.21,0.0,89.21
101790,2023-04-22,Mechanical Keyboard,Electronics,South,Online,1,68.1,0.0,68.1
101789,2023-04-22,USB-C Hub,Electronics,Central,Online,2,29.33,0.0,58.66
101788,2023-04-22,Bookshelf,Furniture,South,In-Store,1,96.79,0.15,96.79
101787,2023-04-22,Running Shoes,Fitness,North,Online,1,77.19,0.0,77.19
101786,2023-04-22,Dumbbell Set,Fitness,East,Online,1,80.5,0.1,80.5
101785,2023-04-22,Notebook Set,Stationery,East,In-Store,2,9.02,0.0,18.04
101784,2023-04-22,Wireless Mouse,Electronics,North,In-Store,1,18.98,0.0,18.98
101791,2023-04-22,Running Shoes,Fitness,West,Online,3,78.78,0.0,236.34
101783,2023-04-22,Standing Desk,Furniture,South,Online,1,294.25,0.0,294.25
101812,2023-04-23,Resistance Bands,Fitness,North,Online,1,13.96,0.0,13.96
101813,2023-04-23,Office Chair,Furniture,East,Online,1,144.37,0.0,144.37
101814,2023-04-23,Bookshelf,Furniture,West,Online,1,116.95,0.0,116.95
101818,2023-04-23,Office Chair,Furniture,South,In-Store,1,148.54,0.0,148.54
101816,2023-04-23,Noise-Cancel Headphones,Electronics,West,In-Store,1,126.38,0.0,126.38
101817,2023-04-23,Desk Lamp,Furniture,West,In-Store,1,26.31,0.0,26.31
101815,2023-04-23,Bookshelf,Furniture,North,Online,1,119.57,0.0,119.57
101811,2023-04-23,Bookshelf,Furniture,South,Online,2,120.22,0.0,240.44
101803,2023-04-23,Wireless Mouse,Electronics,East,Online,1,17.83,0.0,17.83
101809,2023-04-23,Water Bottle,Fitness,South,Online,1,13.06,0.0,13.06
101808,2023-04-23,Water Bottle,Fitness,West,Online,2,13.99,0.0,27.98
101807,2023-04-23,Planner,Stationery,Central,Online,3,15.43,0.0,46.29
101806,2023-04-23,Mechanical Keyboard,Electronics,East,In-Store,2,62.17,0.0,124.34
101805,2023-04-23,Noise-Cancel Headphones,Electronics,North,Online,2,127.26,0.0,254.52
101804,2023-04-23,Mechanical Keyboard,Electronics,South,Online,2,67.75,0.0,135.5
101802,2023-04-23,Bookshelf,Furniture,South,Online,1,108.52,0.1,108.52
101801,2023-04-23,Fountain Pen,Stationery,Central,Online,1,20.42,0.0,20.42
101810,2023-04-23,Noise-Cancel Headphones,Electronics,West,In-Store,3,132.35,0.0,397.05
101832,2023-04-24,Standing Desk,Furniture,East,In-Store,2,310.58,0.0,621.16
101833,2023-04-24,Running Shoes,Fitness,North,Online,1,72.04,0.0,72.04
101834,2023-04-24,Standing Desk,Furniture,South,Online,1,300.32,0.0,300.32
101831,2023-04-24,Running Shoes,Fitness,West,Online,2,71.55,0.0,143.1
101836,2023-04-24,Planner,Stationery,West,Online,1,15.01,0.0,15.01
101837,2023-04-24,Noise-Cancel Headphones,Electronics,Central,Online,1,134.19,0.0,134.19
101838,2023-04-24,Water Bottle,Fitness,North,Online,1,13.09,0.0,13.09
101835,2023-04-24,Bluetooth Speaker,Electronics,East,In-Store,4,45.93,0.0,183.72
101830,2023-04-24,Mechanical Keyboard,Electronics,North,Online,1,66.82,0.0,66.82
101829,2023-04-24,Bookshelf,Furniture,South,In-Store,1,119.41,0.0,119.41
101828,2023-04-24,Running Shoes,Fitness,Central,Online,1,74.83,0.0,74.83
101827,2023-04-24,Planner,Stationery,South,In-Store,4,15.99,0.0,63.96
101826,2023-04-24,Water Bottle,Fitness,South,Online,1,13.24,0.0,13.24
101825,2023-04-24,Office Chair,Furniture,South,Online,2,152.17,0.0,304.34
101824,2023-04-24,Standing Desk,Furniture,West,Online,1,305.46,0.0,305.46
101823,2023-04-24,Water Bottle,Fitness,West,Online,1,13.62,0.0,13.62
101822,2023-04-24,Bookshelf,Furniture,South,In-Store,1,119.67,0.0,119.67
101821,2023-04-24,Resistance Bands,Fitness,West,Online,2,14.22,0.0,28.44
101820,2023-04-24,USB-C Hub,Electronics,North,In-Store,2,23.46,0.2,46.92
101819,2023-04-24,Desk Lamp,Furniture,Central,Online,2,24.68,0.0,49.36
101850,2023-04-25,Bluetooth Speaker,Electronics,West,In-Store,1,43.81,0.0,43.81
101849,2023-04-25,Bluetooth Speaker,Electronics,South,In-Store,2,48.49,0.0,96.98
101848,2023-04-25,Bookshelf,Furniture,North,In-Store,2,115.44,0.0,230.88
101847,2023-04-25,Fountain Pen,Stationery,West,Online,1,20.55,0.0,20.55
101846,2023-04-25,Desk Lamp,Furniture,Central,In-Store,1,25.74,0.0,25.74
101842,2023-04-25,Mechanical Keyboard,Electronics,South,Online,1,63.68,0.0,63.68
101844,2023-04-25,Office Chair,Furniture,Central,Online,1,148.72,0.0,148.72
101843,2023-04-25,Fountain Pen,Stationery,Central,In-Store,1,20.19,0.0,20.19
101841,2023-04-25,Dumbbell Set,Fitness,South,Online,3,78.54,0.1,235.62
101840,2023-04-25,Planner,Stationery,West,Online,1,14.43,0.1,14.43
101839,2023-04-25,Bluetooth Speaker,Electronics,West,In-Store,1,42.52,0.1,42.52
101845,2023-04-25,Noise-Cancel Headphones,Electronics,South,Online,1,128.34,0.0,128.34
101858,2023-04-26,Notebook Set,Stationery,South,In-Store,2,9.37,0.0,18.74
101860,2023-04-26,Bluetooth Speaker,Electronics,East,Online,2,46.78,0.0,93.56
101859,2023-04-26,Wireless Mouse,Electronics,Central,In-Store,1,16.06,0.1,16.06
101857,2023-04-26,Resistance Bands,Fitness,Central,In-Store,1,12.48,0.1,12.48
101853,2023-04-26,Noise-Cancel Headphones,Electronics,South,In-Store,1,132.36,0.0,132.36
101855,2023-04-26,Desk Lamp,Furniture,East,In-Store,1,25.52,0.0,25.52
101854,2023-04-26,Water Bottle,Fitness,East,In-Store,4,11.87,0.1,47.48
101851,2023-04-26,Standing Desk,Furniture,East,Online,1,300.89,0.0,300.89
101852,2023-04-26,Fountain Pen,Stationery,West,In-Store,1,20.13,0.0,20.13
101856,2023-04-26,Notebook Set,Stationery,Central,In-Store,1,9.35,0.0,9.35
101872,2023-04-27,Wireless Mouse,Electronics,North,Online,1,18.6,0.0,18.6
101871,2023-04-27,Water Bottle,Fitness,Central,Online,2,12.03,0.1,24.06
101870,2023-04-27,USB-C Hub,Electronics,South,In-Store,2,30.5,0.0,61.0
101869,2023-04-27,Desk Lamp,Furniture,North,Online,2,24.32,0.0,48.64
101868,2023-04-27,Fountain Pen,Stationery,South,Online,1,20.48,0.0,20.48
101866,2023-04-27,Standing Desk,Furniture,Central,In-Store,2,297.18,0.0,594.36
101865,2023-04-27,Office Chair,Furniture,South,In-Store,3,149.19,0.0,447.57
101864,2023-04-27,Running Shoes,Fitness,West,Online,1,66.73,0.1,66.73
101863,2023-04-27,Mechanical Keyboard,Electronics,East,Online,1,65.64,0.0,65.64
101862,2023-04-27,Running Shoes,Fitness,South,Online,1,73.66,0.0,73.66
101861,2023-04-27,Standing Desk,Furniture,South,Online,1,278.55,0.1,278.55
101867,2023-04-27,Noise-Cancel Headphones,Electronics,Central,In-Store,2,109.78,0.15,219.56
101879,2023-04-28,Running Shoes,Fitness,North,Online,2,66.44,0.15,132.88
101880,2023-04-28,Mechanical Keyboard,Electronics,South,In-Store,1,54.61,0.15,54.61
101878,2023-04-28,Running Shoes,Fitness,Central,In-Store,1,70.7,0.0,70.7
101875,2023-04-28,Wireless Mouse,Electronics,East,In-Store,1,18.7,0.0,18.7
101876,2023-04-28,Fountain Pen,Stationery,Central,Online,1,19.04,0.0,19.04
101873,2023-04-28,Fountain Pen,Stationery,West,In-Store,1,20.79,0.0,20.79
101874,2023-04-28,Bluetooth Speaker,Electronics,North,Online,1,45.85,0.0,45.85
101877,2023-04-28,Office Chair,Furniture,North,In-Store,1,148.42,0.0,148.42
101888,2023-04-29,Bookshelf,Furniture,West,Online,2,95.38,0.2,190.76
101887,2023-04-29,Mechanical Keyboard,Electronics,East,In-Store,1,67.03,0.0,67.03
101885,2023-04-29,Office Chair,Furniture,Central,Online,1,151.88,0.0,151.88
101886,2023-04-29,Standing Desk,Furniture,Central,Online,1,301.08,0.0,301.08
101883,2023-04-29,Office Chair,Furniture,South,In-Store,2,129.87,0.15,259.74
101882,2023-04-29,Noise-Cancel Headphones,Electronics,South,Online,2,115.12,0.1,230.24
101881,2023-04-29,Notebook Set,Stationery,North,In-Store,1,9.19,0.0,9.19
101884,2023-04-29,Fountain Pen,Stationery,West,Online,2,19.96,0.0,39.92
101896,2023-04-30,Water Bottle,Fitness,North,Online,2,12.93,0.0,25.86
101900,2023-04-30,Office Chair,Furniture,Central,Online,1,151.61,0.0,151.61
101898,2023-04-30,Water Bottle,Fitness,West,In-Store,1,13.12,0.0,13.12
101897,2023-04-30,Mechanical Keyboard,Electronics,West,Online,1,57.73,0.1,57.73
101895,2023-04-30,Water Bottle,Fitness,North,Online,2,12.84,0.0,25.68
101899,2023-04-30,Desk Lamp,Furniture,South,In-Store,1,24.56,0.0,24.56
101893,2023-04-30,Resistance Bands,Fitness,East,In-Store,1,14.19,0.0,14.19
101892,2023-04-30,Wireless Mouse,Electronics,East,In-Store,3,18.91,0.0,56.73
101891,2023-04-30,Planner,Stationery,Central,In-Store,1,15.85,0.0,15.85
101890,2023-04-30,Wireless Mouse,Electronics,North,Online,1,19.02,0.0,19.02
101889,2023-04-30,Dumbbell Set,Fitness,East,Online,2,87.77,0.0,175.54
101894,2023-04-30,Mechanical Keyboard,Electronics,East,In-Store,2,61.87,0.0,123.74
101912,2023-05-01,Bluetooth Speaker,Electronics,West,Online,1,44.89,0.0,44.89
101911,2023-05-01,Dumbbell Set,Fitness,North,In-Store,1,92.84,0.0,92.84
101910,2023-05-01,Noise-Cancel Headphones,Electronics,East,Online,1,133.89,0.0,133.89
101909,2023-05-01,Resistance Bands,Fitness,East,Online,1,13.49,0.1,13.49
101907,2023-05-01,Fountain Pen,Stationery,South,Online,1,21.27,0.0,21.27
101908,2023-05-01,Dumbbell Set,Fitness,East,Online,2,93.37,0.0,186.74
101905,2023-05-01,Running Shoes,Fitness,West,In-Store,1,68.81,0.0,68.81
101904,2023-05-01,Running Shoes,Fitness,West,Online,1,73.89,0.0,73.89
101903,2023-05-01,Wireless Mouse,Electronics,Central,In-Store,1,19.13,0.0,19.13
101902,2023-05-01,Water Bottle,Fitness,East,In-Store,2,12.67,0.0,25.34
101901,2023-05-01,Bluetooth Speaker,Electronics,Central,In-Store,1,45.6,0.0,45.6
101906,2023-05-01,Water Bottle,Fitness,South,Online,1,13.3,0.0,13.3
101923,2023-05-02,Wireless Mouse,Electronics,East,Online,1,19.37,0.0,19.37
101928,2023-05-02,Notebook Set,Stationery,Central,Online,1,8.77,0.0,8.77
101927,2023-05-02,Water Bottle,Fitness,East,Online,1,10.54,0.2,10.54
101926,2023-05-02,Dumbbell Set,Fitness,South,In-Store,1,93.67,0.0,93.67
101925,2023-05-02,Office Chair,Furniture,North,In-Store,3,155.48,0.0,466.44
101924,2023-05-02,Running Shoes,Fitness,West,Online,3,72.73,0.0,218.19
101922,2023-05-02,Standing Desk,Furniture,West,Online,4,288.18,0.0,1152.72
101920,2023-05-02,Yoga Mat,Fitness,South,Online,1,22.43,0.0,22.43
101913,2023-05-02,Resistance Bands,Fitness,Central,In-Store,2,13.21,0.1,26.42
101919,2023-05-02,Bluetooth Speaker,Electronics,North,In-Store,1,45.79,0.0,45.79
101918,2023-05-02,Office Chair,Furniture,Central,Online,3,151.41,0.0,454.23
101917,2023-05-02,Planner,Stationery,South,Online,2,15.95,0.0,31.9
101916,2023-05-02,Yoga Mat,Fitness,South,Online,1,22.99,0.0,22.99
101915,2023-05-02,Notebook Set,Stationery,South,Online,1,8.99,0.0,8.99
101914,2023-05-02,Planner,Stationery,East,Online,1,12.89,0.2,12.89
101921,2023-05-02,Wireless Mouse,Electronics,East,Online,1,19.67,0.0,19.67
101939,2023-05-03,Noise-Cancel Headphones,Electronics,South,In-Store,1,128.83,0.0,128.83
101938,2023-05-03,Running Shoes,Fitness,South,In-Store,1,75.62,0.0,75.62
101937,2023-05-03,Water Bottle,Fitness,West,Online,1,12.54,0.0,12.54
101936,2023-05-03,Office Chair,Furniture,North,In-Store,2,146.33,0.0,292.66
101935,2023-05-03,Wireless Mouse,Electronics,North,Online,1,18.75,0.0,18.75
101934,2023-05-03,Dumbbell Set,Fitness,Central,Online,1,78.73,0.15,78.73
101933,2023-05-03,Notebook Set,Stationery,South,Online,2,7.7,0.15,15.4
101932,2023-05-03,Resistance Bands,Fitness,North,Online,2,12.2,0.15,24.4
101931,2023-05-03,Notebook Set,Stationery,Central,Online,2,6.71,0.2,13.42
101930,2023-05-03,Resistance Bands,Fitness,South,Online,2,14.21,0.0,28.42
101929,2023-05-03,Standing Desk,Furniture,Central,Online,1,301.83,0.0,301.83
101954,2023-05-04,Bluetooth Speaker,Electronics,Central,In-Store,2,43.52,0.0,87.04
101953,2023-05-04,USB-C Hub,Electronics,North,Online,1,29.05,0.0,29.05
101952,2023-05-04,Bluetooth Speaker,Electronics,North,In-Store,1,42.11,0.0,42.11
101951,2023-05-04,Notebook Set,Stationery,West,Online,1,8.99,0.0,8.99
101950,2023-05-04,Desk Lamp,Furniture,South,In-Store,1,25.08,0.0,25.08
101949,2023-05-04,Resistance Bands,Fitness,West,Online,1,14.48,0.0,14.48
101948,2023-05-04,Office Chair,Furniture,South,Online,1,148.74,0.0,148.74
101941,2023-05-04,Wireless Mouse,Electronics,West,Online,2,17.2,0.1,34.4
101946,2023-05-04,Standing Desk,Furniture,Central,Online,1,312.83,0.0,312.83
101945,2023-05-04,Dumbbell Set,Fitness,Central,Online,3,90.47,0.0,271.41
101944,2023-05-04,Wireless Mouse,Electronics,East,In-Store,1,18.22,0.0,18.22
101943,2023-05-04,Noise-Cancel Headphones,Electronics,West,Online,1,131.48,0.0,131.48
101942,2023-05-04,Office Chair,Furniture,East,In-Store,1,147.31,0.0,147.31
101940,2023-05-04,USB-C Hub,Electronics,East,Online,1,29.66,0.0,29.66
101947,2023-05-04,Yoga Mat,Fitness,East,Online,2,22.25,0.0,44.5
101962,2023-05-05,Bluetooth Speaker,Electronics,East,Online,1,45.26,0.0,45.26
101967,2023-05-05,Notebook Set,Stationery,East,In-Store,1,9.36,0.0,9.36
101964,2023-05-05,Bluetooth Speaker,Electronics,North,Online,1,47.21,0.0,47.21
101963,2023-05-05,Bluetooth Speaker,Electronics,East,Online,3,45.55,0.0,136.65
101961,2023-05-05,Bluetooth Speaker,Electronics,East,In-Store,2,45.61,0.0,91.22
101966,2023-05-05,Desk Lamp,Furniture,East,Online,1,23.23,0.1,23.23
101959,2023-05-05,Fountain Pen,Stationery,Central,Online,4,20.25,0.0,81.0
101960,2023-05-05,Water Bottle,Fitness,East,In-Store,1,13.56,0.0,13.56
101955,2023-05-05,Notebook Set,Stationery,West,Online,1,8.93,0.0,8.93
101956,2023-05-05,Fountain Pen,Stationery,East,In-Store,1,19.73,0.0,19.73
101965,2023-05-05,Noise-Cancel Headphones,Electronics,South,Online,1,133.56,0.0,133.56
101957,2023-05-05,Noise-Cancel Headphones,Electronics,West,Online,1,129.84,0.0,129.84
101958,2023-05-05,Bookshelf,Furniture,North,In-Store,2,121.42,0.0,242.84
101980,2023-05-06,Dumbbell Set,Fitness,North,Online,2,91.02,0.0,182.04
101979,2023-05-06,Bluetooth Speaker,Electronics,North,In-Store,1,45.74,0.0,45.74
101978,2023-05-06,Running Shoes,Fitness,South,Online,1,73.32,0.0,73.32
101977,2023-05-06,Running Shoes,Fitness,South,Online,3,75.19,0.0,225.57
101975,2023-05-06,Bookshelf,Furniture,North,Online,2,118.52,0.0,237.04
101976,2023-05-06,Water Bottle,Fitness,Central,In-Store,4,13.5,0.0,54.0
101973,2023-05-06,Dumbbell Set,Fitness,East,Online,1,90.95,0.0,90.95
101972,2023-05-06,Noise-Cancel Headphones,Electronics,South,Online,1,132.44,0.0,132.44
101971,2023-05-06,Noise-Cancel Headphones,Electronics,Central,In-Store,1,126.22,0.0,126.22
101970,2023-05-06,Resistance Bands,Fitness,North,Online,1,14.61,0.0,14.61
101969,2023-05-06,Noise-Cancel Headphones,Electronics,West,Online,2,131.12,0.0,262.24
101968,2023-05-06,Yoga Mat,Fitness,West,In-Store,1,22.43,0.0,22.43
101974,2023-05-06,USB-C Hub,Electronics,East,In-Store,1,31.05,0.0,31.05
101992,2023-05-07,Dumbbell Set,Fitness,North,In-Store,1,87.2,0.0,87.2
101991,2023-05-07,Resistance Bands,Fitness,South,Online,1,14.91,0.0,14.91
101990,2023-05-07,Fountain Pen,Stationery,Central,Online,1,20.48,0.0,20.48
101989,2023-05-07,Bluetooth Speaker,Electronics,West,In-Store,1,46.52,0.0,46.52
101988,2023-05-07,Bookshelf,Furniture,East,In-Store,1,93.28,0.2,93.28
101987,2023-05-07,Yoga Mat,Fitness,East,Online,1,18.37,0.15,18.37
101986,2023-05-07,Bookshelf,Furniture,East,In-Store,2,118.25,0.0,236.5
101981,2023-05-07,Desk Lamp,Furniture,South,Online,1,21.28,0.15,21.28
101982,2023-05-07,Wireless Mouse,Electronics,East,Online,3,16.23,0.15,48.69
101985,2023-05-07,Yoga Mat,Fitness,West,In-Store,1,20.47,0.1,20.47
101984,2023-05-07,Yoga Mat,Fitness,North,Online,2,21.49,0.0,42.98
101983,2023-05-07,Mechanical Keyboard,Electronics,West,In-Store,1,65.36,0.0,65.36
102006,2023-05-08,Dumbbell Set,Fitness,West,In-Store,1,88.87,0.0,88.87
102005,2023-05-08,Noise-Cancel Headphones,Electronics,West,Online,1,131.29,0.0,131.29
102004,2023-05-08,Planner,Stationery,South,Online,1,15.98,0.0,15.98
102003,2023-05-08,Notebook Set,Stationery,North,Online,1,8.77,0.0,8.77
102002,2023-05-08,Office Chair,Furniture,North,Online,1,152.86,0.0,152.86
102001,2023-05-08,Mechanical Keyboard,Electronics,East,In-Store,2,68.04,0.0,136.08
102000,2023-05-08,Noise-Cancel Headphones,Electronics,Central,Online,1,131.06,0.0,131.06
102007,2023-05-08,Yoga Mat,Fitness,West,Online,1,20.98,0.0,20.98
101997,2023-05-08,Resistance Bands,Fitness,South,Online,2,14.66,0.0,29.32
101996,2023-05-08,USB-C Hub,Electronics,East,Online,1,31.36,0.0,31.36
101995,2023-05-08,Mechanical Keyboard,Electronics,East,In-Store,3,53.41,0.15,160.23
101994,2023-05-08,USB-C Hub,Electronics,South,Online,1,29.37,0.0,29.37
101993,2023-05-08,Running Shoes,Fitness,North,Online,1,75.3,0.0,75.3
101999,2023-05-08,Resistance Bands,Fitness,West,Online,1,14.87,0.0,14.87
101998,2023-05-08,Notebook Set,Stationery,West,In-Store,2,9.16,0.0,18.32
102013,2023-05-09,Wireless Mouse,Electronics,North,Online,2,19.02,0.0,38.04
102014,2023-05-09,Yoga Mat,Fitness,North,Online,1,22.33,0.0,22.33
102012,2023-05-09,Notebook Set,Stationery,East,Online,2,9.15,0.0,18.3
102009,2023-05-09,Bookshelf,Furniture,North,In-Store,1,100.45,0.15,100.45
102010,2023-05-09,Yoga Mat,Fitness,East,Online,1,22.13,0.0,22.13
102008,2023-05-09,Noise-Cancel Headphones,Electronics,East,Online,4,125.25,0.0,501.0
102011,2023-05-09,Bookshelf,Furniture,South,In-Store,1,117.53,0.0,117.53
102035,2023-05-10,Wireless Mouse,Electronics,Central,Online,3,19.84,0.0,59.52
102034,2023-05-10,Notebook Set,Stationery,North,In-Store,1,8.15,0.1,8.15
102032,2023-05-10,Yoga Mat,Fitness,Central,Online,1,21.67,0.0,21.67
102031,2023-05-10,Running Shoes,Fitness,South,In-Store,2,71.44,0.1,142.88
102030,2023-05-10,Bookshelf,Furniture,Central,In-Store,1,100.25,0.2,100.25
102029,2023-05-10,Running Shoes,Fitness,North,Online,1,58.83,0.2,58.83
102028,2023-05-10,Standing Desk,Furniture,Central,Online,1,252.13,0.2,252.13
102027,2023-05-10,Desk Lamp,Furniture,East,In-Store,2,25.47,0.0,50.94
102026,2023-05-10,Notebook Set,Stationery,West,In-Store,2,8.71,0.0,17.42
102033,2023-05-10,Resistance Bands,Fitness,South,In-Store,2,14.56,0.0,29.12
102024,2023-05-10,Standing Desk,Furniture,West,Online,1,308.06,0.0,308.06
102023,2023-05-10,Notebook Set,Stationery,West,In-Store,1,9.31,0.0,9.31
102022,2023-05-10,Fountain Pen,Stationery,East,Online,3,19.99,0.0,59.97
102021,2023-05-10,Noise-Cancel Headphones,Electronics,East,In-Store,2,132.2,0.0,264.4
102020,2023-05-10,Wireless Mouse,Electronics,Central,In-Store,2,18.8,0.0,37.6
102019,2023-05-10,Planner,Stationery,North,In-Store,1,15.98,0.0,15.98
102018,2023-05-10,Bookshelf,Furniture,South,Online,1,116.33,0.0,116.33
102015,2023-05-10,Resistance Bands,Fitness,West,Online,2,15.03,0.0,30.06
102017,2023-05-10,Standing Desk,Furniture,South,Online,1,301.94,0.0,301.94
102016,2023-05-10,Bookshelf,Furniture,East,Online,1,92.38,0.2,92.38
102025,2023-05-10,Noise-Cancel Headphones,Electronics,South,Online,1,119.3,0.0,119.3
102046,2023-05-11,Resistance Bands,Fitness,East,In-Store,1,14.95,0.0,14.95
102045,2023-05-11,Running Shoes,Fitness,East,Online,1,71.57,0.0,71.57
102044,2023-05-11,Notebook Set,Stationery,North,Online,1,9.12,0.0,9.12
102043,2023-05-11,Resistance Bands,Fitness,North,Online,4,14.71,0.0,58.84
102042,2023-05-11,Resistance Bands,Fitness,Central,Online,1,14.03,0.0,14.03
102039,2023-05-11,Mechanical Keyboard,Electronics,South,Online,1,68.77,0.0,68.77
102040,2023-05-11,Dumbbell Set,Fitness,East,In-Store,1,90.27,0.0,90.27
102038,2023-05-11,Noise-Cancel Headphones,Electronics,North,Online,1,132.1,0.0,132.1
102037,2023-05-11,Running Shoes,Fitness,East,Online,1,68.91,0.1,68.91
102036,2023-05-11,Fountain Pen,Stationery,South,Online,2,17.53,0.1,35.06
102041,2023-05-11,Wireless Mouse,Electronics,Central,Online,1,18.84,0.0,18.84
102056,2023-05-12,Mechanical Keyboard,Electronics,West,Online,1,66.93,0.0,66.93
102060,2023-05-12,Water Bottle,Fitness,South,In-Store,1,13.3,0.0,13.3
102059,2023-05-12,USB-C Hub,Electronics,South,Online,1,30.02,0.0,30.02
102058,2023-05-12,Notebook Set,Stationery,West,In-Store,1,8.66,0.0,8.66
102057,2023-05-12,Resistance Bands,Fitness,South,Online,3,15.01,0.0,45.03
102054,2023-05-12,Water Bottle,Fitness,North,In-Store,1,12.99,0.0,12.99
102055,2023-05-12,Standing Desk,Furniture,North,Online,1,307.94,0.0,307.94
102053,2023-05-12,Bookshelf,Furniture,North,In-Store,1,101.22,0.15,101.22
102052,2023-05-12,Dumbbell Set,Fitness,West,Online,3,88.19,0.0,264.57
102051,2023-05-12,Notebook Set,Stationery,West,Online,1,8.88,0.0,8.88
102050,2023-05-12,Mechanical Keyboard,Electronics,North,Online,1,64.69,0.0,64.69
102049,2023-05-12,Bookshelf,Furniture,North,In-Store,1,123.88,0.0,123.88
102048,2023-05-12,Notebook Set,Stationery,West,Online,1,8.86,0.0,8.86
102047,2023-05-12,Water Bottle,Fitness,South,Online,1,12.88,0.0,12.88
102071,2023-05-13,Wireless Mouse,Electronics,North,Online,1,18.96,0.0,18.96
102070,2023-05-13,Notebook Set,Stationery,Central,Online,1,9.08,0.0,9.08
102069,2023-05-13,Yoga Mat,Fitness,North,In-Store,1,22.57,0.0,22.57
102067,2023-05-13,Wireless Mouse,Electronics,East,Online,1,18.61,0.0,18.61
102068,2023-05-13,Office Chair,Furniture,North,In-Store,1,151.91,0.0,151.91
102064,2023-05-13,Resistance Bands,Fitness,Central,In-Store,1,15.02,0.0,15.02
102063,2023-05-13,Desk Lamp,Furniture,South,Online,3,25.5,0.0,76.5
102062,2023-05-13,Office Chair,Furniture,South,In-Store,2,153.93,0.0,307.86
102061,2023-05-13,Desk Lamp,Furniture,North,Online,1,20.4,0.15,20.4
102066,2023-05-13,Yoga Mat,Fitness,East,Online,1,22.31,0.0,22.31
102065,2023-05-13,Notebook Set,Stationery,South,Online,1,8.99,0.0,8.99
102087,2023-05-14,Desk Lamp,Furniture,Central,Online,1,25.31,0.0,25.31
102085,2023-05-14,Fountain Pen,Stationery,West,In-Store,1,19.87,0.0,19.87
102086,2023-05-14,Bluetooth Speaker,Electronics,West,Online,1,43.4,0.0,43.4
102076,2023-05-14,Running Shoes,Fitness,East,In-Store,2,77.65,0.0,155.3
102089,2023-05-14,Running Shoes,Fitness,West,Online,2,57.14,0.2,114.28
102090,2023-05-14,Mechanical Keyboard,Electronics,South,In-Store,1,55.36,0.15,55.36
102084,2023-05-14,Fountain Pen,Stationery,North,Online,1,19.82,0.0,19.82
102088,2023-05-14,Desk Lamp,Furniture,West,Online,2,24.32,0.0,48.64
102083,2023-05-14,Bookshelf,Furniture,East,Online,2,123.23,0.0,246.46
102073,2023-05-14,Bookshelf,Furniture,West,In-Store,1,123.04,0.0,123.04
102081,2023-05-14,Bookshelf,Furniture,Central,In-Store,1,121.48,0.0,121.48
102080,2023-05-14,Bookshelf,Furniture,Central,In-Store,2,125.69,0.0,251.38
102079,2023-05-14,Yoga Mat,Fitness,East,Online,2,21.83,0.0,43.66
102078,2023-05-14,Running Shoes,Fitness,East,Online,1,65.88,0.15,65.88
102077,2023-05-14,Office Chair,Furniture,Central,Online,2,122.81,0.15,245.62
102075,2023-05-14,Yoga Mat,Fitness,North,In-Store,2,18.75,0.1,37.5
102074,2023-05-14,Fountain Pen,Stationery,Central,Online,1,20.03,0.0,20.03
102072,2023-05-14,Water Bottle,Fitness,West,In-Store,1,12.48,0.0,12.48
102082,2023-05-14,Fountain Pen,Stationery,Central,Online,1,21.13,0.0,21.13
102101,2023-05-15,Noise-Cancel Headphones,Electronics,Central,Online,2,132.24,0.0,264.48
102099,2023-05-15,Standing Desk,Furniture,Central,Online,1,294.16,0.0,294.16
102103,2023-05-15,Bookshelf,Furniture,Central,Online,1,125.35,0.0,125.35
102104,2023-05-15,Bookshelf,Furniture,South,Online,3,111.67,0.1,335.01
102102,2023-05-15,Mechanical Keyboard,Electronics,North,Online,1,63.42,0.0,63.42
102098,2023-05-15,Dumbbell Set,Fitness,West,Online,2,85.68,0.0,171.36
102100,2023-05-15,Wireless Mouse,Electronics,North,Online,3,19.68,0.0,59.04
102096,2023-05-15,Fountain Pen,Stationery,South,Online,2,20.75,0.0,41.5
102095,2023-05-15,Water Bottle,Fitness,South,In-Store,1,13.1,0.0,13.1
102094,2023-05-15,Running Shoes,Fitness,North,Online,2,75.18,0.0,150.36
102093,2023-05-15,Bluetooth Speaker,Electronics,Central,Online,2,46.53,0.0,93.06
102092,2023-05-15,Noise-Cancel Headphones,Electronics,North,In-Store,1,131.13,0.0,131.13
102091,2023-05-15,Noise-Cancel Headphones,Electronics,South,Online,4,107.13,0.1,428.52
102097,2023-05-15,Standing Desk,Furniture,East,Online,1,307.57,0.0,307.57
102118,2023-05-16,Dumbbell Set,Fitness,South,Online,1,89.18,0.0,89.18
102117,2023-05-16,Standing Desk,Furniture,North,In-Store,4,309.3,0.0,1237.2
102116,2023-05-16,Mechanical Keyboard,Electronics,Central,Online,3,67.36,0.0,202.08
102115,2023-05-16,Bluetooth Speaker,Electronics,West,Online,3,46.53,0.0,139.59
102114,2023-05-16,Running Shoes,Fitness,South,Online,1,75.19,0.0,75.19
102113,2023-05-16,Standing Desk,Furniture,Central,In-Store,2,263.98,0.1,527.96
102119,2023-05-16,Yoga Mat,Fitness,Central,Online,2,22.66,0.0,45.32
102111,2023-05-16,USB-C Hub,Electronics,East,In-Store,2,23.57,0.2,47.14
102110,2023-05-16,Bluetooth Speaker,Electronics,Central,In-Store,1,46.26,0.0,46.26
102109,2023-05-16,Office Chair,Furniture,South,Online,1,143.6,0.0,143.6
102108,2023-05-16,Notebook Set,Stationery,South,Online,1,8.92,0.0,8.92
102107,2023-05-16,Resistance Bands,Fitness,North,In-Store,1,14.38,0.0,14.38
102106,2023-05-16,Dumbbell Set,Fitness,North,In-Store,1,93.22,0.0,93.22
102105,2023-05-16,Dumbbell Set,Fitness,West,Online,1,88.18,0.0,88.18
102112,2023-05-16,Running Shoes,Fitness,West,Online,2,73.81,0.0,147.62
102134,2023-05-17,Mechanical Keyboard,Electronics,West,In-Store,1,62.33,0.0,62.33
102133,2023-05-17,Office Chair,Furniture,West,Online,1,155.77,0.0,155.77
102132,2023-05-17,Fountain Pen,Stationery,South,Online,2,21.37,0.0,42.74
102131,2023-05-17,Resistance Bands,Fitness,North,Online,2,11.43,0.2,22.86
102130,2023-05-17,Dumbbell Set,Fitness,East,Online,1,92.19,0.0,92.19
102129,2023-05-17,Standing Desk,Furniture,North,Online,1,304.28,0.0,304.28
102128,2023-05-17,Notebook Set,Stationery,Central,Online,2,8.58,0.0,17.16
102126,2023-05-17,Mechanical Keyboard,Electronics,North,In-Store,2,66.8,0.0,133.6
102125,2023-05-17,Notebook Set,Stationery,Central,Online,1,9.46,0.0,9.46
102124,2023-05-17,Office Chair,Furniture,Central,Online,1,154.62,0.0,154.62
102123,2023-05-17,Dumbbell Set,Fitness,Central,Online,1,72.65,0.15,72.65
102122,2023-05-17,Water Bottle,Fitness,South,Online,1,13.45,0.0,13.45
102121,2023-05-17,Running Shoes,Fitness,East,Online,1,73.32,0.0,73.32
102120,2023-05-17,Wireless Mouse,Electronics,West,Online,2,18.83,0.0,37.66
102127,2023-05-17,Wireless Mouse,Electronics,East,Online,1,19.9,0.0,19.9
102144,2023-05-18,Running Shoes,Fitness,South,Online,1,74.28,0.0,74.28
102141,2023-05-18,Notebook Set,Stationery,North,In-Store,1,8.18,0.0,8.18
102142,2023-05-18,Planner,Stationery,Central,Online,1,16.66,0.0,16.66
102140,2023-05-18,Noise-Cancel Headphones,Electronics,East,Online,1,112.73,0.1,112.73
102143,2023-05-18,Yoga Mat,Fitness,East,Online,1,21.6,0.0,21.6
102138,2023-05-18,Planner,Stationery,North,In-Store,2,15.53,0.0,31.06
102137,2023-05-18,Noise-Cancel Headphones,Electronics,North,Online,2,124.25,0.0,248.5
102136,2023-05-18,Office Chair,Furniture,South,Online,1,150.41,0.0,150.41
102135,2023-05-18,Bluetooth Speaker,Electronics,South,Online,1,43.84,0.0,43.84
102139,2023-05-18,Mechanical Keyboard,Electronics,Central,Online,3,59.01,0.1,177.03
102162,2023-05-19,Notebook Set,Stationery,North,Online,2,8.0,0.15,16.0
102161,2023-05-19,Fountain Pen,Stationery,North,Online,1,17.85,0.1,17.85
102160,2023-05-19,Fountain Pen,Stationery,South,Online,1,20.12,0.0,20.12
102159,2023-05-19,Notebook Set,Stationery,Central,Online,1,9.03,0.0,9.03
102158,2023-05-19,Desk Lamp,Furniture,Central,Online,3,23.06,0.1,69.18
102157,2023-05-19,Standing Desk,Furniture,North,Online,3,244.23,0.2,732.69
102156,2023-05-19,Fountain Pen,Stationery,West,Online,1,17.26,0.15,17.26
102154,2023-05-19,Standing Desk,Furniture,West,Online,1,292.42,0.0,292.42
102155,2023-05-19,USB-C Hub,Electronics,South,Online,4,28.88,0.0,115.52
102152,2023-05-19,Running Shoes,Fitness,East,Online,1,64.57,0.1,64.57
102151,2023-05-19,Wireless Mouse,Electronics,West,In-Store,1,18.51,0.0,18.51
102150,2023-05-19,Desk Lamp,Furniture,North,Online,2,24.28,0.0,48.56
102149,2023-05-19,Desk Lamp,Furniture,South,In-Store,1,24.79,0.0,24.79
102148,2023-05-19,Bluetooth Speaker,Electronics,West,Online,1,43.99,0.0,43.99
102147,2023-05-19,Bookshelf,Furniture,West,Online,3,116.71,0.0,350.13
102146,2023-05-19,Bookshelf,Furniture,North,In-Store,1,122.57,0.0,122.57
102145,2023-05-19,Planner,Stationery,North,In-Store,2,16.31,0.0,32.62
102153,2023-05-19,Standing Desk,Furniture,West,In-Store,1,292.58,0.0,292.58
102172,2023-05-20,USB-C Hub,Electronics,South,In-Store,1,31.88,0.0,31.88
102177,2023-05-20,Desk Lamp,Furniture,East,In-Store,1,22.6,0.1,22.6
102176,2023-05-20,Resistance Bands,Fitness,West,Online,1,15.35,0.0,15.35
102175,2023-05-20,Notebook Set,Stationery,East,In-Store,1,9.07,0.0,9.07
102174,2023-05-20,Planner,Stationery,North,Online,1,16.25,0.0,16.25
102173,2023-05-20,Standing Desk,Furniture,North,Online,1,295.86,0.0,295.86
102171,2023-05-20,Desk Lamp,Furniture,South,In-Store,1,23.62,0.0,23.62
102164,2023-05-20,Running Shoes,Fitness,West,Online,4,62.92,0.2,251.68
102169,2023-05-20,Water Bottle,Fitness,West,In-Store,2,13.96,0.0,27.92
102168,2023-05-20,Wireless Mouse,Electronics,West,In-Store,1,18.54,0.1,18.54
102167,2023-05-20,Office Chair,Furniture,South,In-Store,4,158.32,0.0,633.28
102166,2023-05-20,Dumbbell Set,Fitness,North,Online,1,88.89,0.0,88.89
102165,2023-05-20,USB-C Hub,Electronics,South,Online,1,28.76,0.0,28.76
102163,2023-05-20,USB-C Hub,Electronics,South,Online,1,28.84,0.0,28.84
102170,2023-05-20,Standing Desk,Furniture,West,Online,1,306.41,0.0,306.41
102191,2023-05-21,USB-C Hub,Electronics,West,In-Store,1,29.94,0.0,29.94
102192,2023-05-21,Desk Lamp,Furniture,South,Online,1,24.83,0.0,24.83
102193,2023-05-21,Bookshelf,Furniture,East,In-Store,1,103.07,0.15,103.07
102194,2023-05-21,Yoga Mat,Fitness,South,In-Store,1,21.22,0.0,21.22
102190,2023-05-21,Bluetooth Speaker,Electronics,North,Online,1,45.23,0.0,45.23
102196,2023-05-21,Water Bottle,Fitness,Central,Online,1,12.68,0.0,12.68
102198,2023-05-21,Running Shoes,Fitness,Central,Online,1,73.66,0.0,73.66
102199,2023-05-21,Resistance Bands,Fitness,East,Online,1,14.4,0.0,14.4
102195,2023-05-21,Planner,Stationery,East,Online,1,15.69,0.0,15.69
102189,2023-05-21,Wireless Mouse,Electronics,East,Online,1,19.27,0.0,19.27
102197,2023-05-21,Mechanical Keyboard,Electronics,North,In-Store,1,61.55,0.0,61.55
102187,2023-05-21,Water Bottle,Fitness,North,Online,1,12.44,0.0,12.44
102186,2023-05-21,Noise-Cancel Headphones,Electronics,Central,In-Store,1,130.84,0.0,130.84
102185,2023-05-21,Standing Desk,Furniture,West,In-Store,1,292.25,0.0,292.25
102184,2023-05-21,Running Shoes,Fitness,Central,Online,1,72.05,0.0,72.05
102183,2023-05-21,Wireless Mouse,Electronics,West,Online,2,14.95,0.2,29.9
102182,2023-05-21,Noise-Cancel Headphones,Electronics,West,Online,2,113.2,0.1,226.4
102181,2023-05-21,Desk Lamp,Furniture,North,Online,1,24.7,0.0,24.7
102180,2023-05-21,Dumbbell Set,Fitness,East,Online,1,92.02,0.0,92.02
102179,2023-05-21,Noise-Cancel Headphones,Electronics,North,In-Store,1,126.91,0.0,126.91
102178,2023-05-21,Fountain Pen,Stationery,South,In-Store,1,20.73,0.0,20.73
102188,2023-05-21,Water Bottle,Fitness,Central,Online,1,13.72,0.0,13.72
102211,2023-05-22,Resistance Bands,Fitness,North,Online,1,15.14,0.0,15.14
102210,2023-05-22,Yoga Mat,Fitness,South,In-Store,1,21.23,0.0,21.23
102209,2023-05-22,Yoga Mat,Fitness,South,Online,1,21.39,0.0,21.39
102208,2023-05-22,USB-C Hub,Electronics,South,Online,1,29.47,0.0,29.47
102207,2023-05-22,Standing Desk,Furniture,South,Online,1,304.08,0.0,304.08
102204,2023-05-22,Standing Desk,Furniture,East,In-Store,1,292.33,0.0,292.33
102205,2023-05-22,Planner,Stationery,West,In-Store,1,13.16,0.2,13.16
102203,2023-05-22,Resistance Bands,Fitness,Central,In-Store,1,14.96,0.0,14.96
102202,2023-05-22,Standing Desk,Furniture,South,In-Store,2,294.76,0.0,589.52
102201,2023-05-22,Office Chair,Furniture,North,Online,1,152.37,0.0,152.37
102200,2023-05-22,Dumbbell Set,Fitness,West,In-Store,2,90.03,0.0,180.06
102206,2023-05-22,Standing Desk,Furniture,South,In-Store,2,299.42,0.0,598.84
102221,2023-05-23,Dumbbell Set,Fitness,West,Online,1,83.73,0.0,83.73
102226,2023-05-23,Office Chair,Furniture,East,Online,1,153.86,0.0,153.86
102225,2023-05-23,Running Shoes,Fitness,North,Online,2,73.26,0.0,146.52
102224,2023-05-23,Bluetooth Speaker,Electronics,Central,Online,1,47.71,0.0,47.71
102223,2023-05-23,Standing Desk,Furniture,West,In-Store,2,274.77,0.1,549.54
102222,2023-05-23,USB-C Hub,Electronics,South,Online,1,28.78,0.0,28.78
102220,2023-05-23,Water Bottle,Fitness,South,In-Store,1,9.95,0.2,9.95
102214,2023-05-23,Running Shoes,Fitness,North,Online,1,78.18,0.0,78.18
102218,2023-05-23,Standing Desk,Furniture,Central,Online,1,262.67,0.15,262.67
102217,2023-05-23,Office Chair,Furniture,North,Online,1,147.67,0.0,147.67
102216,2023-05-23,Mechanical Keyboard,Electronics,East,Online,2,65.51,0.0,131.02
102215,2023-05-23,Running Shoes,Fitness,Central,In-Store,2,77.71,0.0,155.42
102212,2023-05-23,Bookshelf,Furniture,South,Online,1,126.66,0.0,126.66
102213,2023-05-23,Bluetooth Speaker,Electronics,East,Online,2,45.09,0.0,90.18
102219,2023-05-23,Dumbbell Set,Fitness,South,In-Store,1,91.47,0.0,91.47
102233,2023-05-24,Planner,Stationery,South,Online,1,16.35,0.0,16.35
102232,2023-05-24,Office Chair,Furniture,West,Online,1,145.81,0.0,145.81
102231,2023-05-24,Water Bottle,Fitness,South,In-Store,1,12.96,0.0,12.96
102230,2023-05-24,Desk Lamp,Furniture,Central,Online,2,23.37,0.1,46.74
102228,2023-05-24,Water Bottle,Fitness,West,In-Store,3,13.02,0.0,39.06
102227,2023-05-24,Running Shoes,Fitness,South,In-Store,1,68.76,0.0,68.76
102229,2023-05-24,Fountain Pen,Stationery,North,Online,2,18.93,0.0,37.86
102241,2023-05-25,Bluetooth Speaker,Electronics,South,In-Store,2,47.26,0.0,94.52
102244,2023-05-25,Yoga Mat,Fitness,North,Online,4,21.52,0.0,86.08
102243,2023-05-25,Standing Desk,Furniture,South,In-Store,1,300.6,0.0,300.6
102242,2023-05-25,Mechanical Keyboard,Electronics,Central,Online,1,65.13,0.0,65.13
102240,2023-05-25,Wireless Mouse,Electronics,West,Online,1,19.14,0.0,19.14
102237,2023-05-25,Wireless Mouse,Electronics,West,Online,2,19.44,0.0,38.88
102238,2023-05-25,Planner,Stationery,South,Online,2,15.95,0.0,31.9
102234,2023-05-25,Bookshelf,Furniture,Central,In-Store,1,125.16,0.0,125.16
102236,2023-05-25,Notebook Set,Stationery,North,Online,2,8.8,0.0,17.6
102235,2023-05-25,Wireless Mouse,Electronics,West,Online,1,18.96,0.0,18.96
102239,2023-05-25,Desk Lamp,Furniture,North,Online,1,24.58,0.0,24.58
102245,2023-05-26,Mechanical Keyboard,Electronics,West,In-Store,1,54.67,0.1,54.67
102246,2023-05-26,Notebook Set,Stationery,Central,Online,1,8.8,0.0,8.8
102247,2023-05-26,Running Shoes,Fitness,Central,Online,2,74.4,0.0,148.8
102248,2023-05-26,USB-C Hub,Electronics,North,Online,2,25.92,0.15,51.84
102261,2023-05-27,Noise-Cancel Headphones,Electronics,Central,Online,4,112.95,0.1,451.8
102263,2023-05-27,Mechanical Keyboard,Electronics,North,In-Store,1,62.5,0.0,62.5
102267,2023-05-27,Noise-Cancel Headphones,Electronics,South,Online,2,130.13,0.0,260.26
102265,2023-05-27,USB-C Hub,Electronics,East,In-Store,1,29.74,0.0,29.74
102266,2023-05-27,Desk Lamp,Furniture,North,Online,2,24.78,0.0,49.56
102260,2023-05-27,Office Chair,Furniture,North,In-Store,1,144.24,0.0,144.24
102264,2023-05-27,Resistance Bands,Fitness,North,In-Store,2,14.76,0.0,29.52
102259,2023-05-27,Standing Desk,Furniture,North,Online,1,294.97,0.0,294.97
102262,2023-05-27,Notebook Set,Stationery,South,Online,2,7.17,0.2,14.34
102257,2023-05-27,Bookshelf,Furniture,East,Online,1,120.31,0.0,120.31
102256,2023-05-27,Fountain Pen,Stationery,East,Online,1,17.54,0.1,17.54
102255,2023-05-27,Fountain Pen,Stationery,North,Online,1,20.01,0.0,20.01
102254,2023-05-27,Mechanical Keyboard,Electronics,East,In-Store,2,64.05,0.0,128.1
102253,2023-05-27,Fountain Pen,Stationery,South,In-Store,1,21.38,0.0,21.38
102252,2023-05-27,Fountain Pen,Stationery,Central,Online,1,20.03,0.0,20.03
102251,2023-05-27,Running Shoes,Fitness,South,Online,1,75.55,0.0,75.55
102250,2023-05-27,Planner,Stationery,East,In-Store,1,15.31,0.0,15.31
102249,2023-05-27,Desk Lamp,Furniture,South,Online,2,24.9,0.0,49.8
102258,2023-05-27,Standing Desk,Furniture,Central,In-Store,2,300.5,0.0,601.0
102280,2023-05-28,Wireless Mouse,Electronics,South,Online,1,17.12,0.1,17.12
102279,2023-05-28,Mechanical Keyboard,Electronics,South,Online,1,60.53,0.0,60.53
102278,2023-05-28,Fountain Pen,Stationery,West,Online,1,17.47,0.1,17.47
102277,2023-05-28,Mechanical Keyboard,Electronics,South,Online,2,59.88,0.1,119.76
102276,2023-05-28,Fountain Pen,Stationery,East,In-Store,1,20.66,0.0,20.66
102275,2023-05-28,Notebook Set,Stationery,South,Online,1,9.12,0.0,9.12
102271,2023-05-28,Wireless Mouse,Electronics,Central,Online,1,16.32,0.15,16.32
102273,2023-05-28,Office Chair,Furniture,Central,Online,1,139.82,0.0,139.82
102272,2023-05-28,Noise-Cancel Headphones,Electronics,East,Online,1,127.82,0.0,127.82
102270,2023-05-28,Resistance Bands,Fitness,South,In-Store,2,14.35,0.0,28.7
102269,2023-05-28,Fountain Pen,Stationery,North,Online,2,20.9,0.0,41.8
102268,2023-05-28,Mechanical Keyboard,Electronics,East,Online,1,63.49,0.0,63.49
102274,2023-05-28,Wireless Mouse,Electronics,South,In-Store,1,18.18,0.0,18.18
102287,2023-05-29,Standing Desk,Furniture,South,Online,1,278.59,0.1,278.59
102288,2023-05-29,Desk Lamp,Furniture,South,In-Store,2,25.98,0.0,51.96
102286,2023-05-29,Water Bottle,Fitness,Central,Online,2,13.45,0.0,26.9
102284,2023-05-29,Resistance Bands,Fitness,West,In-Store,1,14.35,0.0,14.35
102281,2023-05-29,Desk Lamp,Furniture,West,In-Store,1,25.51,0.0,25.51
102283,2023-05-29,Office Chair,Furniture,Central,In-Store,1,135.72,0.1,135.72
102282,2023-05-29,Bluetooth Speaker,Electronics,Central,In-Store,1,44.39,0.0,44.39
102285,2023-05-29,Fountain Pen,Stationery,East,Online,1,15.89,0.2,15.89
102296,2023-05-30,Mechanical Keyboard,Electronics,North,In-Store,1,63.95,0.0,63.95
102295,2023-05-30,Water Bottle,Fitness,Central,In-Store,1,13.19,0.0,13.19
102293,2023-05-30,Resistance Bands,Fitness,North,Online,2,14.61,0.0,29.22
102294,2023-05-30,Notebook Set,Stationery,East,Online,4,9.11,0.0,36.44
102291,2023-05-30,Fountain Pen,Stationery,West,Online,2,16.58,0.15,33.16
102290,2023-05-30,Dumbbell Set,Fitness,North,Online,2,87.03,0.0,174.06
102289,2023-05-30,Notebook Set,Stationery,East,Online,1,8.21,0.0,8.21
102292,2023-05-30,Desk Lamp,Furniture,South,In-Store,2,23.88,0.0,47.76
102304,2023-05-31,Noise-Cancel Headphones,Electronics,Central,In-Store,1,128.96,0.0,128.96
102307,2023-05-31,Yoga Mat,Fitness,East,In-Store,1,19.26,0.1,19.26
102306,2023-05-31,Mechanical Keyboard,Electronics,North,Online,1,65.92,0.0,65.92
102305,2023-05-31,Bookshelf,Furniture,East,Online,1,117.35,0.0,117.35
102303,2023-05-31,Mechanical Keyboard,Electronics,North,In-Store,4,63.79,0.0,255.16
102308,2023-05-31,Water Bottle,Fitness,East,In-Store,1,13.11,0.0,13.11
102301,2023-05-31,Yoga Mat,Fitness,South,Online,1,21.23,0.0,21.23
102300,2023-05-31,Bluetooth Speaker,Electronics,North,Online,1,37.02,0.2,37.02
102299,2023-05-31,Dumbbell Set,Fitness,East,Online,2,80.18,0.1,160.36
102298,2023-05-31,Dumbbell Set,Fitness,Central,Online,1,90.34,0.0,90.34
102297,2023-05-31,Office Chair,Furniture,North,In-Store,1,152.13,0.0,152.13
102302,2023-05-31,Office Chair,Furniture,East,Online,1,149.42,0.0,149.42
102318,2023-06-01,Resistance Bands,Fitness,North,Online,1,14.38,0.0,14.38
102316,2023-06-01,Noise-Cancel Headphones,Electronics,West,In-Store,2,130.39,0.0,260.78
102315,2023-06-01,Bluetooth Speaker,Electronics,South,In-Store,1,35.65,0.2,35.65
102314,2023-06-01,Desk Lamp,Furniture,West,Online,1,23.4,0.0,23.4
102317,2023-06-01,Fountain Pen,Stationery,North,Online,1,19.54,0.0,19.54
102312,2023-06-01,Bookshelf,Furniture,Central,In-Store,2,105.8,0.15,211.6
102311,2023-06-01,Noise-Cancel Headphones,Electronics,East,In-Store,2,131.66,0.0,263.32
102309,2023-06-01,Fountain Pen,Stationery,South,In-Store,2,20.67,0.0,41.34
102313,2023-06-01,Noise-Cancel Headphones,Electronics,East,In-Store,2,133.26,0.0,266.52
102310,2023-06-01,Noise-Cancel Headphones,Electronics,East,Online,3,141.56,0.0,424.68
102319,2023-06-02,Running Shoes,Fitness,East,In-Store,2,76.22,0.0,152.44
102320,2023-06-02,Bluetooth Speaker,Electronics,North,Online,2,42.83,0.0,85.66
102321,2023-06-02,Notebook Set,Stationery,East,In-Store,1,8.57,0.0,8.57
102322,2023-06-02,Desk Lamp,Furniture,West,In-Store,1,25.33,0.0,25.33
102323,2023-06-02,Running Shoes,Fitness,West,Online,2,71.93,0.0,143.86
102324,2023-06-02,Dumbbell Set,Fitness,North,In-Store,1,88.67,0.0,88.67
102325,2023-06-02,USB-C Hub,Electronics,South,Online,1,30.69,0.0,30.69
102326,2023-06-02,Resistance Bands,Fitness,North,In-Store,1,12.86,0.1,12.86
102327,2023-06-02,Water Bottle,Fitness,West,Online,1,12.87,0.0,12.87
102339,2023-06-03,Yoga Mat,Fitness,West,Online,2,18.76,0.1,37.52
102340,2023-06-03,Bookshelf,Furniture,East,Online,1,94.82,0.15,94.82
102332,2023-06-03,Bookshelf,Furniture,South,Online,1,126.0,0.0,126.0
102342,2023-06-03,Wireless Mouse,Electronics,Central,In-Store,2,19.46,0.0,38.92
102338,2023-06-03,Noise-Cancel Headphones,Electronics,West,Online,1,132.43,0.0,132.43
102341,2023-06-03,Yoga Mat,Fitness,South,Online,1,22.57,0.0,22.57
102337,2023-06-03,Fountain Pen,Stationery,Central,Online,1,20.81,0.0,20.81
102330,2023-06-03,Desk Lamp,Furniture,North,Online,1,24.19,0.0,24.19
102335,2023-06-03,Office Chair,Furniture,East,Online,1,150.21,0.0,150.21
102334,2023-06-03,Notebook Set,Stationery,South,Online,1,8.9,0.0,8.9
102333,2023-06-03,Planner,Stationery,East,In-Store,1,16.14,0.0,16.14
102331,2023-06-03,Resistance Bands,Fitness,East,Online,1,14.4,0.0,14.4
102329,2023-06-03,Standing Desk,Furniture,North,Online,2,305.99,0.0,611.98
102328,2023-06-03,Notebook Set,Stationery,South,Online,1,8.88,0.0,8.88
102336,2023-06-03,Desk Lamp,Furniture,South,In-Store,1,24.2,0.0,24.2
102361,2023-06-04,Notebook Set,Stationery,Central,In-Store,3,7.41,0.15,22.23
102360,2023-06-04,Bluetooth Speaker,Electronics,South,In-Store,2,45.87,0.0,91.74
102359,2023-06-04,Noise-Cancel Headphones,Electronics,Central,Online,2,132.96,0.0,265.92
102358,2023-06-04,Standing Desk,Furniture,South,Online,1,300.35,0.0,300.35
102357,2023-06-04,Desk Lamp,Furniture,South,Online,1,24.96,0.0,24.96
102355,2023-06-04,Bookshelf,Furniture,North,Online,2,115.93,0.0,231.86
102354,2023-06-04,USB-C Hub,Electronics,East,In-Store,1,29.83,0.0,29.83
102353,2023-06-04,Mechanical Keyboard,Electronics,North,Online,1,65.56,0.0,65.56
102356,2023-06-04,Dumbbell Set,Fitness,North,Online,1,89.12,0.0,89.12
102351,2023-06-04,Water Bottle,Fitness,Central,Online,1,12.62,0.0,12.62
102350,2023-06-04,Wireless Mouse,Electronics,South,In-Store,2,19.05,0.0,38.1
102349,2023-06-04,Office Chair,Furniture,West,Online,1,128.81,0.15,128.81
102348,2023-06-04,Wireless Mouse,Electronics,Central,Online,1,17.08,0.1,17.08
102347,2023-06-04,Desk Lamp,Furniture,West,Online,2,24.74,0.0,49.48
102346,2023-06-04,Yoga Mat,Fitness,East,In-Store,1,22.09,0.0,22.09
102345,2023-06-04,Wireless Mouse,Electronics,North,Online,1,18.86,0.0,18.86
102344,2023-06-04,Bluetooth Speaker,Electronics,West,In-Store,2,47.44,0.0,94.88
102343,2023-06-04,Notebook Set,Stationery,East,Online,1,9.24,0.0,9.24
102352,2023-06-04,Bluetooth Speaker,Electronics,North,In-Store,1,45.23,0.0,45.23
102372,2023-06-05,USB-C Hub,Electronics,North,In-Store,1,31.24,0.0,31.24
102371,2023-06-05,Desk Lamp,Furniture,East,Online,1,23.88,0.0,23.88
102370,2023-06-05,Water Bottle,Fitness,South,Online,3,13.0,0.0,39.0
102369,2023-06-05,Yoga Mat,Fitness,North,Online,1,23.09,0.0,23.09
102368,2023-06-05,Bookshelf,Furniture,Central,In-Store,2,117.68,0.0,235.36
102364,2023-06-05,Noise-Cancel Headphones,Electronics,North,Online,2,130.51,0.0,261.02
102366,2023-06-05,Dumbbell Set,Fitness,Central,Online,2,69.28,0.2,138.56
102365,2023-06-05,Bookshelf,Furniture,West,In-Store,1,117.79,0.0,117.79
102363,2023-06-05,Mechanical Keyboard,Electronics,South,In-Store,1,65.14,0.0,65.14
102362,2023-06-05,Desk Lamp,Furniture,East,Online,1,24.18,0.0,24.18
102367,2023-06-05,Water Bottle,Fitness,South,Online,1,12.66,0.0,12.66
102383,2023-06-06,Dumbbell Set,Fitness,South,In-Store,1,83.22,0.1,83.22
102384,2023-06-06,Notebook Set,Stationery,East,In-Store,1,9.22,0.0,9.22
102382,2023-06-06,Notebook Set,Stationery,Central,In-Store,4,8.94,0.0,35.76
102386,2023-06-06,Notebook Set,Stationery,South,Online,1,7.87,0.15,7.87
102385,2023-06-06,Mechanical Keyboard,Electronics,West,In-Store,2,61.55,0.0,123.1
102381,2023-06-06,Resistance Bands,Fitness,South,Online,1,14.29,0.0,14.29
102374,2023-06-06,Dumbbell Set,Fitness,East,In-Store,1,91.03,0.0,91.03
102379,2023-06-06,Water Bottle,Fitness,South,In-Store,1,13.03,0.0,13.03
102378,2023-06-06,Standing Desk,Furniture,East,Online,2,310.28,0.0,620.56
102377,2023-06-06,Bluetooth Speaker,Electronics,West,Online,1,46.41,0.0,46.41
102376,2023-06-06,Desk Lamp,Furniture,South,Online,1,26.59,0.0,26.59
102375,2023-06-06,Office Chair,Furniture,South,In-Store,1,137.81,0.0,137.81
102373,2023-06-06,Fountain Pen,Stationery,East,Online,2,20.23,0.0,40.46
102380,2023-06-06,Running Shoes,Fitness,North,Online,4,69.58,0.1,278.32
102392,2023-06-07,Fountain Pen,Stationery,North,Online,1,19.64,0.0,19.64
102390,2023-06-07,Running Shoes,Fitness,Central,Online,1,65.11,0.1,65.11
102391,2023-06-07,Bluetooth Speaker,Electronics,East,Online,2,47.72,0.0,95.44
102388,2023-06-07,Yoga Mat,Fitness,South,Online,1,21.73,0.0,21.73
102387,2023-06-07,Yoga Mat,Fitness,South,In-Store,1,22.3,0.0,22.3
102389,2023-06-07,Office Chair,Furniture,North,In-Store,1,145.52,0.0,145.52
102404,2023-06-08,Noise-Cancel Headphones,Electronics,Central,In-Store,2,132.71,0.0,265.42
102410,2023-06-08,Notebook Set,Stationery,South,Online,1,9.28,0.0,9.28
102409,2023-06-08,Office Chair,Furniture,West,Online,1,151.94,0.0,151.94
102408,2023-06-08,USB-C Hub,Electronics,South,In-Store,1,25.2,0.15,25.2
102407,2023-06-08,Desk Lamp,Furniture,West,Online,1,26.69,0.0,26.69
102406,2023-06-08,Resistance Bands,Fitness,North,Online,1,14.67,0.0,14.67
102405,2023-06-08,Running Shoes,Fitness,South,Online,3,72.7,0.0,218.1
102402,2023-06-08,Bluetooth Speaker,Electronics,North,In-Store,1,45.34,0.0,45.34
102403,2023-06-08,Fountain Pen,Stationery,West,Online,1,17.98,0.1,17.98
102400,2023-06-08,Wireless Mouse,Electronics,Central,Online,1,18.5,0.0,18.5
102399,2023-06-08,Notebook Set,Stationery,South,In-Store,1,8.65,0.0,8.65
102398,2023-06-08,Notebook Set,Stationery,North,Online,1,8.65,0.0,8.65
102397,2023-06-08,Running Shoes,Fitness,West,Online,1,75.98,0.0,75.98
102396,2023-06-08,Yoga Mat,Fitness,Central,Online,1,21.99,0.0,21.99
102395,2023-06-08,Planner,Stationery,Central,Online,1,14.05,0.1,14.05
102394,2023-06-08,Water Bottle,Fitness,West,In-Store,1,13.29,0.0,13.29
102393,2023-06-08,Mechanical Keyboard,Electronics,North,Online,1,62.4,0.0,62.4
102401,2023-06-08,Standing Desk,Furniture,South,In-Store,2,303.6,0.0,607.2
102414,2023-06-09,Fountain Pen,Stationery,East,Online,1,19.94,0.0,19.94
102420,2023-06-09,Planner,Stationery,North,Online,1,13.73,0.15,13.73
102419,2023-06-09,Noise-Cancel Headphones,Electronics,East,Online,1,134.17,0.0,134.17
102418,2023-06-09,Standing Desk,Furniture,East,In-Store,1,273.66,0.1,273.66
102417,2023-06-09,Water Bottle,Fitness,West,Online,2,13.09,0.0,26.18
102412,2023-06-09,Standing Desk,Furniture,North,In-Store,1,305.78,0.0,305.78
102415,2023-06-09,Running Shoes,Fitness,Central,Online,1,63.9,0.15,63.9
102413,2023-06-09,Desk Lamp,Furniture,North,In-Store,2,25.18,0.0,50.36
102411,2023-06-09,Planner,Stationery,Central,Online,1,16.38,0.0,16.38
102416,2023-06-09,Water Bottle,Fitness,South,Online,1,11.27,0.1,11.27
102429,2023-06-10,Dumbbell Set,Fitness,North,Online,1,73.36,0.15,73.36
102428,2023-06-10,USB-C Hub,Electronics,Central,In-Store,2,29.5,0.0,59.0
102431,2023-06-10,Bookshelf,Furniture,South,In-Store,1,127.53,0.0,127.53
102430,2023-06-10,Fountain Pen,Stationery,South,Online,1,20.27,0.0,20.27
102427,2023-06-10,Office Chair,Furniture,South,In-Store,1,119.73,0.2,119.73
102426,2023-06-10,Notebook Set,Stationery,South,Online,2,8.76,0.0,17.52
102425,2023-06-10,Standing Desk,Furniture,North,Online,1,293.48,0.0,293.48
102424,2023-06-10,Planner,Stationery,South,In-Store,1,14.46,0.1,14.46
102423,2023-06-10,Resistance Bands,Fitness,East,Online,1,14.5,0.0,14.5
102422,2023-06-10,Resistance Bands,Fitness,South,Online,1,13.9,0.0,13.9
102421,2023-06-10,Mechanical Keyboard,Electronics,South,Online,1,68.26,0.0,68.26
102442,2023-06-11,Desk Lamp,Furniture,South,Online,1,26.54,0.0,26.54
102441,2023-06-11,Fountain Pen,Stationery,North,In-Store,2,20.49,0.0,40.98
102440,2023-06-11,Standing Desk,Furniture,West,Online,1,317.0,0.0,317.0
102438,2023-06-11,Bluetooth Speaker,Electronics,East,Online,1,44.42,0.0,44.42
102439,2023-06-11,Bookshelf,Furniture,North,Online,2,119.69,0.0,239.38
102436,2023-06-11,Mechanical Keyboard,Electronics,East,Online,3,64.91,0.0,194.73
102435,2023-06-11,Yoga Mat,Fitness,Central,Online,2,22.15,0.0,44.3
102434,2023-06-11,Bookshelf,Furniture,Central,In-Store,2,116.5,0.0,233.0
102433,2023-06-11,Dumbbell Set,Fitness,North,In-Store,2,91.81,0.0,183.62
102432,2023-06-11,Desk Lamp,Furniture,East,Online,2,24.91,0.0,49.82
102437,2023-06-11,Running Shoes,Fitness,East,Online,1,72.87,0.0,72.87
102453,2023-06-12,Dumbbell Set,Fitness,Central,Online,1,92.6,0.0,92.6
102458,2023-06-12,Fountain Pen,Stationery,East,Online,1,18.84,0.0,18.84
102457,2023-06-12,Running Shoes,Fitness,North,In-Store,1,77.15,0.0,77.15
102456,2023-06-12,USB-C Hub,Electronics,East,Online,1,28.82,0.0,28.82
102455,2023-06-12,USB-C Hub,Electronics,Central,Online,1,30.27,0.0,30.27
102454,2023-06-12,Fountain Pen,Stationery,East,Online,1,15.44,0.2,15.44
102452,2023-06-12,Dumbbell Set,Fitness,West,In-Store,1,94.15,0.0,94.15
102450,2023-06-12,Bluetooth Speaker,Electronics,East,In-Store,2,45.1,0.0,90.2
102449,2023-06-12,Dumbbell Set,Fitness,South,Online,1,92.22,0.0,92.22
102448,2023-06-12,Dumbbell Set,Fitness,North,In-Store,1,86.35,0.0,86.35
102447,2023-06-12,Fountain Pen,Stationery,South,Online,1,20.35,0.0,20.35
102446,2023-06-12,Noise-Cancel Headphones,Electronics,North,Online,1,128.38,0.0,128.38
102445,2023-06-12,Yoga Mat,Fitness,East,In-Store,1,21.98,0.0,21.98
102444,2023-06-12,Bluetooth Speaker,Electronics,West,Online,2,47.18,0.0,94.36
102451,2023-06-12,Fountain Pen,Stationery,North,In-Store,2,18.65,0.0,37.3
102443,2023-06-12,USB-C Hub,Electronics,South,Online,1,31.53,0.0,31.53
102462,2023-06-13,Notebook Set,Stationery,East,In-Store,1,8.95,0.0,8.95
102459,2023-06-13,Resistance Bands,Fitness,North,In-Store,1,13.81,0.0,13.81
102460,2023-06-13,Office Chair,Furniture,South,Online,1,149.85,0.0,149.85
102461,2023-06-13,Water Bottle,Fitness,South,Online,2,10.83,0.15,21.66
102463,2023-06-13,Notebook Set,Stationery,West,Online,1,9.11,0.0,9.11
102464,2023-06-13,Notebook Set,Stationery,South,In-Store,1,9.34,0.0,9.34
102465,2023-06-13,USB-C Hub,Electronics,East,In-Store,4,29.84,0.0,119.36
102476,2023-06-14,Noise-Cancel Headphones,Electronics,North,Online,2,131.36,0.0,262.72
102475,2023-06-14,Water Bottle,Fitness,Central,In-Store,1,13.19,0.0,13.19
102478,2023-06-14,Notebook Set,Stationery,North,Online,1,8.93,0.0,8.93
102479,2023-06-14,Desk Lamp,Furniture,North,Online,1,23.37,0.0,23.37
102477,2023-06-14,Bluetooth Speaker,Electronics,North,In-Store,1,47.23,0.0,47.23
102474,2023-06-14,Notebook Set,Stationery,South,In-Store,1,9.07,0.0,9.07
102469,2023-06-14,Water Bottle,Fitness,West,Online,2,13.03,0.0,26.06
102472,2023-06-14,Water Bottle,Fitness,West,In-Store,2,13.21,0.0,26.42
102471,2023-06-14,Mechanical Keyboard,Electronics,North,Online,2,64.61,0.0,129.22
102470,2023-06-14,Fountain Pen,Stationery,North,Online,1,17.23,0.1,17.23
102468,2023-06-14,USB-C Hub,Electronics,North,In-Store,2,23.78,0.2,47.56
102467,2023-06-14,Notebook Set,Stationery,central,Online,1,8.69,0.0,8.69
102466,2023-06-14,Water Bottle,Fitness,East,Online,1,13.17,0.0,13.17
102473,2023-06-14,Fountain Pen,Stationery,North,Online,2,19.45,0.0,38.9
102492,2023-06-15,Desk Lamp,Furniture,North,Online,1,24.69,0.0,24.69
102491,2023-06-15,Wireless Mouse,Electronics,South,Online,1,19.65,0.0,19.65
102490,2023-06-15,Bluetooth Speaker,Electronics,East,In-Store,1,45.07,0.0,45.07
102489,2023-06-15,Planner,Stationery,South,In-Store,1,15.74,0.0,15.74
102488,2023-06-15,Mechanical Keyboard,Electronics,South,Online,1,64.58,0.0,64.58
102487,2023-06-15,Noise-Cancel Headphones,Electronics,Central,Online,1,132.54,0.0,132.54
102493,2023-06-15,Water Bottle,Fitness,South,In-Store,1,13.32,0.0,13.32
102485,2023-06-15,Running Shoes,Fitness,West,Online,1,71.43,0.1,71.43
102484,2023-06-15,Bookshelf,Furniture,North,Online,1,95.05,0.15,95.05
102483,2023-06-15,Dumbbell Set,Fitness,Central,In-Store,1,90.61,0.0,90.61
102482,2023-06-15,Running Shoes,Fitness,East,Online,1,75.08,0.0,75.08
102481,2023-06-15,Mechanical Keyboard,Electronics,East,Online,1,63.64,0.1,63.64
102480,2023-06-15,Planner,Stationery,South,Online,1,15.84,0.0,15.84
102486,2023-06-15,Wireless Mouse,Electronics,South,Online,1,18.55,0.0,18.55
102504,2023-06-16,USB-C Hub,Electronics,Central,Online,1,24.2,0.2,24.2
102503,2023-06-16,Running Shoes,Fitness,East,In-Store,1,58.72,0.2,58.72
102502,2023-06-16,Desk Lamp,Furniture,East,Online,1,24.23,0.0,24.23
102501,2023-06-16,Planner,Stationery,Central,In-Store,1,14.32,0.1,14.32
102500,2023-06-16,Fountain Pen,Stationery,South,Online,1,20.44,0.0,20.44
102498,2023-06-16,Notebook Set,Stationery,West,Online,1,8.84,0.0,8.84
102497,2023-06-16,Resistance Bands,Fitness,North,Online,1,14.19,0.0,14.19
102496,2023-06-16,Dumbbell Set,Fitness,Central,Online,1,88.83,0.0,88.83
102495,2023-06-16,Yoga Mat,Fitness,Central,In-Store,1,21.69,0.0,21.69
102494,2023-06-16,Mechanical Keyboard,Electronics,North,Online,2,61.73,0.0,123.46
102499,2023-06-16,Mechanical Keyboard,Electronics,Central,Online,1,63.75,0.0,63.75
102521,2023-06-17,Planner,Stationery,South,In-Store,1,15.42,0.0,15.42
102520,2023-06-17,Desk Lamp,Furniture,East,Online,1,25.06,0.0,25.06
102519,2023-06-17,Water Bottle,Fitness,East,Online,2,12.11,0.1,24.22
102518,2023-06-17,Noise-Cancel Headphones,Electronics,West,In-Store,2,117.89,0.1,235.78
102517,2023-06-17,Water Bottle,Fitness,North,In-Store,1,13.04,0.0,13.04
102515,2023-06-17,Running Shoes,Fitness,North,Online,1,77.56,0.0,77.56
102514,2023-06-17,Water Bottle,Fitness,Central,Online,1,11.54,0.1,11.54
102516,2023-06-17,Notebook Set,Stationery,North,In-Store,1,8.96,0.0,8.96
102512,2023-06-17,Dumbbell Set,Fitness,East,In-Store,1,94.06,0.0,94.06
102511,2023-06-17,Mechanical Keyboard,Electronics,North,In-Store,1,66.71,0.0,66.71
102510,2023-06-17,Bluetooth Speaker,Electronics,East,Online,2,38.29,0.1,76.58
102509,2023-06-17,Noise-Cancel Headphones,Electronics,North,Online,1,108.32,0.2,108.32
102508,2023-06-17,Resistance Bands,Fitness,West,Online,1,14.51,0.0,14.51
102507,2023-06-17,Bookshelf,Furniture,East,In-Store,4,90.78,0.2,363.12
102506,2023-06-17,Bookshelf,Furniture,South,In-Store,1,118.65,0.0,118.65
102505,2023-06-17,Mechanical Keyboard,Electronics,South,In-Store,1,65.88,0.0,65.88
102513,2023-06-17,Wireless Mouse,Electronics,North,Online,1,19.21,0.0,19.21
102538,2023-06-18,Running Shoes,Fitness,North,Online,1,64.26,0.1,64.26
102537,2023-06-18,Notebook Set,Stationery,South,In-Store,1,7.8,0.15,7.8
102535,2023-06-18,Running Shoes,Fitness,West,Online,1,66.35,0.15,66.35
102534,2023-06-18,Mechanical Keyboard,Electronics,North,In-Store,2,67.25,0.0,134.5
102533,2023-06-18,Standing Desk,Furniture,West,Online,2,256.52,0.1,513.04
102532,2023-06-18,Desk Lamp,Furniture,East,Online,4,25.42,0.0,101.68
102531,2023-06-18,Resistance Bands,Fitness,South,Online,1,14.38,0.0,14.38
102536,2023-06-18,Office Chair,Furniture,South,In-Store,1,153.34,0.0,153.34
102529,2023-06-18,Noise-Cancel Headphones,Electronics,North,Online,1,136.79,0.0,136.79
102528,2023-06-18,Mechanical Keyboard,Electronics,East,Online,3,68.85,0.0,206.55
102527,2023-06-18,Yoga Mat,Fitness,North,Online,2,17.49,0.2,34.98
102526,2023-06-18,Wireless Mouse,Electronics,Central,Online,1,16.39,0.1,16.39
102525,2023-06-18,Bookshelf,Furniture,South,Online,1,123.11,0.0,123.11
102524,2023-06-18,Running Shoes,Fitness,Central,In-Store,1,74.71,0.0,74.71
102523,2023-06-18,Yoga Mat,Fitness,West,Online,2,21.34,0.0,42.68
102522,2023-06-18,USB-C Hub,Electronics,West,In-Store,1,28.84,0.0,28.84
102530,2023-06-18,Standing Desk,Furniture,Central,Online,1,310.73,0.0,310.73
102551,2023-06-19,Mechanical Keyboard,Electronics,North,In-Store,2,67.11,0.0,134.22
102550,2023-06-19,Resistance Bands,Fitness,East,In-Store,2,14.93,0.0,29.86
102549,2023-06-19,Mechanical Keyboard,Electronics,Central,Online,1,63.58,0.0,63.58
102548,2023-06-19,Noise-Cancel Headphones,Electronics,East,In-Store,1,115.24,0.15,115.24
102547,2023-06-19,Dumbbell Set,Fitness,East,Online,1,94.61,0.0,94.61
102546,2023-06-19,Resistance Bands,Fitness,Central,Online,1,14.29,0.0,14.29
102544,2023-06-19,Notebook Set,Stationery,South,Online,1,8.93,0.0,8.93
102543,2023-06-19,Water Bottle,Fitness,West,In-Store,2,12.79,0.0,25.58
102542,2023-06-19,Dumbbell Set,Fitness,East,In-Store,2,87.76,0.0,175.52
102541,2023-06-19,USB-C Hub,Electronics,North,In-Store,2,29.26,0.0,58.52
102540,2023-06-19,Planner,Stationery,South,Online,1,12.82,0.15,12.82
102539,2023-06-19,Yoga Mat,Fitness,Central,Online,4,19.97,0.1,79.88
102545,2023-06-19,Noise-Cancel Headphones,Electronics,North,Online,1,130.36,0.0,130.36
102565,2023-06-20,Wireless Mouse,Electronics,South,Online,2,16.39,0.15,32.78
102564,2023-06-20,USB-C Hub,Electronics,South,Online,1,31.32,0.0,31.32
102563,2023-06-20,Bookshelf,Furniture,Central,Online,3,119.61,0.0,358.83
102562,2023-06-20,Dumbbell Set,Fitness,North,Online,1,81.18,0.1,81.18
102561,2023-06-20,USB-C Hub,Electronics,Central,Online,3,30.49,0.0,91.47
102560,2023-06-20,Planner,Stationery,South,In-Store,1,15.65,0.0,15.65
102557,2023-06-20,Office Chair,Furniture,Central,Online,1,146.0,0.0,146.0
102558,2023-06-20,Wireless Mouse,Electronics,Central,In-Store,2,19.11,0.0,38.22
102556,2023-06-20,Bluetooth Speaker,Electronics,South,In-Store,2,35.73,0.2,71.46
102555,2023-06-20,Fountain Pen,Stationery,South,In-Store,1,19.82,0.0,19.82
102554,2023-06-20,Fountain Pen,Stationery,Central,Online,1,18.74,0.1,18.74
102553,2023-06-20,Dumbbell Set,Fitness,East,Online,1,87.97,0.0,87.97
102552,2023-06-20,Standing Desk,Furniture,East,In-Store,1,246.35,0.15,246.35
102559,2023-06-20,Office Chair,Furniture,West,Online,2,146.12,0.0,292.24
102572,2023-06-21,Yoga Mat,Fitness,South,Online,1,19.35,0.1,19.35
102571,2023-06-21,Yoga Mat,Fitness,West,Online,3,21.33,0.0,63.99
102570,2023-06-21,Yoga Mat,Fitness,South,Online,1,21.46,0.0,21.46
102569,2023-06-21,Notebook Set,Stationery,North,Online,2,8.76,0.0,17.52
102568,2023-06-21,Bluetooth Speaker,Electronics,South,Online,1,47.59,0.0,47.59
102567,2023-06-21,Yoga Mat,Fitness,East,Online,1,22.23,0.0,22.23
102566,2023-06-21,Noise-Cancel Headphones,Electronics,West,Online,1,128.9,0.0,128.9
102584,2023-06-22,USB-C Hub,Electronics,East,In-Store,1,29.96,0.0,29.96
102583,2023-06-22,Resistance Bands,Fitness,South,Online,1,14.7,0.0,14.7
102581,2023-06-22,Notebook Set,Stationery,West,Online,1,8.6,0.0,8.6
102580,2023-06-22,Dumbbell Set,Fitness,North,Online,1,78.98,0.1,78.98
102579,2023-06-22,Resistance Bands,Fitness,West,Online,1,15.1,0.0,15.1
102582,2023-06-22,Water Bottle,Fitness,North,Online,1,12.73,0.0,12.73
102577,2023-06-22,Noise-Cancel Headphones,Electronics,West,In-Store,1,102.41,0.2,102.41
102576,2023-06-22,Yoga Mat,Fitness,East,Online,1,22.7,0.0,22.7
102573,2023-06-22,Running Shoes,Fitness,East,Online,2,67.17,0.1,134.34
102575,2023-06-22,Water Bottle,Fitness,North,In-Store,1,13.4,0.0,13.4
102574,2023-06-22,Desk Lamp,Furniture,South,Online,1,25.81,0.0,25.81
102578,2023-06-22,USB-C Hub,Electronics,South,In-Store,1,30.38,0.0,30.38
102595,2023-06-23,Office Chair,Furniture,South,Online,1,122.99,0.2,122.99
102594,2023-06-23,Office Chair,Furniture,Central,In-Store,2,153.51,0.0,307.02
102593,2023-06-23,Noise-Cancel Headphones,Electronics,North,Online,2,129.91,0.0,259.82
102591,2023-06-23,Dumbbell Set,Fitness,Central,Online,1,93.87,0.0,93.87
102592,2023-06-23,Water Bottle,Fitness,South,Online,1,12.64,0.0,12.64
102589,2023-06-23,Fountain Pen,Stationery,East,Online,3,21.06,0.0,63.18
102588,2023-06-23,Desk Lamp,Furniture,South,In-Store,2,26.6,0.0,53.2
102587,2023-06-23,Notebook Set,Stationery,West,Online,1,7.73,0.15,7.73
102586,2023-06-23,Dumbbell Set,Fitness,East,In-Store,1,86.21,0.0,86.21
102585,2023-06-23,Bluetooth Speaker,Electronics,South,Online,1,43.68,0.0,43.68
102590,2023-06-23,Water Bottle,Fitness,East,In-Store,1,13.45,0.0,13.45
102606,2023-06-24,Bluetooth Speaker,Electronics,West,In-Store,2,41.32,0.1,82.64
102612,2023-06-24,Bookshelf,Furniture,Central,In-Store,2,124.91,0.0,249.82
102611,2023-06-24,Mechanical Keyboard,Electronics,West,In-Store,2,66.75,0.0,133.5
102610,2023-06-24,USB-C Hub,Electronics,North,In-Store,1,30.3,0.0,30.3
102609,2023-06-24,Water Bottle,Fitness,East,Online,1,12.88,0.0,12.88
102608,2023-06-24,Fountain Pen,Stationery,Central,Online,1,16.96,0.15,16.96
102607,2023-06-24,Water Bottle,Fitness,Central,Online,1,12.86,0.0,12.86
102605,2023-06-24,Standing Desk,Furniture,East,Online,1,302.58,0.0,302.58
102603,2023-06-24,Office Chair,Furniture,West,Online,3,152.25,0.0,456.75
102602,2023-06-24,Wireless Mouse,Electronics,North,Online,1,18.1,0.0,18.1
102601,2023-06-24,Planner,Stationery,East,In-Store,1,16.54,0.0,16.54
102600,2023-06-24,Wireless Mouse,Electronics,North,Online,1,15.62,0.2,15.62
102599,2023-06-24,Running Shoes,Fitness,South,In-Store,1,77.27,0.0,77.27
102598,2023-06-24,Bluetooth Speaker,Electronics,Central,In-Store,1,45.99,0.0,45.99
102597,2023-06-24,Dumbbell Set,Fitness,South,In-Store,1,82.24,0.1,82.24
102604,2023-06-24,Standing Desk,Furniture,Central,Online,1,290.51,0.0,290.51
102596,2023-06-24,Mechanical Keyboard,Electronics,South,In-Store,1,63.49,0.0,63.49
102626,2023-06-25,Water Bottle,Fitness,West,In-Store,2,12.08,0.1,24.16
102629,2023-06-25,Bookshelf,Furniture,East,In-Store,1,112.74,0.0,112.74
102628,2023-06-25,Bookshelf,Furniture,East,Online,1,115.79,0.0,115.79
102627,2023-06-25,Mechanical Keyboard,Electronics,North,Online,3,65.38,0.0,196.14
102625,2023-06-25,Noise-Cancel Headphones,Electronics,North,Online,1,114.46,0.1,114.46
102623,2023-06-25,Desk Lamp,Furniture,North,Online,2,23.86,0.0,47.72
102622,2023-06-25,Bluetooth Speaker,Electronics,North,In-Store,2,41.11,0.1,82.22
102624,2023-06-25,Notebook Set,Stationery,West,In-Store,1,9.12,0.0,9.12
102620,2023-06-25,Running Shoes,Fitness,East,Online,1,65.57,0.15,65.57
102619,2023-06-25,Noise-Cancel Headphones,Electronics,West,Online,2,123.03,0.0,246.06
102618,2023-06-25,Bluetooth Speaker,Electronics,South,In-Store,1,44.79,0.0,44.79
102617,2023-06-25,Standing Desk,Furniture,Central,Online,1,303.02,0.0,303.02
102616,2023-06-25,Wireless Mouse,Electronics,West,Online,2,19.03,0.0,38.06
102615,2023-06-25,Wireless Mouse,Electronics,East,Online,1,18.31,0.0,18.31
102614,2023-06-25,Fountain Pen,Stationery,North,Online,1,19.56,0.0,19.56
102613,2023-06-25,Office Chair,Furniture,South,In-Store,2,150.24,0.0,300.48
102621,2023-06-25,Notebook Set,Stationery,Central,Online,2,9.09,0.0,18.18
102641,2023-06-26,Wireless Mouse,Electronics,North,Online,2,19.03,0.0,38.06
102640,2023-06-26,Wireless Mouse,Electronics,Central,In-Store,1,19.08,0.0,19.08
102639,2023-06-26,Fountain Pen,Stationery,East,In-Store,1,18.16,0.1,18.16
102638,2023-06-26,USB-C Hub,Electronics,East,In-Store,2,30.25,0.0,60.5
102637,2023-06-26,Running Shoes,Fitness,North,Online,1,75.16,0.0,75.16
102632,2023-06-26,Bookshelf,Furniture,West,Online,2,101.8,0.15,203.6
102635,2023-06-26,Mechanical Keyboard,Electronics,East,Online,1,68.17,0.0,68.17
102634,2023-06-26,Fountain Pen,Stationery,West,In-Store,1,19.57,0.0,19.57
102633,2023-06-26,Yoga Mat,Fitness,West,Online,2,22.32,0.0,44.64
102631,2023-06-26,Running Shoes,Fitness,North,In-Store,1,77.81,0.0,77.81
102630,2023-06-26,Fountain Pen,Stationery,North,Online,3,19.39,0.0,58.17
102636,2023-06-26,Notebook Set,Stationery,West,In-Store,1,8.88,0.0,8.88
102650,2023-06-27,USB-C Hub,Electronics,South,In-Store,1,30.45,0.0,30.45
102649,2023-06-27,Office Chair,Furniture,West,Online,1,136.46,0.1,136.46
102651,2023-06-27,USB-C Hub,Electronics,South,Online,1,29.33,0.0,29.33
102648,2023-06-27,USB-C Hub,Electronics,North,Online,1,25.59,0.15,25.59
102652,2023-06-27,Running Shoes,Fitness,Central,Online,1,71.38,0.0,71.38
102646,2023-06-27,Office Chair,Furniture,North,Online,1,141.44,0.1,141.44
102642,2023-06-27,Dumbbell Set,Fitness,West,Online,1,89.59,0.0,89.59
102643,2023-06-27,Notebook Set,Stationery,East,In-Store,1,8.92,0.0,8.92
102647,2023-06-27,Office Chair,Furniture,West,In-Store,1,156.39,0.0,156.39
102645,2023-06-27,Water Bottle,Fitness,North,In-Store,1,12.6,0.0,12.6
102644,2023-06-27,Office Chair,Furniture,Central,In-Store,2,145.74,0.0,291.48
102654,2023-06-28,Notebook Set,Stationery,North,In-Store,3,7.59,0.15,22.77
102666,2023-06-28,Bluetooth Speaker,Electronics,South,Online,1,47.16,0.0,47.16
102665,2023-06-28,Fountain Pen,Stationery,South,In-Store,1,20.1,0.0,20.1
102664,2023-06-28,Mechanical Keyboard,Electronics,East,Online,3,65.71,0.0,197.13
102653,2023-06-28,Mechanical Keyboard,Electronics,West,Online,3,64.41,0.0,193.23
102661,2023-06-28,USB-C Hub,Electronics,North,In-Store,1,29.11,0.0,29.11
102663,2023-06-28,Wireless Mouse,Electronics,Central,Online,1,17.61,0.1,17.61
102659,2023-06-28,Bookshelf,Furniture,West,Online,1,120.59,0.0,120.59
102658,2023-06-28,USB-C Hub,Electronics,West,Online,2,30.33,0.0,60.66
102657,2023-06-28,Mechanical Keyboard,Electronics,South,In-Store,1,66.5,0.0,66.5
102656,2023-06-28,Yoga Mat,Fitness,West,In-Store,2,22.13,0.0,44.26
102655,2023-06-28,Resistance Bands,Fitness,Central,Online,1,14.23,0.0,14.23
102660,2023-06-28,Mechanical Keyboard,Electronics,Central,Online,2,56.65,0.1,113.3
102662,2023-06-28,Fountain Pen,Stationery,West,In-Store,1,20.75,0.0,20.75
102675,2023-06-29,Water Bottle,Fitness,West,In-Store,2,12.71,0.0,25.42
102679,2023-06-29,Fountain Pen,Stationery,West,In-Store,2,19.56,0.0,39.12
102678,2023-06-29,Planner,Stationery,East,Online,1,15.79,0.0,15.79
102677,2023-06-29,Resistance Bands,Fitness,South,Online,2,14.74,0.0,29.48
102676,2023-06-29,Bookshelf,Furniture,East,In-Store,1,119.66,0.0,119.66
102674,2023-06-29,Standing Desk,Furniture,East,In-Store,1,265.6,0.15,265.6
102672,2023-06-29,Standing Desk,Furniture,Central,In-Store,1,302.34,0.0,302.34
102671,2023-06-29,Mechanical Keyboard,Electronics,Central,Online,1,62.89,0.0,62.89
102670,2023-06-29,Bookshelf,Furniture,North,Online,1,120.77,0.0,120.77
102669,2023-06-29,Notebook Set,Stationery,East,Online,2,9.08,0.0,18.16
102668,2023-06-29,Office Chair,Furniture,West,Online,2,142.15,0.1,284.3
102667,2023-06-29,Noise-Cancel Headphones,Electronics,East,Online,1,132.88,0.0,132.88
102673,2023-06-29,Desk Lamp,Furniture,East,Online,1,25.98,0.0,25.98
102692,2023-06-30,Planner,Stationery,North,Online,1,15.43,0.0,15.43
102691,2023-06-30,Resistance Bands,Fitness,South,Online,1,15.43,0.0,15.43
102690,2023-06-30,Yoga Mat,Fitness,South,Online,3,21.62,0.0,64.86
102689,2023-06-30,Office Chair,Furniture,North,In-Store,1,154.2,0.0,154.2
102688,2023-06-30,Water Bottle,Fitness,East,Online,1,12.24,0.0,12.24
102687,2023-06-30,Planner,Stationery,East,In-Store,1,15.69,0.0,15.69
102685,2023-06-30,Yoga Mat,Fitness,East,Online,1,18.64,0.15,18.64
102684,2023-06-30,Running Shoes,Fitness,South,Online,1,76.64,0.0,76.64
102683,2023-06-30,Dumbbell Set,Fitness,Central,Online,1,69.35,0.2,69.35
102682,2023-06-30,Mechanical Keyboard,Electronics,Central,Online,2,62.72,0.0,125.44
102681,2023-06-30,Resistance Bands,Fitness,West,Online,1,14.42,0.0,14.42
102680,2023-06-30,Office Chair,Furniture,East,Online,1,146.56,0.0,146.56
102686,2023-06-30,Mechanical Keyboard,Electronics,West,Online,2,62.51,0.0,125.02
102700,2023-07-01,Water Bottle,Fitness,East,Online,1,12.24,0.0,12.24
102699,2023-07-01,Fountain Pen,Stationery,South,In-Store,1,19.75,0.0,19.75
102698,2023-07-01,Notebook Set,Stationery,West,Online,2,8.39,0.1,16.78
102696,2023-07-01,Bluetooth Speaker,Electronics,North,In-Store,1,44.42,0.0,44.42
102695,2023-07-01,Planner,Stationery,West,Online,1,16.13,0.0,16.13
102694,2023-07-01,Dumbbell Set,Fitness,North,Online,1,92.48,0.0,92.48
102693,2023-07-01,Desk Lamp,Furniture,South,Online,2,24.88,0.0,49.76
102697,2023-07-01,Resistance Bands,Fitness,East,In-Store,3,14.12,0.0,42.36
102709,2023-07-02,Planner,Stationery,North,Online,1,16.19,0.0,16.19
102708,2023-07-02,Fountain Pen,Stationery,West,Online,1,19.0,0.0,19.0
102706,2023-07-02,Standing Desk,Furniture,South,Online,1,299.14,0.0,299.14
102707,2023-07-02,Resistance Bands,Fitness,West,Online,1,13.76,0.0,13.76
102704,2023-07-02,Fountain Pen,Stationery,South,Online,1,20.04,0.0,20.04
102703,2023-07-02,Office Chair,Furniture,East,Online,1,137.98,0.1,137.98
102702,2023-07-02,Running Shoes,Fitness,South,In-Store,3,76.34,0.0,229.02
102701,2023-07-02,Bookshelf,Furniture,West,Online,1,121.31,0.0,121.31
102705,2023-07-02,Notebook Set,Stationery,West,Online,3,9.3,0.0,27.9
102719,2023-07-03,Fountain Pen,Stationery,East,Online,2,20.25,0.0,40.5
102724,2023-07-03,Bluetooth Speaker,Electronics,East,Online,2,45.87,0.0,91.74
102723,2023-07-03,Dumbbell Set,Fitness,West,In-Store,2,90.77,0.0,181.54
102722,2023-07-03,Fountain Pen,Stationery,North,In-Store,1,19.35,0.0,19.35
102720,2023-07-03,Water Bottle,Fitness,West,Online,1,12.64,0.0,12.64
102718,2023-07-03,Dumbbell Set,Fitness,South,Online,2,87.39,0.0,174.78
102721,2023-07-03,Bookshelf,Furniture,South,Online,1,110.7,0.1,110.7
102716,2023-07-03,Bookshelf,Furniture,East,In-Store,2,123.57,0.0,247.14
102715,2023-07-03,Yoga Mat,Fitness,South,Online,2,21.97,0.0,43.94
102714,2023-07-03,Resistance Bands,Fitness,West,Online,1,13.9,0.0,13.9
102713,2023-07-03,Mechanical Keyboard,Electronics,East,Online,1,59.27,0.1,59.27
102712,2023-07-03,Standing Desk,Furniture,East,Online,1,292.85,0.0,292.85
102711,2023-07-03,Standing Desk,Furniture,West,Online,1,297.27,0.0,297.27
102710,2023-07-03,USB-C Hub,Electronics,West,In-Store,2,30.71,0.0,61.42
102717,2023-07-03,Standing Desk,Furniture,East,In-Store,1,305.91,0.0,305.91
102738,2023-07-04,USB-C Hub,Electronics,South,Online,2,26.34,0.1,52.68
102737,2023-07-04,USB-C Hub,Electronics,South,In-Store,1,28.17,0.0,28.17
102736,2023-07-04,Yoga Mat,Fitness,South,Online,2,21.81,0.0,43.62
102735,2023-07-04,Resistance Bands,Fitness,South,In-Store,1,11.41,0.2,11.41
102734,2023-07-04,Bookshelf,Furniture,North,Online,1,118.51,0.0,118.51
102733,2023-07-04,Resistance Bands,Fitness,Central,Online,2,13.92,0.0,27.84
102731,2023-07-04,Planner,Stationery,North,Online,1,14.13,0.1,14.13
102730,2023-07-04,Bookshelf,Furniture,West,In-Store,4,122.75,0.0,491.0
102729,2023-07-04,Standing Desk,Furniture,East,Online,1,305.58,0.0,305.58
102728,2023-07-04,Water Bottle,Fitness,East,Online,1,13.14,0.0,13.14
102727,2023-07-04,Fountain Pen,Stationery,South,In-Store,1,15.78,0.2,15.78
102726,2023-07-04,Fountain Pen,Stationery,North,In-Store,1,19.39,0.0,19.39
102725,2023-07-04,Water Bottle,Fitness,East,Online,1,12.97,0.0,12.97
102732,2023-07-04,Fountain Pen,Stationery,North,Online,1,18.67,0.0,18.67
102749,2023-07-05,Planner,Stationery,South,Online,2,16.07,0.0,32.14
102748,2023-07-05,Desk Lamp,Furniture,East,Online,1,24.37,0.0,24.37
102747,2023-07-05,Notebook Set,Stationery,South,Online,2,7.35,0.15,14.7
102746,2023-07-05,Bluetooth Speaker,Electronics,South,Online,2,46.39,0.0,92.78
102745,2023-07-05,Mechanical Keyboard,Electronics,North,In-Store,1,66.47,0.0,66.47
102742,2023-07-05,Bookshelf,Furniture,North,In-Store,1,113.3,0.0,113.3
102743,2023-07-05,Fountain Pen,Stationery,East,Online,1,21.61,0.0,21.61
102741,2023-07-05,Planner,Stationery,North,Online,1,14.44,0.15,14.44
102740,2023-07-05,Bluetooth Speaker,Electronics,East,In-Store,1,41.72,0.0,41.72
102739,2023-07-05,Resistance Bands,Fitness,North,Online,1,14.7,0.0,14.7
102744,2023-07-05,Office Chair,Furniture,East,Online,1,149.82,0.0,149.82
102759,2023-07-06,Standing Desk,Furniture,South,In-Store,1,300.04,0.0,300.04
102758,2023-07-06,Resistance Bands,Fitness,North,Online,1,14.33,0.0,14.33
102757,2023-07-06,Bluetooth Speaker,Electronics,West,Online,1,41.8,0.1,41.8
102756,2023-07-06,Fountain Pen,Stationery,West,In-Store,1,19.61,0.0,19.61
102755,2023-07-06,Desk Lamp,Furniture,Central,In-Store,2,25.01,0.0,50.02
102754,2023-07-06,Wireless Mouse,Electronics,West,Online,2,17.67,0.0,35.34
102753,2023-07-06,USB-C Hub,Electronics,North,In-Store,1,30.24,0.0,30.24
102752,2023-07-06,Running Shoes,Fitness,North,Online,2,68.78,0.1,137.56
102751,2023-07-06,Bookshelf,Furniture,East,In-Store,1,124.56,0.0,124.56
102750,2023-07-06,Water Bottle,Fitness,West,In-Store,1,13.05,0.0,13.05
102770,2023-07-07,USB-C Hub,Electronics,South,Online,1,30.5,0.0,30.5
102769,2023-07-07,Water Bottle,Fitness,North,Online,2,13.13,0.0,26.26
102768,2023-07-07,USB-C Hub,Electronics,East,Online,1,29.21,0.0,29.21
102767,2023-07-07,Bookshelf,Furniture,North,Online,1,116.53,0.0,116.53
102766,2023-07-07,Dumbbell Set,Fitness,South,Online,2,92.64,0.0,185.28
102763,2023-07-07,Running Shoes,Fitness,East,Online,1,78.97,0.0,78.97
102764,2023-07-07,Water Bottle,Fitness,South,Online,1,12.77,0.0,12.77
102762,2023-07-07,Standing Desk,Furniture,East,Online,3,295.81,0.0,887.43
102761,2023-07-07,Yoga Mat,Fitness,East,Online,3,17.23,0.2,51.69
102760,2023-07-07,USB-C Hub,Electronics,West,Online,2,29.32,0.0,58.64
102765,2023-07-07,Mechanical Keyboard,Electronics,Central,Online,1,66.58,0.0,66.58
102783,2023-07-08,Running Shoes,Fitness,West,In-Store,1,74.51,0.0,74.51
102790,2023-07-08,Bookshelf,Furniture,North,In-Store,1,123.35,0.0,123.35
102789,2023-07-08,Mechanical Keyboard,Electronics,North,In-Store,1,63.57,0.0,63.57
102788,2023-07-08,Bookshelf,Furniture,North,Online,1,106.6,0.15,106.6
102787,2023-07-08,Standing Desk,Furniture,South,Online,1,293.01,0.0,293.01
102786,2023-07-08,Planner,Stationery,East,Online,2,16.61,0.0,33.22
102785,2023-07-08,Desk Lamp,Furniture,South,Online,2,21.88,0.1,43.76
102784,2023-07-08,Bluetooth Speaker,Electronics,West,Online,1,44.79,0.0,44.79
102782,2023-07-08,Noise-Cancel Headphones,Electronics,West,Online,1,126.22,0.0,126.22
102791,2023-07-08,Standing Desk,Furniture,Central,Online,2,284.81,0.1,569.62
102780,2023-07-08,Yoga Mat,Fitness,Central,In-Store,2,21.38,0.0,42.76
102779,2023-07-08,Bookshelf,Furniture,West,Online,1,128.56,0.0,128.56
102778,2023-07-08,Wireless Mouse,Electronics,North,Online,1,18.75,0.0,18.75
102777,2023-07-08,Dumbbell Set,Fitness,East,In-Store,1,91.48,0.0,91.48
102776,2023-07-08,USB-C Hub,Electronics,North,In-Store,2,29.68,0.0,59.36
102775,2023-07-08,Notebook Set,Stationery,South,Online,2,9.38,0.0,18.76
102774,2023-07-08,Resistance Bands,Fitness,North,In-Store,1,15.28,0.0,15.28
102773,2023-07-08,Resistance Bands,Fitness,South,In-Store,2,14.22,0.0,28.44
102772,2023-07-08,Bookshelf,Furniture,West,In-Store,1,120.52,0.0,120.52
102771,2023-07-08,Planner,Stationery,South,Online,2,15.98,0.0,31.96
102781,2023-07-08,Bookshelf,Furniture,South,In-Store,1,122.17,0.0,122.17
102802,2023-07-09,Resistance Bands,Fitness,North,Online,1,14.46,0.0,14.46
102801,2023-07-09,USB-C Hub,Electronics,North,Online,1,31.45,0.0,31.45
102800,2023-07-09,USB-C Hub,Electronics,North,Online,1,29.12,0.0,29.12
102799,2023-07-09,Desk Lamp,Furniture,Central,Online,1,24.99,0.0,24.99
102798,2023-07-09,Bookshelf,Furniture,East,In-Store,1,99.26,0.15,99.26
102794,2023-07-09,Standing Desk,Furniture,East,Online,1,293.98,0.0,293.98
102796,2023-07-09,Standing Desk,Furniture,South,In-Store,2,298.27,0.0,596.54
102795,2023-07-09,Yoga Mat,Fitness,North,Online,1,21.63,0.0,21.63
102793,2023-07-09,USB-C Hub,Electronics,Central,In-Store,2,30.49,0.0,60.98
102792,2023-07-09,Wireless Mouse,Electronics,South,In-Store,1,16.87,0.1,16.87
102797,2023-07-09,Planner,Stationery,West,In-Store,1,15.19,0.0,15.19
102811,2023-07-10,Wireless Mouse,Electronics,West,In-Store,1,18.85,0.0,18.85
102810,2023-07-10,Notebook Set,Stationery,East,Online,1,9.05,0.0,9.05
102808,2023-07-10,Resistance Bands,Fitness,North,In-Store,1,12.81,0.1,12.81
102809,2023-07-10,Planner,Stationery,South,Online,2,16.38,0.0,32.76
102806,2023-07-10,Mechanical Keyboard,Electronics,North,Online,1,56.56,0.15,56.56
102805,2023-07-10,Water Bottle,Fitness,West,In-Store,1,12.65,0.0,12.65
102804,2023-07-10,Notebook Set,Stationery,Central,Online,1,9.11,0.0,9.11
102803,2023-07-10,Water Bottle,Fitness,East,Online,1,13.53,0.0,13.53
102807,2023-07-10,Dumbbell Set,Fitness,North,Online,1,89.45,0.0,89.45
102817,2023-07-11,Dumbbell Set,Fitness,North,In-Store,1,89.38,0.0,89.38
102815,2023-07-11,Notebook Set,Stationery,South,Online,1,9.31,0.0,9.31
102816,2023-07-11,Running Shoes,Fitness,West,Online,1,72.45,0.0,72.45
102813,2023-07-11,Wireless Mouse,Electronics,East,Online,1,19.76,0.0,19.76
102812,2023-07-11,Water Bottle,Fitness,South,Online,1,12.25,0.0,12.25
102814,2023-07-11,Fountain Pen,Stationery,North,Online,1,16.46,0.15,16.46
102827,2023-07-12,Dumbbell Set,Fitness,West,Online,2,93.03,0.0,186.06
102831,2023-07-12,Resistance Bands,Fitness,West,In-Store,2,14.75,0.0,29.5
102830,2023-07-12,Yoga Mat,Fitness,South,Online,1,23.23,0.0,23.23
102829,2023-07-12,Water Bottle,Fitness,West,In-Store,1,12.75,0.0,12.75
102828,2023-07-12,Standing Desk,Furniture,West,In-Store,3,253.09,0.15,759.27
102826,2023-07-12,Yoga Mat,Fitness,South,Online,1,22.99,0.0,22.99
102822,2023-07-12,Wireless Mouse,Electronics,North,In-Store,1,19.3,0.0,19.3
102824,2023-07-12,Noise-Cancel Headphones,Electronics,East,Online,1,128.73,0.0,128.73
102823,2023-07-12,Bookshelf,Furniture,North,Online,1,119.26,0.0,119.26
102821,2023-07-12,Standing Desk,Furniture,East,In-Store,1,301.52,0.0,301.52
102820,2023-07-12,Water Bottle,Fitness,North,Online,2,13.14,0.0,26.28
102819,2023-07-12,Wireless Mouse,Electronics,Central,Online,1,18.98,0.0,18.98
102818,2023-07-12,Dumbbell Set,Fitness,North,Online,1,86.73,0.0,86.73
102825,2023-07-12,Noise-Cancel Headphones,Electronics,East,In-Store,1,119.59,0.1,119.59
102841,2023-07-13,Dumbbell Set,Fitness,Central,In-Store,1,89.44,0.0,89.44
102840,2023-07-13,Noise-Cancel Headphones,Electronics,East,Online,2,119.01,0.0,238.02
102839,2023-07-13,Standing Desk,Furniture,North,In-Store,1,302.43,0.0,302.43
102838,2023-07-13,Yoga Mat,Fitness,East,In-Store,1,22.16,0.0,22.16
102835,2023-07-13,Noise-Cancel Headphones,Electronics,East,Online,1,128.62,0.0,128.62
102836,2023-07-13,Notebook Set,Stationery,North,Online,1,9.01,0.0,9.01
102834,2023-07-13,Desk Lamp,Furniture,Central,Online,1,20.64,0.2,20.64
102833,2023-07-13,Running Shoes,Fitness,East,Online,2,69.69,0.1,139.38
102832,2023-07-13,Wireless Mouse,Electronics,North,In-Store,2,19.18,0.0,38.36
102837,2023-07-13,Mechanical Keyboard,Electronics,South,Online,1,61.03,0.0,61.03
102842,2023-07-14,Yoga Mat,Fitness,West,Online,2,21.81,0.0,43.62
102843,2023-07-14,Mechanical Keyboard,Electronics,East,In-Store,1,64.74,0.0,64.74
102844,2023-07-14,Yoga Mat,Fitness,South,In-Store,1,23.13,0.0,23.13
102845,2023-07-14,Desk Lamp,Furniture,West,Online,2,24.58,0.0,49.16
102846,2023-07-14,Desk Lamp,Furniture,Central,Online,1,24.5,0.0,24.5
102847,2023-07-14,Yoga Mat,Fitness,West,Online,2,21.39,0.0,42.78
102853,2023-07-15,Yoga Mat,Fitness,South,Online,1,22.45,0.0,22.45
102852,2023-07-15,Bluetooth Speaker,Electronics,East,Online,1,47.92,0.0,47.92
102848,2023-07-15,Notebook Set,Stationery,South,In-Store,1,7.49,0.15,7.49
102850,2023-07-15,Desk Lamp,Furniture,South,Online,1,24.91,0.0,24.91
102849,2023-07-15,Wireless Mouse,Electronics,East,In-Store,2,15.42,0.2,30.84
102851,2023-07-15,Running Shoes,Fitness,South,Online,1,72.77,0.0,72.77
102862,2023-07-16,Fountain Pen,Stationery,Central,Online,1,19.35,0.0,19.35
102865,2023-07-16,Resistance Bands,Fitness,North,In-Store,2,14.67,0.0,29.34
102864,2023-07-16,Desk Lamp,Furniture,East,Online,2,23.92,0.0,47.84
102863,2023-07-16,Yoga Mat,Fitness,Central,Online,1,22.53,0.0,22.53
102861,2023-07-16,Notebook Set,Stationery,West,In-Store,1,9.3,0.0,9.3
102857,2023-07-16,Dumbbell Set,Fitness,North,Online,2,90.34,0.0,180.68
102859,2023-07-16,Standing Desk,Furniture,East,In-Store,1,304.85,0.0,304.85
102858,2023-07-16,Running Shoes,Fitness,West,In-Store,3,76.78,0.0,230.34
102856,2023-07-16,Desk Lamp,Furniture,West,In-Store,1,24.98,0.0,24.98
102855,2023-07-16,Wireless Mouse,Electronics,South,Online,1,19.37,0.0,19.37
102854,2023-07-16,Desk Lamp,Furniture,North,Online,2,25.51,0.0,51.02
102860,2023-07-16,Noise-Cancel Headphones,Electronics,North,In-Store,1,132.43,0.0,132.43
102866,2023-07-17,Mechanical Keyboard,Electronics,West,Online,1,65.27,0.0,65.27
102867,2023-07-17,Noise-Cancel Headphones,Electronics,South,In-Store,1,129.5,0.0,129.5
102868,2023-07-17,Resistance Bands,Fitness,West,Online,1,14.26,0.0,14.26
102869,2023-07-17,Yoga Mat,Fitness,South,Online,1,22.92,0.0,22.92
102870,2023-07-17,Notebook Set,Stationery,South,Online,1,9.28,0.0,9.28
102871,2023-07-17,Planner,Stationery,North,Online,3,16.32,0.0,48.96
102872,2023-07-17,Desk Lamp,Furniture,North,Online,2,20.9,0.15,41.8
102879,2023-07-18,Water Bottle,Fitness,North,In-Store,1,13.51,0.0,13.51
102880,2023-07-18,Noise-Cancel Headphones,Electronics,West,Online,1,132.0,0.0,132.0
102878,2023-07-18,Notebook Set,Stationery,North,In-Store,1,9.32,0.0,9.32
102881,2023-07-18,Fountain Pen,Stationery,West,Online,1,19.85,0.0,19.85
102876,2023-07-18,Desk Lamp,Furniture,North,Online,1,25.61,0.0,25.61
102873,2023-07-18,USB-C Hub,Electronics,North,Online,1,30.96,0.0,30.96
102877,2023-07-18,Water Bottle,Fitness,North,In-Store,1,11.36,0.15,11.36
102875,2023-07-18,Resistance Bands,Fitness,North,Online,1,14.57,0.0,14.57
102874,2023-07-18,Yoga Mat,Fitness,South,Online,1,22.31,0.0,22.31
102895,2023-07-19,Desk Lamp,Furniture,Central,Online,2,25.44,0.0,50.88
102894,2023-07-19,Planner,Stationery,West,Online,1,16.53,0.0,16.53
102893,2023-07-19,Mechanical Keyboard,Electronics,South,In-Store,1,49.46,0.2,49.46
102892,2023-07-19,Running Shoes,Fitness,South,Online,1,67.71,0.1,67.71
102890,2023-07-19,Resistance Bands,Fitness,West,Online,1,14.47,0.0,14.47
102891,2023-07-19,Resistance Bands,Fitness,Central,In-Store,1,13.05,0.0,13.05
102887,2023-07-19,Dumbbell Set,Fitness,Central,Online,1,85.63,0.0,85.63
102886,2023-07-19,Planner,Stationery,West,Online,1,16.62,0.0,16.62
102885,2023-07-19,Desk Lamp,Furniture,South,Online,1,24.63,0.0,24.63
102884,2023-07-19,Planner,Stationery,Central,Online,2,16.26,0.0,32.52
102883,2023-07-19,Fountain Pen,Stationery,North,In-Store,2,20.67,0.0,41.34
102882,2023-07-19,Fountain Pen,Stationery,South,Online,1,20.11,0.0,20.11
102888,2023-07-19,Notebook Set,Stationery,North,Online,1,8.63,0.0,8.63
102889,2023-07-19,Noise-Cancel Headphones,Electronics,North,In-Store,2,129.0,0.0,258.0
102902,2023-07-20,Notebook Set,Stationery,Central,Online,1,9.02,0.0,9.02
102906,2023-07-20,Wireless Mouse,Electronics,Central,In-Store,4,19.11,0.0,76.44
102905,2023-07-20,Dumbbell Set,Fitness,North,Online,1,95.31,0.0,95.31
102904,2023-07-20,Planner,Stationery,Central,Online,1,15.8,0.0,15.8
102903,2023-07-20,Bookshelf,Furniture,South,Online,1,107.64,0.15,107.64
102901,2023-07-20,Wireless Mouse,Electronics,North,Online,1,19.16,0.0,19.16
102899,2023-07-20,Desk Lamp,Furniture,South,Online,1,24.92,0.0,24.92
102898,2023-07-20,Bluetooth Speaker,Electronics,West,Online,1,39.75,0.15,39.75
102897,2023-07-20,Planner,Stationery,North,In-Store,1,13.36,0.2,13.36
102896,2023-07-20,Water Bottle,Fitness,South,In-Store,2,12.59,0.0,25.18
102900,2023-07-20,Notebook Set,Stationery,West,In-Store,1,8.36,0.1,8.36
102919,2023-07-21,Bookshelf,Furniture,West,Online,1,126.0,0.0,126.0
102918,2023-07-21,Desk Lamp,Furniture,East,Online,2,25.08,0.0,50.16
102917,2023-07-21,Water Bottle,Fitness,West,In-Store,2,12.87,0.0,25.74
102916,2023-07-21,Dumbbell Set,Fitness,North,Online,1,90.81,0.0,90.81
102915,2023-07-21,Water Bottle,Fitness,West,Online,1,13.63,0.0,13.63
102914,2023-07-21,Planner,Stationery,East,Online,1,15.26,0.0,15.26
102913,2023-07-21,Notebook Set,Stationery,North,Online,1,8.66,0.0,8.66
102911,2023-07-21,Fountain Pen,Stationery,South,In-Store,1,16.27,0.2,16.27
102910,2023-07-21,Office Chair,Furniture,West,In-Store,2,146.87,0.0,293.74
102909,2023-07-21,Running Shoes,Fitness,West,In-Store,1,72.97,0.0,72.97
102908,2023-07-21,Mechanical Keyboard,Electronics,West,Online,1,64.14,0.0,64.14
102907,2023-07-21,Running Shoes,Fitness,South,Online,2,65.62,0.1,131.24
102912,2023-07-21,Notebook Set,Stationery,North,In-Store,2,8.74,0.0,17.48
102926,2023-07-22,Bluetooth Speaker,Electronics,West,In-Store,1,42.55,0.0,42.55
102929,2023-07-22,USB-C Hub,Electronics,West,In-Store,1,31.17,0.0,31.17
102927,2023-07-22,Desk Lamp,Furniture,South,Online,2,24.62,0.0,49.24
102925,2023-07-22,Wireless Mouse,Electronics,North,Online,2,18.73,0.0,37.46
102928,2023-07-22,Dumbbell Set,Fitness,South,In-Store,1,79.15,0.1,79.15
102923,2023-07-22,Bookshelf,Furniture,East,In-Store,1,92.98,0.2,92.98
102922,2023-07-22,Mechanical Keyboard,Electronics,Central,In-Store,1,65.21,0.0,65.21
102920,2023-07-22,Dumbbell Set,Fitness,West,Online,2,88.9,0.0,177.8
102921,2023-07-22,Bluetooth Speaker,Electronics,Central,Online,2,46.15,0.0,92.3
102924,2023-07-22,Planner,Stationery,Central,In-Store,2,16.14,0.0,32.28
102942,2023-07-23,Resistance Bands,Fitness,West,In-Store,3,14.49,0.0,43.47
102941,2023-07-23,Running Shoes,Fitness,East,In-Store,1,74.66,0.0,74.66
102940,2023-07-23,Bluetooth Speaker,Electronics,West,Online,2,46.99,0.0,93.98
102938,2023-07-23,Desk Lamp,Furniture,East,Online,1,25.57,0.0,25.57
102937,2023-07-23,Notebook Set,Stationery,East,In-Store,1,7.55,0.15,7.55
102939,2023-07-23,Planner,Stationery,West,In-Store,2,15.83,0.0,31.66
102935,2023-07-23,USB-C Hub,Electronics,East,Online,1,30.03,0.0,30.03
102934,2023-07-23,Noise-Cancel Headphones,Electronics,Central,Online,1,121.92,0.0,121.92
102933,2023-07-23,Planner,Stationery,East,Online,1,14.1,0.1,14.1
102932,2023-07-23,Planner,Stationery,North,In-Store,1,16.23,0.0,16.23
102931,2023-07-23,Resistance Bands,Fitness,West,Online,2,12.23,0.2,24.46
102930,2023-07-23,Mechanical Keyboard,Electronics,South,In-Store,3,65.58,0.0,196.74
102936,2023-07-23,Standing Desk,Furniture,North,Online,1,293.42,0.0,293.42
102956,2023-07-24,Bluetooth Speaker,Electronics,West,Online,1,46.0,0.0,46.0
102957,2023-07-24,Dumbbell Set,Fitness,South,In-Store,1,87.0,0.0,87.0
102958,2023-07-24,Bookshelf,Furniture,South,Online,1,120.28,0.0,120.28
102959,2023-07-24,Running Shoes,Fitness,South,In-Store,1,75.09,0.0,75.09
102962,2023-07-24,Water Bottle,Fitness,West,In-Store,1,13.73,0.0,13.73
102961,2023-07-24,Wireless Mouse,Electronics,West,In-Store,1,18.41,0.0,18.41
102963,2023-07-24,Desk Lamp,Furniture,South,In-Store,1,24.35,0.0,24.35
102955,2023-07-24,Resistance Bands,Fitness,West,Online,1,14.76,0.0,14.76
102960,2023-07-24,Mechanical Keyboard,Electronics,East,In-Store,1,64.87,0.0,64.87
102954,2023-07-24,Mechanical Keyboard,Electronics,West,Online,1,63.53,0.0,63.53
102947,2023-07-24,Running Shoes,Fitness,South,Online,1,63.56,0.15,63.56
102952,2023-07-24,Resistance Bands,Fitness,West,Online,2,14.0,0.0,28.0
102951,2023-07-24,Running Shoes,Fitness,East,In-Store,1,73.6,0.0,73.6
102950,2023-07-24,Wireless Mouse,Electronics,North,Online,1,18.73,0.0,18.73
102949,2023-07-24,Bluetooth Speaker,Electronics,West,Online,1,46.67,0.0,46.67
102948,2023-07-24,Bluetooth Speaker,Electronics,Central,In-Store,1,42.79,0.1,42.79
102946,2023-07-24,Standing Desk,Furniture,North,Online,3,298.49,0.0,895.47
102945,2023-07-24,Dumbbell Set,Fitness,North,Online,2,93.28,0.0,186.56
102944,2023-07-24,Water Bottle,Fitness,South,In-Store,1,12.89,0.0,12.89
102943,2023-07-24,Resistance Bands,Fitness,North,Online,1,14.6,0.0,14.6
102953,2023-07-24,Bluetooth Speaker,Electronics,South,Online,1,46.56,0.0,46.56
102972,2023-07-25,USB-C Hub,Electronics,South,Online,2,30.2,0.0,60.4
102975,2023-07-25,Planner,Stationery,Central,In-Store,1,16.17,0.0,16.17
102974,2023-07-25,Noise-Cancel Headphones,Electronics,South,Online,1,133.55,0.0,133.55
102973,2023-07-25,Yoga Mat,Fitness,West,Online,1,19.44,0.1,19.44
102971,2023-07-25,Noise-Cancel Headphones,Electronics,East,Online,1,133.02,0.0,133.02
102970,2023-07-25,Notebook Set,Stationery,South,Online,1,9.11,0.0,9.11
102969,2023-07-25,Mechanical Keyboard,Electronics,West,Online,2,65.83,0.0,131.66
102968,2023-07-25,Bluetooth Speaker,Electronics,East,Online,1,44.12,0.0,44.12
102967,2023-07-25,Bluetooth Speaker,Electronics,South,In-Store,1,38.99,0.15,38.99
102966,2023-07-25,Planner,Stationery,East,In-Store,2,16.23,0.0,32.46
102965,2023-07-25,Noise-Cancel Headphones,Electronics,South,Online,1,126.9,0.0,126.9
102964,2023-07-25,Yoga Mat,Fitness,North,Online,1,22.86,0.0,22.86
102990,2023-07-26,USB-C Hub,Electronics,South,In-Store,2,29.42,0.0,58.84
102989,2023-07-26,Yoga Mat,Fitness,West,Online,2,22.45,0.0,44.9
102988,2023-07-26,Bookshelf,Furniture,Central,In-Store,1,105.63,0.1,105.63
102987,2023-07-26,Water Bottle,Fitness,South,In-Store,1,10.63,0.15,10.63
102986,2023-07-26,Bluetooth Speaker,Electronics,East,Online,1,45.23,0.0,45.23
102984,2023-07-26,Bookshelf,Furniture,Central,Online,1,108.71,0.1,108.71
102985,2023-07-26,Yoga Mat,Fitness,East,Online,3,22.47,0.0,67.41
102982,2023-07-26,Noise-Cancel Headphones,Electronics,Central,In-Store,3,132.72,0.0,398.16
102981,2023-07-26,Bluetooth Speaker,Electronics,South,In-Store,2,46.51,0.0,93.02
102980,2023-07-26,Bluetooth Speaker,Electronics,South,Online,1,38.78,0.15,38.78
102979,2023-07-26,Wireless Mouse,Electronics,Central,Online,1,18.16,0.0,18.16
102978,2023-07-26,Bookshelf,Furniture,North,In-Store,1,118.43,0.0,118.43
102977,2023-07-26,Fountain Pen,Stationery,East,In-Store,2,20.92,0.0,41.84
102976,2023-07-26,Planner,Stationery,West,Online,1,15.83,0.0,15.83
102983,2023-07-26,Bookshelf,Furniture,West,Online,3,118.16,0.0,354.48
103003,2023-07-27,Bookshelf,Furniture,West,Online,1,119.36,0.0,119.36
103004,2023-07-27,Bluetooth Speaker,Electronics,South,In-Store,1,41.39,0.1,41.39
103005,2023-07-27,Mechanical Keyboard,Electronics,West,Online,1,68.46,0.0,68.46
103009,2023-07-27,Noise-Cancel Headphones,Electronics,East,In-Store,1,130.14,0.0,130.14
103007,2023-07-27,Noise-Cancel Headphones,Electronics,South,Online,3,133.83,0.0,401.49
103008,2023-07-27,Bluetooth Speaker,Electronics,West,In-Store,1,40.87,0.1,40.87
103002,2023-07-27,Office Chair,Furniture,West,In-Store,2,147.07,0.0,294.14
103006,2023-07-27,Noise-Cancel Headphones,Electronics,East,Online,1,107.68,0.2,107.68
103001,2023-07-27,Desk Lamp,Furniture,East,Online,1,25.35,0.0,25.35
102992,2023-07-27,Office Chair,Furniture,North,In-Store,1,149.69,0.0,149.69
102999,2023-07-27,Notebook Set,Stationery,West,Online,1,9.49,0.0,9.49
102998,2023-07-27,Desk Lamp,Furniture,North,Online,2,25.44,0.0,50.88
102997,2023-07-27,Office Chair,Furniture,East,Online,1,146.41,0.0,146.41
102996,2023-07-27,Dumbbell Set,Fitness,South,In-Store,4,87.25,0.0,349.0
102995,2023-07-27,Planner,Stationery,Central,Online,2,16.08,0.0,32.16
102994,2023-07-27,Water Bottle,Fitness,North,Online,1,13.45,0.0,13.45
102993,2023-07-27,Dumbbell Set,Fitness,South,Online,1,91.14,0.0,91.14
102991,2023-07-27,Standing Desk,Furniture,East,Online,2,291.16,0.0,582.32
103000,2023-07-27,Notebook Set,Stationery,East,Online,1,9.24,0.0,9.24
103017,2023-07-28,Running Shoes,Fitness,West,In-Store,1,73.03,0.0,73.03
103020,2023-07-28,Bookshelf,Furniture,South,Online,1,114.61,0.0,114.61
103018,2023-07-28,Notebook Set,Stationery,North,Online,1,8.94,0.0,8.94
103016,2023-07-28,Desk Lamp,Furniture,North,Online,2,23.72,0.0,47.44
103019,2023-07-28,Noise-Cancel Headphones,Electronics,Central,Online,2,130.29,0.0,260.58
103014,2023-07-28,Standing Desk,Furniture,West,Online,2,307.44,0.0,614.88
103013,2023-07-28,Mechanical Keyboard,Electronics,Central,In-Store,3,64.95,0.0,194.85
103012,2023-07-28,Mechanical Keyboard,Electronics,South,Online,1,62.43,0.0,62.43
103010,2023-07-28,USB-C Hub,Electronics,North,Online,1,29.68,0.0,29.68
103011,2023-07-28,Water Bottle,Fitness,West,Online,1,12.0,0.1,12.0
103015,2023-07-28,Running Shoes,Fitness,East,In-Store,3,76.49,0.0,229.47
103039,2023-07-29,Dumbbell Set,Fitness,East,In-Store,2,90.55,0.0,181.1
103038,2023-07-29,Wireless Mouse,Electronics,South,In-Store,1,19.04,0.0,19.04
103037,2023-07-29,Yoga Mat,Fitness,Central,Online,1,23.21,0.0,23.21
103036,2023-07-29,Planner,Stationery,East,Online,2,16.14,0.0,32.28
103035,2023-07-29,Desk Lamp,Furniture,North,Online,2,25.95,0.0,51.9
103034,2023-07-29,Dumbbell Set,Fitness,Central,Online,2,87.21,0.0,174.42
103033,2023-07-29,Notebook Set,Stationery,South,Online,2,8.13,0.1,16.26
103032,2023-07-29,Mechanical Keyboard,Electronics,North,In-Store,1,59.87,0.1,59.87
103031,2023-07-29,Fountain Pen,Stationery,South,Online,1,17.95,0.15,17.95
103029,2023-07-29,Running Shoes,Fitness,South,Online,1,74.3,0.0,74.3
103028,2023-07-29,USB-C Hub,Electronics,South,Online,1,30.02,0.0,30.02
103027,2023-07-29,Water Bottle,Fitness,East,In-Store,4,10.04,0.2,40.16
103026,2023-07-29,Bookshelf,Furniture,Central,Online,1,117.61,0.0,117.61
103025,2023-07-29,Dumbbell Set,Fitness,North,Online,3,72.47,0.15,217.41
103024,2023-07-29,Wireless Mouse,Electronics,East,Online,1,18.13,0.0,18.13
103023,2023-07-29,Dumbbell Set,Fitness,East,In-Store,2,91.94,0.0,183.88
103022,2023-07-29,Notebook Set,Stationery,South,Online,2,7.05,0.2,14.1
103021,2023-07-29,Planner,Stationery,West,In-Store,1,14.99,0.0,14.99
103030,2023-07-29,Yoga Mat,Fitness,Central,In-Store,1,22.68,0.0,22.68
103049,2023-07-30,Wireless Mouse,Electronics,West,Online,1,19.44,0.0,19.44
103053,2023-07-30,Dumbbell Set,Fitness,South,In-Store,3,87.59,0.0,262.77
103052,2023-07-30,Desk Lamp,Furniture,North,Online,1,24.7,0.0,24.7
103051,2023-07-30,Bluetooth Speaker,Electronics,Central,Online,2,45.2,0.0,90.4
103050,2023-07-30,Running Shoes,Fitness,West,In-Store,1,74.18,0.0,74.18
103048,2023-07-30,Bluetooth Speaker,Electronics,South,Online,1,45.55,0.0,45.55
103041,2023-07-30,USB-C Hub,Electronics,South,Online,1,30.33,0.0,30.33
103046,2023-07-30,Notebook Set,Stationery,North,Online,1,7.91,0.1,7.91
103045,2023-07-30,Water Bottle,Fitness,Central,In-Store,1,12.57,0.0,12.57
103044,2023-07-30,USB-C Hub,Electronics,North,Online,2,29.97,0.0,59.94
103043,2023-07-30,Office Chair,Furniture,Central,Online,2,124.92,0.15,249.84
103042,2023-07-30,Bluetooth Speaker,Electronics,East,Online,1,45.52,0.0,45.52
103040,2023-07-30,Mechanical Keyboard,Electronics,South,Online,1,62.08,0.0,62.08
103047,2023-07-30,Fountain Pen,Stationery,West,Online,2,19.19,0.0,38.38
103060,2023-07-31,USB-C Hub,Electronics,North,Online,1,30.62,0.0,30.62
103059,2023-07-31,Fountain Pen,Stationery,North,In-Store,1,19.56,0.0,19.56
103058,2023-07-31,Dumbbell Set,Fitness,South,Online,1,89.02,0.0,89.02
103057,2023-07-31,Notebook Set,Stationery,East,Online,3,7.86,0.1,23.58
103055,2023-07-31,Fountain Pen,Stationery,North,Online,2,19.19,0.0,38.38
103054,2023-07-31,Noise-Cancel Headphones,Electronics,Central,In-Store,3,130.17,0.0,390.51
103056,2023-07-31,Notebook Set,Stationery,South,In-Store,2,9.48,0.0,18.96
103074,2023-08-01,Standing Desk,Furniture,West,Online,1,307.03,0.0,307.03
103073,2023-08-01,Running Shoes,Fitness,West,Online,1,75.97,0.0,75.97
103072,2023-08-01,Fountain Pen,Stationery,North,Online,2,20.91,0.0,41.82
103070,2023-08-01,Yoga Mat,Fitness,South,Online,1,19.66,0.1,19.66
103071,2023-08-01,Fountain Pen,Stationery,North,Online,2,20.91,0.0,41.82
103069,2023-08-01,Bookshelf,Furniture,Central,Online,1,118.69,0.0,118.69
103064,2023-08-01,Standing Desk,Furniture,Central,In-Store,1,293.75,0.0,293.75
103067,2023-08-01,Notebook Set,Stationery,South,In-Store,1,8.3,0.1,8.3
103066,2023-08-01,Notebook Set,Stationery,East,Online,1,8.3,0.1,8.3
103065,2023-08-01,Yoga Mat,Fitness,North,In-Store,1,22.27,0.0,22.27
103063,2023-08-01,Office Chair,Furniture,East,Online,4,149.19,0.0,596.76
103062,2023-08-01,USB-C Hub,Electronics,East,Online,1,29.14,0.0,29.14
103061,2023-08-01,Standing Desk,Furniture,Central,Online,1,290.76,0.0,290.76
103068,2023-08-01,Noise-Cancel Headphones,Electronics,South,In-Store,1,130.99,0.0,130.99
103075,2023-08-02,Mechanical Keyboard,Electronics,South,Online,3,64.45,0.0,193.35
103076,2023-08-02,Standing Desk,Furniture,West,Online,1,294.84,0.0,294.84
103077,2023-08-02,USB-C Hub,Electronics,North,In-Store,1,29.57,0.0,29.57
103078,2023-08-02,Fountain Pen,Stationery,East,Online,1,16.38,0.2,16.38
103088,2023-08-03,Noise-Cancel Headphones,Electronics,West,Online,1,126.52,0.0,126.52
103087,2023-08-03,USB-C Hub,Electronics,North,Online,2,28.71,0.0,57.42
103086,2023-08-03,Mechanical Keyboard,Electronics,North,Online,1,56.39,0.15,56.39
103085,2023-08-03,Noise-Cancel Headphones,Electronics,South,In-Store,1,129.77,0.0,129.77
103082,2023-08-03,Dumbbell Set,Fitness,West,Online,1,86.34,0.0,86.34
103083,2023-08-03,Fountain Pen,Stationery,North,Online,3,19.55,0.0,58.65
103081,2023-08-03,Mechanical Keyboard,Electronics,East,In-Store,1,61.24,0.0,61.24
103080,2023-08-03,Noise-Cancel Headphones,Electronics,South,In-Store,2,114.1,0.15,228.2
103079,2023-08-03,Mechanical Keyboard,Electronics,South,In-Store,1,67.65,0.0,67.65
103084,2023-08-03,Yoga Mat,Fitness,Central,In-Store,1,19.77,0.1,19.77
103097,2023-08-04,Bookshelf,Furniture,South,Online,1,120.37,0.0,120.37
103101,2023-08-04,Notebook Set,Stationery,North,Online,1,9.21,0.0,9.21
103100,2023-08-04,Mechanical Keyboard,Electronics,East,Online,1,58.06,0.15,58.06
103099,2023-08-04,Mechanical Keyboard,Electronics,Central,Online,1,59.52,0.1,59.52
103098,2023-08-04,Mechanical Keyboard,Electronics,South,Online,3,64.39,0.0,193.17
103096,2023-08-04,Mechanical Keyboard,Electronics,North,Online,2,65.69,0.0,131.38
103090,2023-08-04,Bookshelf,Furniture,North,Online,1,117.17,0.0,117.17
103094,2023-08-04,Desk Lamp,Furniture,South,Online,1,24.64,0.0,24.64
103093,2023-08-04,Standing Desk,Furniture,North,Online,2,307.59,0.0,615.18
103092,2023-08-04,Yoga Mat,Fitness,North,Online,1,17.39,0.2,17.39
103091,2023-08-04,Desk Lamp,Furniture,East,In-Store,1,24.72,0.0,24.72
103089,2023-08-04,Dumbbell Set,Fitness,South,Online,1,73.41,0.2,73.41
103095,2023-08-04,Desk Lamp,Furniture,East,In-Store,1,22.98,0.0,22.98
103115,2023-08-05,Noise-Cancel Headphones,Electronics,Central,In-Store,1,129.01,0.0,129.01
103123,2023-08-05,Planner,Stationery,North,Online,2,16.19,0.0,32.38
103122,2023-08-05,Planner,Stationery,South,Online,1,16.19,0.0,16.19
103121,2023-08-05,Fountain Pen,Stationery,North,In-Store,2,20.18,0.0,40.36
103120,2023-08-05,Office Chair,Furniture,North,Online,1,145.17,0.0,145.17
103119,2023-08-05,Noise-Cancel Headphones,Electronics,East,Online,2,130.03,0.0,260.06
103118,2023-08-05,Office Chair,Furniture,West,Online,2,150.0,0.0,300.0
103117,2023-08-05,Office Chair,Furniture,West,Online,2,153.62,0.0,307.24
103116,2023-08-05,Office Chair,Furniture,North,Online,1,155.28,0.0,155.28
103114,2023-08-05,Bookshelf,Furniture,West,Online,4,125.11,0.0,500.44
103107,2023-08-05,Wireless Mouse,Electronics,East,Online,1,15.8,0.15,15.8
103112,2023-08-05,Planner,Stationery,East,Online,2,16.08,0.0,32.16
103113,2023-08-05,Planner,Stationery,North,Online,1,16.87,0.0,16.87
103104,2023-08-05,Wireless Mouse,Electronics,East,Online,1,18.16,0.0,18.16
103105,2023-08-05,Noise-Cancel Headphones,Electronics,Central,In-Store,1,132.19,0.0,132.19
103106,2023-08-05,Noise-Cancel Headphones,Electronics,South,In-Store,1,114.04,0.15,114.04
103103,2023-08-05,Noise-Cancel Headphones,Electronics,South,In-Store,1,112.72,0.1,112.72
103108,2023-08-05,Bookshelf,Furniture,West,Online,1,121.75,0.0,121.75
103109,2023-08-05,Office Chair,Furniture,East,Online,1,149.1,0.0,149.1
103110,2023-08-05,Dumbbell Set,Fitness,Central,In-Store,2,90.06,0.0,180.12
103111,2023-08-05,Planner,Stationery,South,Online,1,16.08,0.0,16.08
103102,2023-08-05,Standing Desk,Furniture,East,In-Store,1,300.78,0.0,300.78
103134,2023-08-06,Bookshelf,Furniture,South,In-Store,1,119.01,0.0,119.01
103141,2023-08-06,Running Shoes,Fitness,North,In-Store,1,74.31,0.0,74.31
103140,2023-08-06,Bookshelf,Furniture,North,Online,2,117.81,0.0,235.62
103139,2023-08-06,Running Shoes,Fitness,Central,In-Store,2,73.04,0.0,146.08
103137,2023-08-06,Desk Lamp,Furniture,East,In-Store,1,25.02,0.0,25.02
103136,2023-08-06,Bookshelf,Furniture,West,Online,1,118.69,0.0,118.69
103135,2023-08-06,Planner,Stationery,North,Online,2,16.19,0.0,32.38
103133,2023-08-06,Fountain Pen,Stationery,South,Online,1,19.9,0.0,19.9
103138,2023-08-06,Resistance Bands,Fitness,North,Online,1,14.08,0.0,14.08
103131,2023-08-06,USB-C Hub,Electronics,West,In-Store,1,27.36,0.1,27.36
103130,2023-08-06,Yoga Mat,Fitness,North,In-Store,1,22.03,0.0,22.03
103129,2023-08-06,Desk Lamp,Furniture,East,Online,1,25.3,0.0,25.3
103128,2023-08-06,Fountain Pen,Stationery,West,Online,1,19.54,0.0,19.54
103124,2023-08-06,Resistance Bands,Fitness,Central,Online,1,12.96,0.1,12.96
103127,2023-08-06,Fountain Pen,Stationery,North,Online,1,20.32,0.0,20.32
103126,2023-08-06,Bookshelf,Furniture,South,Online,1,91.18,0.2,91.18
103125,2023-08-06,Planner,Stationery,West,In-Store,1,16.44,0.0,16.44
103132,2023-08-06,Fountain Pen,Stationery,East,In-Store,2,19.9,0.0,39.8
103152,2023-08-07,USB-C Hub,Electronics,Central,Online,1,30.76,0.0,30.76
103151,2023-08-07,Water Bottle,Fitness,South,In-Store,1,13.39,0.0,13.39
103150,2023-08-07,Yoga Mat,Fitness,North,Online,1,22.64,0.0,22.64
103149,2023-08-07,Resistance Bands,Fitness,Central,In-Store,1,13.97,0.0,13.97
103148,2023-08-07,Mechanical Keyboard,Electronics,South,In-Store,2,62.3,0.0,124.6
103146,2023-08-07,Fountain Pen,Stationery,East,In-Store,1,19.7,0.0,19.7
103145,2023-08-07,Standing Desk,Furniture,South,Online,1,251.29,0.2,251.29
103144,2023-08-07,Dumbbell Set,Fitness,West,In-Store,2,92.74,0.0,185.48
103143,2023-08-07,Wireless Mouse,Electronics,Central,Online,2,18.41,0.0,36.82
103142,2023-08-07,Mechanical Keyboard,Electronics,East,Online,2,64.57,0.0,129.14
103147,2023-08-07,Bookshelf,Furniture,East,Online,1,123.35,0.0,123.35
103165,2023-08-08,Notebook Set,Stationery,South,In-Store,1,9.43,0.0,9.43
103172,2023-08-08,Standing Desk,Furniture,East,Online,2,292.41,0.0,584.82
103171,2023-08-08,Office Chair,Furniture,South,Online,1,153.46,0.0,153.46
103170,2023-08-08,Fountain Pen,Stationery,West,Online,1,20.15,0.0,20.15
103169,2023-08-08,Notebook Set,Stationery,North,In-Store,1,8.91,0.0,8.91
103168,2023-08-08,Notebook Set,Stationery,West,Online,1,8.91,0.0,8.91
103167,2023-08-08,Running Shoes,Fitness,East,Online,1,75.57,0.0,75.57
103166,2023-08-08,Noise-Cancel Headphones,Electronics,East,Online,2,109.39,0.2,218.78
103164,2023-08-08,Mechanical Keyboard,Electronics,North,Online,1,66.17,0.0,66.17
103153,2023-08-08,Running Shoes,Fitness,Central,In-Store,1,76.06,0.0,76.06
103162,2023-08-08,Fountain Pen,Stationery,East,Online,2,20.25,0.0,40.5
103161,2023-08-08,Fountain Pen,Stationery,East,Online,1,20.25,0.0,20.25
103160,2023-08-08,Planner,Stationery,East,In-Store,1,16.45,0.0,16.45
103159,2023-08-08,Planner,Stationery,East,Online,2,16.45,0.0,32.9
103158,2023-08-08,Bluetooth Speaker,Electronics,South,In-Store,1,45.34,0.0,45.34
103157,2023-08-08,Resistance Bands,Fitness,South,Online,1,12.94,0.1,12.94
103156,2023-08-08,Noise-Cancel Headphones,Electronics,West,Online,1,132.56,0.0,132.56
103155,2023-08-08,USB-C Hub,Electronics,Central,Online,2,29.99,0.0,59.98
103154,2023-08-08,Office Chair,Furniture,North,Online,2,123.7,0.2,247.4
103163,2023-08-08,Water Bottle,Fitness,South,Online,2,12.86,0.0,25.72
103183,2023-08-09,Noise-Cancel Headphones,Electronics,South,Online,2,130.6,0.0,261.2
103182,2023-08-09,Running Shoes,Fitness,East,Online,1,75.32,0.0,75.32
103181,2023-08-09,Noise-Cancel Headphones,Electronics,West,In-Store,1,112.7,0.1,112.7
103180,2023-08-09,Bluetooth Speaker,Electronics,North,Online,1,39.9,0.1,39.9
103179,2023-08-09,Bluetooth Speaker,Electronics,North,Online,2,44.24,0.0,88.48
103178,2023-08-09,Yoga Mat,Fitness,East,Online,1,22.15,0.0,22.15
103176,2023-08-09,Yoga Mat,Fitness,West,In-Store,1,21.84,0.0,21.84
103175,2023-08-09,Mechanical Keyboard,Electronics,East,Online,1,66.62,0.0,66.62
103174,2023-08-09,Water Bottle,Fitness,West,In-Store,2,12.79,0.0,25.58
103173,2023-08-09,Planner,Stationery,Central,In-Store,1,15.71,0.0,15.71
103177,2023-08-09,Running Shoes,Fitness,East,Online,1,68.54,0.1,68.54
103194,2023-08-10,Bookshelf,Furniture,North,Online,1,115.71,0.0,115.71
103200,2023-08-10,Resistance Bands,Fitness,North,Online,1,14.97,0.0,14.97
103199,2023-08-10,Notebook Set,Stationery,South,In-Store,1,9.1,0.0,9.1
103198,2023-08-10,Bluetooth Speaker,Electronics,North,Online,1,39.64,0.1,39.64
103197,2023-08-10,Bluetooth Speaker,Electronics,South,Online,1,41.56,0.1,41.56
103196,2023-08-10,Bluetooth Speaker,Electronics,South,In-Store,1,47.43,0.0,47.43
103195,2023-08-10,USB-C Hub,Electronics,East,Online,1,29.72,0.0,29.72
103193,2023-08-10,Bluetooth Speaker,Electronics,North,In-Store,1,35.23,0.2,35.23
103201,2023-08-10,Water Bottle,Fitness,East,In-Store,1,13.28,0.0,13.28
103191,2023-08-10,Resistance Bands,Fitness,North,In-Store,1,13.98,0.0,13.98
103190,2023-08-10,Running Shoes,Fitness,Central,Online,1,65.89,0.15,65.89
103189,2023-08-10,Mechanical Keyboard,Electronics,North,Online,1,63.89,0.0,63.89
103188,2023-08-10,Running Shoes,Fitness,South,In-Store,1,74.44,0.0,74.44
103187,2023-08-10,Running Shoes,Fitness,South,Online,1,76.84,0.0,76.84
103186,2023-08-10,Fountain Pen,Stationery,South,Online,2,19.1,0.0,38.2
103185,2023-08-10,Notebook Set,Stationery,West,Online,2,8.14,0.1,16.28
103184,2023-08-10,Notebook Set,Stationery,South,Online,1,8.14,0.1,8.14
103192,2023-08-10,Yoga Mat,Fitness,South,In-Store,1,22.24,0.0,22.24
103210,2023-08-11,Resistance Bands,Fitness,East,In-Store,2,13.34,0.0,26.68
103209,2023-08-11,Noise-Cancel Headphones,Electronics,South,Online,1,134.27,0.0,134.27
103208,2023-08-11,USB-C Hub,Electronics,East,In-Store,1,29.72,0.0,29.72
103207,2023-08-11,Wireless Mouse,Electronics,North,In-Store,1,19.25,0.0,19.25
103205,2023-08-11,USB-C Hub,Electronics,North,Online,1,25.74,0.1,25.74
103204,2023-08-11,Standing Desk,Furniture,West,Online,2,307.05,0.0,614.1
103203,2023-08-11,Standing Desk,Furniture,North,Online,1,300.59,0.0,300.59
103202,2023-08-11,Bookshelf,Furniture,South,In-Store,2,116.72,0.0,233.44
103206,2023-08-11,Desk Lamp,Furniture,West,In-Store,1,25.61,0.0,25.61
103224,2023-08-12,Standing Desk,Furniture,West,Online,1,312.7,0.0,312.7
103232,2023-08-12,Planner,Stationery,North,In-Store,1,16.74,0.0,16.74
103231,2023-08-12,Fountain Pen,Stationery,East,In-Store,1,19.92,0.0,19.92
103230,2023-08-12,Planner,Stationery,West,Online,1,16.8,0.0,16.8
103229,2023-08-12,Running Shoes,Fitness,Central,Online,1,79.63,0.0,79.63
103228,2023-08-12,Running Shoes,Fitness,West,Online,2,74.92,0.0,149.84
103227,2023-08-12,Wireless Mouse,Electronics,East,In-Store,1,19.72,0.0,19.72
103226,2023-08-12,Standing Desk,Furniture,South,In-Store,1,289.8,0.0,289.8
103225,2023-08-12,Running Shoes,Fitness,North,Online,2,73.93,0.0,147.86
103223,2023-08-12,Office Chair,Furniture,South,In-Store,2,148.49,0.0,296.98
103216,2023-08-12,Standing Desk,Furniture,Central,Online,1,298.23,0.0,298.23
103221,2023-08-12,Mechanical Keyboard,Electronics,East,In-Store,1,64.94,0.0,64.94
103211,2023-08-12,Bluetooth Speaker,Electronics,North,Online,1,45.99,0.0,45.99
103222,2023-08-12,Noise-Cancel Headphones,Electronics,West,Online,1,130.24,0.0,130.24
103213,2023-08-12,Fountain Pen,Stationery,Central,In-Store,1,17.18,0.15,17.18
103214,2023-08-12,Fountain Pen,Stationery,East,In-Store,2,17.18,0.15,34.36
103212,2023-08-12,Noise-Cancel Headphones,Electronics,North,Online,2,135.03,0.0,270.06
103217,2023-08-12,Noise-Cancel Headphones,Electronics,South,In-Store,1,127.18,0.0,127.18
103218,2023-08-12,Bookshelf,Furniture,East,Online,1,97.66,0.2,97.66
103219,2023-08-12,Office Chair,Furniture,Central,Online,4,148.8,0.0,595.2
103220,2023-08-12,Resistance Bands,Fitness,South,Online,3,13.78,0.0,41.34
103215,2023-08-12,Standing Desk,Furniture,South,Online,1,302.49,0.0,302.49
103246,2023-08-13,Bookshelf,Furniture,Central,In-Store,1,123.19,0.0,123.19
103245,2023-08-13,Bluetooth Speaker,Electronics,East,In-Store,1,37.39,0.2,37.39
103244,2023-08-13,Noise-Cancel Headphones,Electronics,South,In-Store,1,124.05,0.0,124.05
103243,2023-08-13,Water Bottle,Fitness,West,In-Store,1,13.16,0.0,13.16
103242,2023-08-13,Fountain Pen,Stationery,South,Online,2,19.18,0.0,38.36
103240,2023-08-13,Planner,Stationery,East,Online,2,12.84,0.2,25.68
103241,2023-08-13,Fountain Pen,Stationery,South,In-Store,1,19.18,0.0,19.18
103238,2023-08-13,Water Bottle,Fitness,South,In-Store,2,13.46,0.0,26.92
103237,2023-08-13,Desk Lamp,Furniture,North,Online,1,24.24,0.0,24.24
103236,2023-08-13,Running Shoes,Fitness,South,In-Store,1,59.46,0.2,59.46
103235,2023-08-13,Office Chair,Furniture,North,Online,1,157.01,0.0,157.01
103234,2023-08-13,Water Bottle,Fitness,Central,In-Store,1,12.64,0.0,12.64
103233,2023-08-13,Mechanical Keyboard,Electronics,East,Online,2,63.37,0.0,126.74
103239,2023-08-13,Mechanical Keyboard,Electronics,North,Online,2,56.93,0.1,113.86
103264,2023-08-14,Fountain Pen,Stationery,North,Online,2,18.92,0.0,37.84
103263,2023-08-14,Noise-Cancel Headphones,Electronics,Central,In-Store,1,131.21,0.0,131.21
103262,2023-08-14,Notebook Set,Stationery,East,Online,1,8.9,0.0,8.9
103261,2023-08-14,Office Chair,Furniture,West,Online,2,151.9,0.0,303.8
103260,2023-08-14,Water Bottle,Fitness,West,In-Store,1,13.0,0.0,13.0
103259,2023-08-14,Bookshelf,Furniture,East,Online,1,119.09,0.0,119.09
103258,2023-08-14,Wireless Mouse,Electronics,West,Online,1,18.5,0.0,18.5
103257,2023-08-14,Running Shoes,Fitness,South,Online,1,74.85,0.0,74.85
103265,2023-08-14,Resistance Bands,Fitness,East,Online,1,14.41,0.0,14.41
103255,2023-08-14,Planner,Stationery,West,Online,1,16.26,0.0,16.26
103256,2023-08-14,Planner,Stationery,North,Online,1,16.26,0.0,16.26
103248,2023-08-14,Yoga Mat,Fitness,South,Online,2,22.19,0.0,44.38
103249,2023-08-14,Noise-Cancel Headphones,Electronics,East,Online,3,125.61,0.0,376.83
103250,2023-08-14,Desk Lamp,Furniture,North,Online,1,20.53,0.15,20.53
103247,2023-08-14,Mechanical Keyboard,Electronics,Central,Online,1,63.0,0.0,63.0
103252,2023-08-14,Fountain Pen,Stationery,North,Online,1,19.61,0.0,19.61
103253,2023-08-14,Fountain Pen,Stationery,Central,Online,2,19.61,0.0,39.22
103254,2023-08-14,Running Shoes,Fitness,Central,In-Store,2,79.19,0.0,158.38
103251,2023-08-14,Mechanical Keyboard,Electronics,South,In-Store,1,66.03,0.0,66.03
103283,2023-08-15,Notebook Set,Stationery,East,Online,4,9.02,0.0,36.08
103282,2023-08-15,Office Chair,Furniture,Central,In-Store,1,155.13,0.0,155.13
103281,2023-08-15,Resistance Bands,Fitness,North,Online,1,15.29,0.0,15.29
103280,2023-08-15,Dumbbell Set,Fitness,South,Online,2,82.12,0.1,164.24
103279,2023-08-15,Desk Lamp,Furniture,East,In-Store,1,24.9,0.0,24.9
103278,2023-08-15,Desk Lamp,Furniture,East,In-Store,1,26.43,0.0,26.43
103277,2023-08-15,Bookshelf,Furniture,West,In-Store,2,116.98,0.0,233.96
103276,2023-08-15,Fountain Pen,Stationery,East,In-Store,2,19.92,0.0,39.84
103273,2023-08-15,Desk Lamp,Furniture,East,In-Store,1,25.75,0.0,25.75
103274,2023-08-15,Bluetooth Speaker,Electronics,South,In-Store,1,39.15,0.1,39.15
103272,2023-08-15,Mechanical Keyboard,Electronics,South,Online,2,65.28,0.0,130.56
103271,2023-08-15,Standing Desk,Furniture,North,Online,1,319.15,0.0,319.15
103270,2023-08-15,Dumbbell Set,Fitness,West,Online,1,85.23,0.1,85.23
103269,2023-08-15,Yoga Mat,Fitness,South,In-Store,1,21.39,0.0,21.39
103268,2023-08-15,Mechanical Keyboard,Electronics,Central,Online,1,67.0,0.0,67.0
103267,2023-08-15,Fountain Pen,Stationery,West,Online,1,16.04,0.2,16.04
103266,2023-08-15,Wireless Mouse,Electronics,East,In-Store,1,18.09,0.1,18.09
103275,2023-08-15,Bluetooth Speaker,Electronics,West,In-Store,1,45.03,0.0,45.03
103291,2023-08-16,Planner,Stationery,South,Online,1,16.15,0.0,16.15
103295,2023-08-16,Resistance Bands,Fitness,North,Online,2,12.94,0.1,25.88
103294,2023-08-16,Fountain Pen,Stationery,South,In-Store,1,19.01,0.0,19.01
103293,2023-08-16,Bluetooth Speaker,Electronics,South,In-Store,1,39.9,0.15,39.9
103290,2023-08-16,Bookshelf,Furniture,East,In-Store,1,107.57,0.1,107.57
103292,2023-08-16,Office Chair,Furniture,South,In-Store,1,143.8,0.1,143.8
103288,2023-08-16,Desk Lamp,Furniture,South,Online,2,25.31,0.0,50.62
103284,2023-08-16,Water Bottle,Fitness,East,Online,4,13.6,0.0,54.4
103287,2023-08-16,Water Bottle,Fitness,Central,Online,1,12.78,0.0,12.78
103286,2023-08-16,Bluetooth Speaker,Electronics,Central,Online,3,44.06,0.0,132.18
103285,2023-08-16,Standing Desk,Furniture,South,Online,1,297.24,0.0,297.24
103289,2023-08-16,Water Bottle,Fitness,South,Online,2,12.72,0.0,25.44
103306,2023-08-17,Noise-Cancel Headphones,Electronics,East,Online,1,131.08,0.0,131.08
103305,2023-08-17,Dumbbell Set,Fitness,North,Online,2,89.4,0.0,178.8
103304,2023-08-17,Water Bottle,Fitness,North,In-Store,2,13.17,0.0,26.34
103303,2023-08-17,Resistance Bands,Fitness,South,In-Store,1,11.05,0.2,11.05
103302,2023-08-17,Fountain Pen,Stationery,West,In-Store,1,20.56,0.0,20.56
103300,2023-08-17,Desk Lamp,Furniture,West,Online,2,25.12,0.0,50.24
103299,2023-08-17,Resistance Bands,Fitness,South,Online,3,15.01,0.0,45.03
103298,2023-08-17,Running Shoes,Fitness,East,Online,1,78.09,0.0,78.09
103297,2023-08-17,Office Chair,Furniture,Central,Online,4,147.28,0.0,589.12
103296,2023-08-17,Noise-Cancel Headphones,Electronics,East,In-Store,4,126.89,0.0,507.56
103301,2023-08-17,Fountain Pen,Stationery,South,Online,1,20.56,0.0,20.56
103316,2023-08-18,Bluetooth Speaker,Electronics,North,Online,1,44.94,0.0,44.94
103320,2023-08-18,Mechanical Keyboard,Electronics,Central,In-Store,2,50.59,0.2,101.18
103319,2023-08-18,Mechanical Keyboard,Electronics,South,Online,2,63.11,0.0,126.22
103318,2023-08-18,Running Shoes,Fitness,Central,Online,1,74.04,0.0,74.04
103317,2023-08-18,Mechanical Keyboard,Electronics,Central,Online,1,62.17,0.0,62.17
103315,2023-08-18,Dumbbell Set,Fitness,West,Online,2,86.25,0.0,172.5
103309,2023-08-18,Noise-Cancel Headphones,Electronics,North,Online,4,131.87,0.0,527.48
103313,2023-08-18,Bluetooth Speaker,Electronics,West,Online,1,43.86,0.0,43.86
103312,2023-08-18,Yoga Mat,Fitness,Central,Online,1,21.18,0.0,21.18
103311,2023-08-18,Desk Lamp,Furniture,North,Online,1,23.8,0.0,23.8
103310,2023-08-18,Dumbbell Set,Fitness,West,In-Store,1,90.22,0.0,90.22
103308,2023-08-18,Office Chair,Furniture,West,Online,1,143.33,0.0,143.33
103307,2023-08-18,Bookshelf,Furniture,North,Online,1,118.58,0.0,118.58
103314,2023-08-18,Notebook Set,Stationery,West,Online,1,9.0,0.0,9.0
103331,2023-08-19,USB-C Hub,Electronics,North,In-Store,1,30.59,0.0,30.59
103337,2023-08-19,USB-C Hub,Electronics,West,In-Store,1,29.48,0.0,29.48
103335,2023-08-19,Running Shoes,Fitness,North,Online,1,70.62,0.1,70.62
103334,2023-08-19,Desk Lamp,Furniture,South,In-Store,1,23.01,0.1,23.01
103333,2023-08-19,Wireless Mouse,Electronics,North,Online,1,16.65,0.15,16.65
103332,2023-08-19,Desk Lamp,Furniture,North,Online,1,25.79,0.0,25.79
103330,2023-08-19,USB-C Hub,Electronics,Central,Online,1,30.69,0.0,30.69
103336,2023-08-19,USB-C Hub,Electronics,South,Online,1,26.16,0.1,26.16
103328,2023-08-19,Planner,Stationery,North,In-Store,2,15.45,0.0,30.9
103321,2023-08-19,USB-C Hub,Electronics,West,In-Store,1,28.61,0.1,28.61
103322,2023-08-19,Desk Lamp,Furniture,North,In-Store,1,25.17,0.0,25.17
103323,2023-08-19,Resistance Bands,Fitness,West,In-Store,1,14.96,0.0,14.96
103329,2023-08-19,Office Chair,Furniture,South,Online,1,146.86,0.0,146.86
103325,2023-08-19,Planner,Stationery,North,In-Store,1,15.59,0.0,15.59
103326,2023-08-19,Dumbbell Set,Fitness,South,Online,2,89.61,0.0,179.22
103327,2023-08-19,Mechanical Keyboard,Electronics,North,Online,2,67.57,0.0,135.14
103324,2023-08-19,Bookshelf,Furniture,West,Online,1,111.4,0.1,111.4
103349,2023-08-20,Running Shoes,Fitness,North,In-Store,1,71.42,0.0,71.42
103355,2023-08-20,Wireless Mouse,Electronics,West,Online,2,19.06,0.0,38.12
103354,2023-08-20,Wireless Mouse,Electronics,Central,Online,2,19.11,0.0,38.22
103353,2023-08-20,Dumbbell Set,Fitness,North,Online,1,90.87,0.0,90.87
103352,2023-08-20,Bookshelf,Furniture,East,Online,2,121.15,0.0,242.3
103351,2023-08-20,Mechanical Keyboard,Electronics,North,Online,1,63.4,0.0,63.4
103350,2023-08-20,Yoga Mat,Fitness,South,In-Store,2,22.08,0.0,44.16
103348,2023-08-20,Running Shoes,Fitness,South,In-Store,1,66.33,0.1,66.33
103344,2023-08-20,Bluetooth Speaker,Electronics,Central,In-Store,1,42.16,0.1,42.16
103346,2023-08-20,Resistance Bands,Fitness,North,In-Store,1,14.7,0.0,14.7
103345,2023-08-20,Dumbbell Set,Fitness,South,In-Store,2,86.24,0.0,172.48
103343,2023-08-20,Yoga Mat,Fitness,West,Online,1,23.4,0.0,23.4
103342,2023-08-20,Bluetooth Speaker,Electronics,West,Online,1,45.52,0.0,45.52
103341,2023-08-20,Notebook Set,Stationery,West,In-Store,1,9.08,0.0,9.08
103340,2023-08-20,Running Shoes,Fitness,East,Online,1,59.8,0.2,59.8
103339,2023-08-20,Water Bottle,Fitness,South,Online,1,13.04,0.0,13.04
103338,2023-08-20,Office Chair,Furniture,Central,Online,1,148.48,0.0,148.48
103347,2023-08-20,USB-C Hub,Electronics,East,Online,1,29.38,0.0,29.38
103361,2023-08-21,Mechanical Keyboard,Electronics,West,In-Store,2,62.49,0.0,124.98
103362,2023-08-21,Bookshelf,Furniture,West,In-Store,1,125.11,0.0,125.11
103360,2023-08-21,Noise-Cancel Headphones,Electronics,South,Online,3,127.52,0.0,382.56
103356,2023-08-21,Desk Lamp,Furniture,North,In-Store,2,24.94,0.0,49.88
103358,2023-08-21,Office Chair,Furniture,East,In-Store,1,143.72,0.0,143.72
103357,2023-08-21,Notebook Set,Stationery,North,In-Store,1,7.74,0.1,7.74
103359,2023-08-21,Fountain Pen,Stationery,North,In-Store,1,19.32,0.0,19.32
103378,2023-08-22,Notebook Set,Stationery,Central,Online,1,9.16,0.0,9.16
103377,2023-08-22,Planner,Stationery,Central,Online,1,12.98,0.2,12.98
103376,2023-08-22,Running Shoes,Fitness,East,In-Store,2,64.64,0.1,129.28
103375,2023-08-22,Wireless Mouse,Electronics,Central,In-Store,1,17.32,0.1,17.32
103374,2023-08-22,Noise-Cancel Headphones,Electronics,North,Online,2,131.89,0.0,263.78
103373,2023-08-22,Notebook Set,Stationery,East,Online,1,8.39,0.1,8.39
103372,2023-08-22,Planner,Stationery,North,In-Store,1,15.85,0.0,15.85
103371,2023-08-22,Notebook Set,Stationery,West,In-Store,1,8.82,0.0,8.82
103369,2023-08-22,Wireless Mouse,Electronics,West,Online,2,18.77,0.0,37.54
103368,2023-08-22,Noise-Cancel Headphones,Electronics,North,In-Store,2,114.28,0.1,228.56
103367,2023-08-22,Standing Desk,Furniture,South,In-Store,2,286.18,0.0,572.36
103366,2023-08-22,Notebook Set,Stationery,West,In-Store,1,7.74,0.15,7.74
103365,2023-08-22,Water Bottle,Fitness,Central,Online,1,12.77,0.0,12.77
103364,2023-08-22,Bluetooth Speaker,Electronics,East,Online,1,36.61,0.2,36.61
103363,2023-08-22,Water Bottle,Fitness,South,In-Store,2,13.45,0.0,26.9
103370,2023-08-22,Notebook Set,Stationery,Central,Online,1,8.82,0.0,8.82
103386,2023-08-23,USB-C Hub,Electronics,West,In-Store,1,30.91,0.0,30.91
103385,2023-08-23,Noise-Cancel Headphones,Electronics,North,Online,2,127.47,0.0,254.94
103384,2023-08-23,Mechanical Keyboard,Electronics,East,In-Store,1,65.35,0.0,65.35
103381,2023-08-23,Resistance Bands,Fitness,West,Online,4,14.97,0.0,59.88
103382,2023-08-23,Standing Desk,Furniture,Central,Online,1,298.8,0.0,298.8
103380,2023-08-23,Planner,Stationery,East,Online,3,15.49,0.0,46.47
103379,2023-08-23,Dumbbell Set,Fitness,North,Online,-1,87.76,0.0,87.76
103383,2023-08-23,Bluetooth Speaker,Electronics,West,Online,2,45.04,0.0,90.08
103397,2023-08-24,Running Shoes,Fitness,West,Online,1,58.12,0.2,58.12
103396,2023-08-24,Resistance Bands,Fitness,Central,In-Store,2,14.28,0.0,28.56
103395,2023-08-24,Notebook Set,Stationery,West,Online,1,7.79,0.15,7.79
103394,2023-08-24,Notebook Set,Stationery,South,Online,2,7.79,0.15,15.58
103393,2023-08-24,Office Chair,Furniture,East,Online,1,145.18,0.0,145.18
103391,2023-08-24,Mechanical Keyboard,Electronics,Central,In-Store,1,67.4,0.0,67.4
103390,2023-08-24,Yoga Mat,Fitness,East,Online,1,22.26,0.0,22.26
103389,2023-08-24,Bookshelf,Furniture,East,Online,1,120.28,0.0,120.28
103388,2023-08-24,Bookshelf,Furniture,North,In-Store,1,97.38,0.2,97.38
103387,2023-08-24,USB-C Hub,Electronics,South,Online,1,31.04,0.0,31.04
103392,2023-08-24,Resistance Bands,Fitness,West,Online,1,12.23,0.2,12.23
103405,2023-08-25,Bookshelf,Furniture,East,Online,1,126.04,0.0,126.04
103407,2023-08-25,Noise-Cancel Headphones,Electronics,North,In-Store,1,129.45,0.0,129.45
103406,2023-08-25,Running Shoes,Fitness,North,Online,1,72.9,0.0,72.9
103404,2023-08-25,Bluetooth Speaker,Electronics,West,Online,1,46.24,0.0,46.24
103408,2023-08-25,Notebook Set,Stationery,West,Online,1,8.2,0.1,8.2
103402,2023-08-25,Resistance Bands,Fitness,South,In-Store,1,11.93,0.2,11.93
103401,2023-08-25,USB-C Hub,Electronics,East,Online,1,29.69,0.0,29.69
103400,2023-08-25,USB-C Hub,Electronics,West,Online,2,30.97,0.0,61.94
103399,2023-08-25,Bluetooth Speaker,Electronics,South,Online,2,37.58,0.15,75.16
103398,2023-08-25,Bluetooth Speaker,Electronics,East,Online,1,45.02,0.0,45.02
103403,2023-08-25,Bluetooth Speaker,Electronics,West,In-Store,2,47.7,0.0,95.4
103422,2023-08-26,Desk Lamp,Furniture,North,Online,1,25.1,0.0,25.1
103421,2023-08-26,Standing Desk,Furniture,West,In-Store,1,314.88,0.0,314.88
103420,2023-08-26,Dumbbell Set,Fitness,East,Online,3,87.82,0.0,263.46
103419,2023-08-26,Running Shoes,Fitness,South,Online,2,74.61,0.0,149.22
103417,2023-08-26,Standing Desk,Furniture,West,In-Store,1,299.55,0.0,299.55
103416,2023-08-26,Planner,Stationery,East,Online,1,15.92,0.0,15.92
103418,2023-08-26,Water Bottle,Fitness,South,Online,1,9.9,0.2,9.9
103414,2023-08-26,Mechanical Keyboard,Electronics,West,In-Store,1,62.28,0.0,62.28
103413,2023-08-26,Wireless Mouse,Electronics,West,In-Store,1,18.87,0.0,18.87
103412,2023-08-26,USB-C Hub,Electronics,Central,Online,2,30.3,0.0,60.6
103411,2023-08-26,Wireless Mouse,Electronics,Central,In-Store,1,18.97,0.0,18.97
103410,2023-08-26,Wireless Mouse,Electronics,Central,Online,2,18.83,0.0,37.66
103409,2023-08-26,Wireless Mouse,Electronics,East,Online,2,17.91,0.0,35.82
103415,2023-08-26,Wireless Mouse,Electronics,North,Online,1,19.39,0.0,19.39
103436,2023-08-27,Yoga Mat,Fitness,North,In-Store,1,21.69,0.0,21.69
103437,2023-08-27,Noise-Cancel Headphones,Electronics,West,Online,1,132.15,0.0,132.15
103438,2023-08-27,Bookshelf,Furniture,West,Online,1,122.32,0.0,122.32
103435,2023-08-27,USB-C Hub,Electronics,Central,Online,3,29.49,0.0,88.47
103441,2023-08-27,Mechanical Keyboard,Electronics,West,Online,1,57.66,0.15,57.66
103440,2023-08-27,Bookshelf,Furniture,North,Online,1,100.91,0.2,100.91
103442,2023-08-27,Desk Lamp,Furniture,West,In-Store,3,19.85,0.2,59.55
103443,2023-08-27,Bookshelf,Furniture,Central,Online,1,106.63,0.1,106.63
103439,2023-08-27,Desk Lamp,Furniture,West,In-Store,1,25.7,0.0,25.7
103434,2023-08-27,Notebook Set,Stationery,South,Online,1,9.03,0.0,9.03
103428,2023-08-27,Planner,Stationery,North,In-Store,1,14.95,0.1,14.95
103432,2023-08-27,Fountain Pen,Stationery,East,Online,1,20.66,0.0,20.66
103431,2023-08-27,Bluetooth Speaker,Electronics,West,Online,1,45.27,0.0,45.27
103430,2023-08-27,Water Bottle,Fitness,North,In-Store,2,11.38,0.15,22.76
103429,2023-08-27,Planner,Stationery,North,Online,2,14.95,0.1,29.9
103427,2023-08-27,Yoga Mat,Fitness,East,Online,2,21.63,0.0,43.26
103426,2023-08-27,USB-C Hub,Electronics,Central,Online,1,30.21,0.0,30.21
103425,2023-08-27,Standing Desk,Furniture,West,In-Store,1,300.09,0.0,300.09
103424,2023-08-27,Running Shoes,Fitness,North,Online,2,75.6,0.0,151.2
103423,2023-08-27,Mechanical Keyboard,Electronics,South,Online,1,64.83,0.0,64.83
103433,2023-08-27,Planner,Stationery,East,Online,1,16.13,0.0,16.13
103457,2023-08-28,Mechanical Keyboard,Electronics,West,Online,2,61.94,0.0,123.88
103456,2023-08-28,Water Bottle,Fitness,South,Online,2,13.72,0.0,27.44
103455,2023-08-28,Bluetooth Speaker,Electronics,Central,Online,1,46.33,0.0,46.33
103454,2023-08-28,Mechanical Keyboard,Electronics,West,Online,1,66.31,0.0,66.31
103452,2023-08-28,Running Shoes,Fitness,East,In-Store,2,77.69,0.0,155.38
103451,2023-08-28,Notebook Set,Stationery,East,Online,1,8.66,0.0,8.66
103453,2023-08-28,Notebook Set,Stationery,West,In-Store,1,8.97,0.0,8.97
103449,2023-08-28,USB-C Hub,Electronics,South,Online,1,27.23,0.0,27.23
103448,2023-08-28,Mechanical Keyboard,Electronics,East,Online,3,52.0,0.2,156.0
103447,2023-08-28,Yoga Mat,Fitness,North,In-Store,1,20.03,0.1,20.03
103446,2023-08-28,Planner,Stationery,South,Online,2,16.12,0.0,32.24
103445,2023-08-28,Planner,Stationery,South,In-Store,3,16.12,0.0,48.36
103444,2023-08-28,Noise-Cancel Headphones,Electronics,South,Online,2,105.01,0.15,210.02
103450,2023-08-28,Fountain Pen,Stationery,South,In-Store,2,17.58,0.2,35.16
103468,2023-08-29,Bookshelf,Furniture,South,Online,1,120.3,0.0,120.3
103467,2023-08-29,Wireless Mouse,Electronics,Central,Online,2,18.91,0.0,37.82
103466,2023-08-29,Standing Desk,Furniture,West,Online,2,297.65,0.0,595.3
103465,2023-08-29,Noise-Cancel Headphones,Electronics,Central,In-Store,3,115.02,0.15,345.06
103464,2023-08-29,Fountain Pen,Stationery,North,Online,1,20.84,0.0,20.84
103462,2023-08-29,Bluetooth Speaker,Electronics,South,Online,1,47.85,0.0,47.85
103461,2023-08-29,Dumbbell Set,Fitness,Central,Online,4,95.67,0.0,382.68
103460,2023-08-29,Standing Desk,Furniture,East,Online,1,248.1,0.15,248.1
103459,2023-08-29,Running Shoes,Fitness,South,Online,3,,0.0,230.43
103458,2023-08-29,Mechanical Keyboard,Electronics,East,In-Store,1,64.25,0.0,64.25
103463,2023-08-29,Fountain Pen,Stationery,North,Online,1,20.84,0.0,20.84
103477,2023-08-30,Running Shoes,Fitness,South,In-Store,1,73.72,0.0,73.72
103476,2023-08-30,Running Shoes,Fitness,South,In-Store,1,75.44,0.0,75.44
103474,2023-08-30,Water Bottle,Fitness,West,Online,1,13.31,0.0,13.31
103475,2023-08-30,Wireless Mouse,Electronics,Central,In-Store,1,19.14,0.0,19.14
103472,2023-08-30,Mechanical Keyboard,Electronics,East,Online,1,63.57,0.0,63.57
103471,2023-08-30,Bluetooth Speaker,Electronics,East,In-Store,1,47.56,0.0,47.56
103470,2023-08-30,Dumbbell Set,Fitness,East,Online,2,90.21,0.0,180.42
103469,2023-08-30,Water Bottle,Fitness,West,In-Store,2,12.25,0.0,24.5
103473,2023-08-30,Desk Lamp,Furniture,West,Online,1,25.09,0.0,25.09
103485,2023-08-31,Desk Lamp,Furniture,Central,In-Store,2,24.73,0.0,49.46
103484,2023-08-31,Bookshelf,Furniture,West,Online,2,118.75,0.0,237.5
103482,2023-08-31,Notebook Set,Stationery,Central,Online,2,9.24,0.0,18.48
103483,2023-08-31,Notebook Set,Stationery,East,Online,2,9.24,0.0,18.48
103480,2023-08-31,Bluetooth Speaker,Electronics,South,Online,2,44.49,0.0,88.98
103479,2023-08-31,Running Shoes,Fitness,East,Online,1,71.6,0.0,71.6
103478,2023-08-31,Planner,Stationery,East,Online,1,14.11,0.1,14.11
103481,2023-08-31,Wireless Mouse,Electronics,South,In-Store,1,16.57,0.15,16.57
103496,2023-09-01,Desk Lamp,Furniture,South,In-Store,2,24.19,0.0,48.38
103501,2023-09-01,USB-C Hub,Electronics,North,In-Store,1,31.0,0.0,31.0
103500,2023-09-01,Bookshelf,Furniture,North,In-Store,1,113.69,0.0,113.69
103499,2023-09-01,Standing Desk,Furniture,Central,Online,1,258.05,0.15,258.05
103498,2023-09-01,Office Chair,Furniture,West,In-Store,2,148.19,0.0,296.38
103497,2023-09-01,Wireless Mouse,Electronics,South,In-Store,1,18.29,0.0,18.29
103495,2023-09-01,Resistance Bands,Fitness,North,Online,3,15.05,0.0,45.15
103502,2023-09-01,Planner,Stationery,North,In-Store,2,15.75,0.0,31.5
103493,2023-09-01,Planner,Stationery,West,Online,2,16.26,0.0,32.52
103492,2023-09-01,Bluetooth Speaker,Electronics,South,In-Store,1,45.84,0.0,45.84
103491,2023-09-01,USB-C Hub,Electronics,West,In-Store,2,31.52,0.0,63.04
103490,2023-09-01,Desk Lamp,Furniture,South,In-Store,1,24.35,0.0,24.35
103489,2023-09-01,Desk Lamp,Furniture,West,Online,2,23.72,0.1,47.44
103488,2023-09-01,Standing Desk,Furniture,West,Online,1,304.09,0.0,304.09
103487,2023-09-01,Standing Desk,Furniture,East,Online,1,295.71,0.0,295.71
103486,2023-09-01,Bookshelf,Furniture,North,Online,2,120.42,0.0,240.84
103494,2023-09-01,Office Chair,Furniture,West,In-Store,1,148.02,0.0,148.02
103514,2023-09-02,Water Bottle,Fitness,North,In-Store,1,13.57,0.0,13.57
103515,2023-09-02,Running Shoes,Fitness,West,Online,1,74.84,0.0,74.84
103516,2023-09-02,Wireless Mouse,Electronics,East,Online,2,19.24,0.0,38.48
103520,2023-09-02,Notebook Set,Stationery,East,Online,1,8.63,0.0,8.63
103518,2023-09-02,Water Bottle,Fitness,West,In-Store,1,11.28,0.15,11.28
103519,2023-09-02,Standing Desk,Furniture,North,In-Store,1,307.86,0.0,307.86
103517,2023-09-02,Fountain Pen,Stationery,Central,Online,1,17.6,0.1,17.6
103512,2023-09-02,Bluetooth Speaker,Electronics,North,Online,1,46.78,0.0,46.78
103513,2023-09-02,Resistance Bands,Fitness,South,Online,1,15.17,0.0,15.17
103510,2023-09-02,USB-C Hub,Electronics,South,In-Store,1,29.97,0.0,29.97
103509,2023-09-02,Bookshelf,Furniture,South,In-Store,1,119.89,0.0,119.89
103508,2023-09-02,Wireless Mouse,Electronics,North,Online,1,18.67,0.0,18.67
103507,2023-09-02,Office Chair,Furniture,South,In-Store,3,147.27,0.0,441.81
103506,2023-09-02,Desk Lamp,Furniture,Central,Online,1,24.97,0.0,24.97
103505,2023-09-02,Water Bottle,Fitness,West,Online,2,12.08,0.1,24.16
103504,2023-09-02,Planner,Stationery,Central,Online,1,16.13,0.0,16.13
103503,2023-09-02,Planner,Stationery,East,Online,2,16.13,0.0,32.26
103511,2023-09-02,Mechanical Keyboard,Electronics,North,In-Store,1,55.55,0.15,55.55
103534,2023-09-03,Standing Desk,Furniture,East,In-Store,1,271.48,0.1,271.48
103535,2023-09-03,USB-C Hub,Electronics,West,Online,1,32.14,0.0,32.14
103536,2023-09-03,Noise-Cancel Headphones,Electronics,South,In-Store,1,128.89,0.0,128.89
103537,2023-09-03,Dumbbell Set,Fitness,South,Online,3,86.85,0.0,260.55
103541,2023-09-03,Planner,Stationery,North,Online,1,15.93,0.0,15.93
103539,2023-09-03,Notebook Set,Stationery,West,Online,1,8.91,0.0,8.91
103540,2023-09-03,Resistance Bands,Fitness,South,In-Store,1,11.15,0.2,11.15
103533,2023-09-03,Notebook Set,Stationery,Central,Online,1,7.49,0.2,7.49
103538,2023-09-03,Wireless Mouse,Electronics,South,Online,1,19.4,0.0,19.4
103532,2023-09-03,Planner,Stationery,South,In-Store,2,15.48,0.0,30.96
103523,2023-09-03,Dumbbell Set,Fitness,West,Online,2,78.09,0.1,156.18
103530,2023-09-03,Bookshelf,Furniture,East,In-Store,2,117.94,0.0,235.88
103531,2023-09-03,Standing Desk,Furniture,West,In-Store,1,316.97,0.0,316.97
103521,2023-09-03,Water Bottle,Fitness,South,In-Store,1,12.6,0.0,12.6
103524,2023-09-03,Dumbbell Set,Fitness,South,Online,1,92.68,0.0,92.68
103525,2023-09-03,Standing Desk,Furniture,South,In-Store,1,267.62,0.1,267.62
103522,2023-09-03,Resistance Bands,Fitness,Central,In-Store,1,14.75,0.0,14.75
103527,2023-09-03,Water Bottle,Fitness,South,In-Store,1,13.18,0.0,13.18
103528,2023-09-03,Notebook Set,Stationery,West,In-Store,1,8.67,0.0,8.67
103529,2023-09-03,Wireless Mouse,Electronics,West,In-Store,2,19.11,0.0,38.22
103526,2023-09-03,Running Shoes,Fitness,West,Online,1,59.18,0.2,59.18
103558,2023-09-04,Bluetooth Speaker,Electronics,Central,Online,1,38.98,0.15,38.98
103557,2023-09-04,Resistance Bands,Fitness,East,Online,1,14.14,0.0,14.14
103556,2023-09-04,Fountain Pen,Stationery,South,In-Store,1,18.97,0.0,18.97
103555,2023-09-04,Desk Lamp,Furniture,West,Online,1,21.14,0.15,21.14
103554,2023-09-04,Noise-Cancel Headphones,Electronics,North,Online,1,133.45,0.0,133.45
103553,2023-09-04,Bookshelf,Furniture,Central,Online,1,119.97,0.0,119.97
103551,2023-09-04,Mechanical Keyboard,Electronics,South,In-Store,2,64.93,0.0,129.86
103552,2023-09-04,USB-C Hub,Electronics,West,Online,2,29.43,0.0,58.86
103549,2023-09-04,Resistance Bands,Fitness,Central,Online,1,14.0,0.0,14.0
103548,2023-09-04,Noise-Cancel Headphones,Electronics,North,Online,3,132.61,0.0,397.83
103547,2023-09-04,Dumbbell Set,Fitness,East,Online,1,91.06,0.0,91.06
103546,2023-09-04,Office Chair,Furniture,North,Online,1,147.34,0.0,147.34
103545,2023-09-04,Wireless Mouse,Electronics,West,In-Store,1,17.92,0.1,17.92
103544,2023-09-04,Notebook Set,Stationery,Central,Online,1,8.76,0.0,8.76
103543,2023-09-04,Notebook Set,Stationery,North,In-Store,1,8.76,0.0,8.76
103542,2023-09-04,Office Chair,Furniture,Central,Online,1,139.18,0.0,139.18
103550,2023-09-04,Fountain Pen,Stationery,West,In-Store,1,20.19,0.0,20.19
103565,2023-09-05,Running Shoes,Fitness,Central,In-Store,1,72.4,0.0,72.4
103564,2023-09-05,USB-C Hub,Electronics,East,In-Store,3,30.01,0.0,90.03
103563,2023-09-05,Noise-Cancel Headphones,Electronics,South,In-Store,1,131.12,0.0,131.12
103561,2023-09-05,Office Chair,Furniture,West,Online,1,154.6,0.0,154.6
103560,2023-09-05,Bluetooth Speaker,Electronics,North,In-Store,1,44.58,0.0,44.58
103559,2023-09-05,Bluetooth Speaker,Electronics,East,Online,1,43.47,0.0,43.47
103562,2023-09-05,Resistance Bands,Fitness,East,Online,1,14.2,0.0,14.2
103575,2023-09-06,Planner,Stationery,South,In-Store,1,14.41,0.1,14.41
103579,2023-09-06,Wireless Mouse,Electronics,South,Online,2,19.51,0.0,39.02
103578,2023-09-06,Fountain Pen,Stationery,North,Online,1,18.9,0.0,18.9
103577,2023-09-06,Planner,Stationery,Central,Online,1,14.33,0.1,14.33
103576,2023-09-06,Bookshelf,Furniture,North,Online,1,114.98,0.0,114.98
103574,2023-09-06,Planner,Stationery,South,Online,1,15.84,0.0,15.84
103566,2023-09-06,Notebook Set,Stationery,Central,Online,1,8.55,0.0,8.55
103572,2023-09-06,Dumbbell Set,Fitness,West,Online,1,84.95,0.0,84.95
103571,2023-09-06,Office Chair,Furniture,Central,Online,2,154.01,0.0,308.02
103570,2023-09-06,Yoga Mat,Fitness,West,Online,2,21.93,0.0,43.86
103569,2023-09-06,Planner,Stationery,North,In-Store,2,15.65,0.0,31.3
103568,2023-09-06,Bluetooth Speaker,Electronics,East,In-Store,1,44.95,0.0,44.95
103567,2023-09-06,Notebook Set,Stationery,East,Online,2,7.15,0.15,14.3
103573,2023-09-06,Dumbbell Set,Fitness,Central,Online,3,90.07,0.0,270.21
103594,2023-09-07,Wireless Mouse,Electronics,South,Online,1,14.7,0.2,14.7
103592,2023-09-07,USB-C Hub,Electronics,South,Online,1,29.73,0.0,29.73
103591,2023-09-07,Water Bottle,Fitness,Central,In-Store,1,12.53,0.0,12.53
103590,2023-09-07,USB-C Hub,Electronics,North,Online,1,29.03,0.0,29.03
103589,2023-09-07,Desk Lamp,Furniture,West,In-Store,3,24.16,0.0,72.48
103588,2023-09-07,Mechanical Keyboard,Electronics,South,Online,1,56.37,0.15,56.37
103593,2023-09-07,Resistance Bands,Fitness,South,Online,2,14.6,0.0,29.2
103586,2023-09-07,Notebook Set,Stationery,Central,In-Store,1,8.76,0.0,8.76
103585,2023-09-07,Resistance Bands,Fitness,Central,In-Store,2,15.08,0.0,30.16
103584,2023-09-07,Desk Lamp,Furniture,West,In-Store,4,25.39,0.0,101.56
103583,2023-09-07,Bookshelf,Furniture,South,Online,1,97.68,0.15,97.68
103582,2023-09-07,Standing Desk,Furniture,North,Online,1,296.15,0.0,296.15
103581,2023-09-07,Bookshelf,Furniture,South,Online,2,119.83,0.0,239.66
103580,2023-09-07,Yoga Mat,Fitness,Central,In-Store,1,21.93,0.0,21.93
103587,2023-09-07,Yoga Mat,Fitness,West,Online,1,18.86,0.15,18.86
103604,2023-09-08,Wireless Mouse,Electronics,North,In-Store,1,19.45,0.0,19.45
103603,2023-09-08,Desk Lamp,Furniture,South,Online,1,25.18,0.0,25.18
103602,2023-09-08,Standing Desk,Furniture,Central,Online,1,296.02,0.0,296.02
103601,2023-09-08,Wireless Mouse,Electronics,East,Online,1,19.26,0.0,19.26
103600,2023-09-08,Desk Lamp,Furniture,North,In-Store,1,25.48,0.0,25.48
103598,2023-09-08,Bluetooth Speaker,Electronics,Central,Online,2,44.05,0.0,88.1
103597,2023-09-08,Bluetooth Speaker,Electronics,West,In-Store,2,45.69,0.0,91.38
103596,2023-09-08,Standing Desk,Furniture,East,In-Store,1,310.85,0.0,310.85
103595,2023-09-08,Notebook Set,Stationery,West,In-Store,1,8.83,0.0,8.83
103599,2023-09-08,USB-C Hub,Electronics,West,Online,1,29.82,0.0,29.82
103623,2023-09-09,Dumbbell Set,Fitness,West,In-Store,1,91.81,0.0,91.81
103622,2023-09-09,Noise-Cancel Headphones,Electronics,North,In-Store,2,128.07,0.0,256.14
103621,2023-09-09,Bookshelf,Furniture,South,Online,1,123.37,0.0,123.37
103620,2023-09-09,Resistance Bands,Fitness,West,Online,1,15.08,0.0,15.08
103619,2023-09-09,Fountain Pen,Stationery,West,In-Store,1,20.28,0.0,20.28
103618,2023-09-09,USB-C Hub,Electronics,West,Online,1,30.91,0.0,30.91
103617,2023-09-09,Mechanical Keyboard,Electronics,Central,Online,1,59.69,0.1,59.69
103615,2023-09-09,Mechanical Keyboard,Electronics,East,In-Store,1,58.32,0.1,58.32
103616,2023-09-09,Fountain Pen,Stationery,North,Online,1,19.6,0.0,19.6
103613,2023-09-09,Yoga Mat,Fitness,East,In-Store,2,22.54,0.0,45.08
103612,2023-09-09,Resistance Bands,Fitness,North,In-Store,1,14.37,0.0,14.37
103611,2023-09-09,Desk Lamp,Furniture,East,Online,1,25.73,0.0,25.73
103610,2023-09-09,Notebook Set,Stationery,South,Online,1,8.96,0.0,8.96
103609,2023-09-09,Wireless Mouse,Electronics,North,Online,2,19.68,0.0,39.36
103608,2023-09-09,Wireless Mouse,Electronics,East,Online,2,19.07,0.0,38.14
103607,2023-09-09,Bluetooth Speaker,Electronics,Central,In-Store,1,44.29,0.0,44.29
103606,2023-09-09,Planner,Stationery,South,Online,1,15.64,0.0,15.64
103605,2023-09-09,Noise-Cancel Headphones,Electronics,South,Online,1,127.28,0.0,127.28
103614,2023-09-09,Noise-Cancel Headphones,Electronics,East,Online,1,126.51,0.0,126.51
103636,2023-09-10,Fountain Pen,Stationery,South,Online,1,19.61,0.0,19.61
103635,2023-09-10,Fountain Pen,Stationery,North,Online,3,19.61,0.0,58.83
103634,2023-09-10,Bookshelf,Furniture,Central,Online,1,122.72,0.0,122.72
103633,2023-09-10,Office Chair,Furniture,South,Online,1,144.85,0.0,144.85
103632,2023-09-10,Water Bottle,Fitness,North,Online,1,11.78,0.1,11.78
103631,2023-09-10,Water Bottle,Fitness,East,Online,1,12.87,0.0,12.87
103629,2023-09-10,Standing Desk,Furniture,South,In-Store,1,304.39,0.0,304.39
103628,2023-09-10,Resistance Bands,Fitness,West,Online,2,14.75,0.0,29.5
103627,2023-09-10,Desk Lamp,Furniture,East,In-Store,2,24.39,0.0,48.78
103626,2023-09-10,Planner,Stationery,Central,Online,3,16.73,0.0,50.19
103625,2023-09-10,Fountain Pen,Stationery,Central,Online,1,20.62,0.0,20.62
103624,2023-09-10,Bookshelf,Furniture,South,In-Store,2,120.75,0.0,241.5
103630,2023-09-10,Notebook Set,Stationery,South,Online,2,9.44,0.0,18.88
103647,2023-09-11,Office Chair,Furniture,Central,In-Store,1,154.54,0.0,154.54
103652,2023-09-11,Office Chair,Furniture,East,Online,1,151.12,0.0,151.12
103651,2023-09-11,USB-C Hub,Electronics,North,In-Store,2,31.2,0.0,62.4
103650,2023-09-11,Planner,Stationery,West,Online,1,15.56,0.0,15.56
103649,2023-09-11,Resistance Bands,Fitness,North,In-Store,1,14.56,0.0,14.56
103648,2023-09-11,Yoga Mat,Fitness,East,In-Store,1,22.43,0.0,22.43
103646,2023-09-11,Notebook Set,Stationery,South,Online,1,9.15,0.0,9.15
103637,2023-09-11,Standing Desk,Furniture,West,In-Store,1,315.79,0.0,315.79
103644,2023-09-11,Bookshelf,Furniture,North,Online,2,116.32,0.0,232.64
103643,2023-09-11,Planner,Stationery,East,In-Store,1,16.14,0.0,16.14
103642,2023-09-11,Bookshelf,Furniture,Central,Online,3,121.2,0.0,363.6
103641,2023-09-11,Water Bottle,Fitness,North,Online,1,12.79,0.0,12.79
103640,2023-09-11,Desk Lamp,Furniture,East,Online,1,24.01,0.0,24.01
103639,2023-09-11,Bookshelf,Furniture,South,In-Store,1,121.71,0.0,121.71
103638,2023-09-11,Wireless Mouse,Electronics,West,In-Store,1,15.04,0.2,15.04
103645,2023-09-11,Running Shoes,Fitness,Central,In-Store,1,74.07,0.0,74.07
103661,2023-09-12,Bookshelf,Furniture,West,Online,1,123.4,0.0,123.4
103665,2023-09-12,Dumbbell Set,Fitness,North,In-Store,2,90.1,0.0,180.2
103664,2023-09-12,Water Bottle,Fitness,East,Online,2,12.83,0.0,25.66
103663,2023-09-12,Fountain Pen,Stationery,West,In-Store,1,20.22,0.0,20.22
103662,2023-09-12,Bluetooth Speaker,Electronics,North,Online,1,45.43,0.0,45.43
103660,2023-09-12,Wireless Mouse,Electronics,Central,In-Store,1,19.49,0.0,19.49
103653,2023-09-12,Notebook Set,Stationery,South,Online,2,9.17,0.0,18.34
103658,2023-09-12,Yoga Mat,Fitness,Central,In-Store,1,19.56,0.1,19.56
103657,2023-09-12,Running Shoes,Fitness,West,In-Store,2,77.69,0.0,155.38
103656,2023-09-12,Yoga Mat,Fitness,East,Online,2,22.87,0.0,45.74
103655,2023-09-12,Fountain Pen,Stationery,North,Online,2,20.16,0.0,40.32
103654,2023-09-12,Yoga Mat,Fitness,South,Online,1,22.8,0.0,22.8
103659,2023-09-12,Planner,Stationery,West,In-Store,1,15.63,0.0,15.63
103678,2023-09-13,Wireless Mouse,Electronics,West,Online,1,17.02,0.15,17.02
103677,2023-09-13,Bluetooth Speaker,Electronics,North,Online,2,46.29,0.0,92.58
103676,2023-09-13,Notebook Set,Stationery,West,Online,2,8.96,0.0,17.92
103675,2023-09-13,Standing Desk,Furniture,North,Online,2,292.79,0.0,585.58
103673,2023-09-13,Standing Desk,Furniture,Central,In-Store,1,296.33,0.0,296.33
103674,2023-09-13,Dumbbell Set,Fitness,South,In-Store,1,92.04,0.0,92.04
103671,2023-09-13,Running Shoes,Fitness,East,In-Store,1,74.26,0.0,74.26
103670,2023-09-13,Bluetooth Speaker,Electronics,North,Online,1,46.28,0.0,46.28
103669,2023-09-13,Running Shoes,Fitness,West,In-Store,1,77.04,0.0,77.04
103668,2023-09-13,Fountain Pen,Stationery,East,Online,1,20.81,0.0,20.81
103667,2023-09-13,Bookshelf,Furniture,North,In-Store,2,118.1,0.0,236.2
103666,2023-09-13,Water Bottle,Fitness,East,In-Store,1,12.74,0.0,12.74
103672,2023-09-13,Noise-Cancel Headphones,Electronics,South,Online,1,118.75,0.1,118.75
103689,2023-09-14,Desk Lamp,Furniture,Central,Online,1,25.22,0.0,25.22
103695,2023-09-14,Standing Desk,Furniture,West,In-Store,1,302.02,0.0,302.02
103694,2023-09-14,Noise-Cancel Headphones,Electronics,East,In-Store,1,116.39,0.1,116.39
103693,2023-09-14,Notebook Set,Stationery,East,In-Store,1,8.99,0.0,8.99
103692,2023-09-14,USB-C Hub,Electronics,West,Online,1,30.56,0.0,30.56
103691,2023-09-14,Notebook Set,Stationery,North,Online,1,9.33,0.0,9.33
103690,2023-09-14,Yoga Mat,Fitness,East,Online,1,21.32,0.0,21.32
103688,2023-09-14,Yoga Mat,Fitness,North,Online,1,19.28,0.15,19.28
103681,2023-09-14,Planner,Stationery,West,Online,2,14.55,0.1,29.1
103686,2023-09-14,Office Chair,Furniture,South,Online,2,141.65,0.0,283.3
103685,2023-09-14,Water Bottle,Fitness,South,In-Store,4,11.29,0.1,45.16
103684,2023-09-14,Standing Desk,Furniture,South,Online,1,305.49,0.0,305.49
103683,2023-09-14,Noise-Cancel Headphones,Electronics,North,Online,1,133.18,0.0,133.18
103682,2023-09-14,Standing Desk,Furniture,Central,In-Store,4,303.42,0.0,1213.68
103680,2023-09-14,Planner,Stationery,South,In-Store,2,14.55,0.1,29.1
103679,2023-09-14,Bluetooth Speaker,Electronics,West,In-Store,1,48.48,0.0,48.48
103687,2023-09-14,Office Chair,Furniture,Central,In-Store,3,153.2,0.0,459.6
103704,2023-09-15,Bookshelf,Furniture,East,Online,1,123.63,0.0,123.63
103709,2023-09-15,USB-C Hub,Electronics,Central,In-Store,1,30.04,0.0,30.04
103707,2023-09-15,Resistance Bands,Fitness,West,In-Store,3,14.46,0.0,43.38
103706,2023-09-15,Desk Lamp,Furniture,East,Online,1,24.48,0.0,24.48
103705,2023-09-15,Desk Lamp,Furniture,North,Online,1,24.15,0.0,24.15
103703,2023-09-15,Notebook Set,Stationery,East,Online,1,7.34,0.2,7.34
103708,2023-09-15,USB-C Hub,Electronics,West,In-Store,1,31.73,0.0,31.73
103701,2023-09-15,Planner,Stationery,West,In-Store,1,15.7,0.0,15.7
103700,2023-09-15,Planner,Stationery,East,Online,2,15.7,0.0,31.4
103699,2023-09-15,Mechanical Keyboard,Electronics,East,Online,2,65.58,0.0,131.16
103698,2023-09-15,Office Chair,Furniture,Central,Online,1,148.19,0.0,148.19
103696,2023-09-15,Dumbbell Set,Fitness,North,In-Store,3,90.28,0.0,270.84
103697,2023-09-15,Noise-Cancel Headphones,Electronics,North,Online,1,131.96,0.0,131.96
103702,2023-09-15,Desk Lamp,Furniture,West,Online,1,20.4,0.15,20.4
103725,2023-09-16,Yoga Mat,Fitness,East,In-Store,1,21.83,0.0,21.83
103724,2023-09-16,Mechanical Keyboard,Electronics,South,Online,1,65.4,0.0,65.4
103723,2023-09-16,Water Bottle,Fitness,Central,Online,4,10.58,0.2,42.32
103722,2023-09-16,Dumbbell Set,Fitness,South,Online,1,78.9,0.1,78.9
103721,2023-09-16,Planner,Stationery,North,Online,1,16.51,0.0,16.51
103720,2023-09-16,Office Chair,Furniture,Central,In-Store,1,147.91,0.0,147.91
103719,2023-09-16,Bookshelf,Furniture,West,Online,1,121.51,0.0,121.51
103718,2023-09-16,Desk Lamp,Furniture,Central,Online,1,25.6,0.0,25.6
103717,2023-09-16,Mechanical Keyboard,Electronics,North,In-Store,1,55.9,0.15,55.9
103716,2023-09-16,Planner,Stationery,West,Online,2,13.44,0.15,26.88
103715,2023-09-16,Planner,Stationery,East,Online,1,13.44,0.15,13.44
103714,2023-09-16,Yoga Mat,Fitness,North,In-Store,1,22.24,0.0,22.24
103713,2023-09-16,USB-C Hub,Electronics,East,In-Store,1,30.11,0.0,30.11
103712,2023-09-16,Dumbbell Set,Fitness,West,In-Store,1,93.49,0.0,93.49
103711,2023-09-16,Noise-Cancel Headphones,Electronics,South,Online,1,122.23,0.0,122.23
103710,2023-09-16,Office Chair,Furniture,West,Online,1,149.48,0.0,149.48
103740,2023-09-17,Planner,Stationery,Central,Online,2,12.75,0.2,25.5
103739,2023-09-17,Notebook Set,Stationery,Central,Online,1,8.61,0.0,8.61
103738,2023-09-17,USB-C Hub,Electronics,Central,Online,1,23.29,0.2,23.29
103737,2023-09-17,Noise-Cancel Headphones,Electronics,West,Online,1,131.0,0.0,131.0
103736,2023-09-17,Desk Lamp,Furniture,North,Online,1,25.6,0.0,25.6
103735,2023-09-17,Bluetooth Speaker,Electronics,West,Online,2,42.92,0.0,85.84
103734,2023-09-17,Office Chair,Furniture,North,Online,1,155.99,0.0,155.99
103730,2023-09-17,USB-C Hub,Electronics,West,In-Store,2,28.93,0.0,57.86
103732,2023-09-17,Planner,Stationery,West,Online,1,16.4,0.0,16.4
103731,2023-09-17,Dumbbell Set,Fitness,South,Online,1,87.17,0.0,87.17
103729,2023-09-17,USB-C Hub,Electronics,West,In-Store,1,29.62,0.0,29.62
103728,2023-09-17,Desk Lamp,Furniture,West,Online,1,25.59,0.0,25.59
103727,2023-09-17,USB-C Hub,Electronics,West,In-Store,2,31.21,0.0,62.42
103726,2023-09-17,Mechanical Keyboard,Electronics,North,In-Store,1,63.86,0.0,63.86
103733,2023-09-17,Planner,Stationery,West,In-Store,2,16.4,0.0,32.8
103751,2023-09-18,Resistance Bands,Fitness,North,Online,2,14.19,0.0,28.38
103750,2023-09-18,Resistance Bands,Fitness,Central,In-Store,1,13.64,0.0,13.64
103749,2023-09-18,Bluetooth Speaker,Electronics,North,In-Store,1,46.46,0.0,46.46
103748,2023-09-18,Notebook Set,Stationery,South,In-Store,1,9.22,0.0,9.22
103747,2023-09-18,Water Bottle,Fitness,South,Online,3,13.09,0.0,39.27
103745,2023-09-18,Standing Desk,Furniture,South,Online,2,244.67,0.2,489.34
103744,2023-09-18,Dumbbell Set,Fitness,South,Online,1,94.63,0.0,94.63
103743,2023-09-18,Notebook Set,Stationery,East,Online,1,8.87,0.0,8.87
103742,2023-09-18,Notebook Set,Stationery,South,Online,1,8.87,0.0,8.87
103741,2023-09-18,Notebook Set,Stationery,North,Online,1,8.99,0.0,8.99
103746,2023-09-18,USB-C Hub,Electronics,Central,In-Store,2,31.3,0.0,62.6
103759,2023-09-19,Running Shoes,Fitness,Central,Online,1,74.37,0.0,74.37
103761,2023-09-19,Desk Lamp,Furniture,West,Online,1,23.84,0.0,23.84
103760,2023-09-19,USB-C Hub,Electronics,East,Online,1,28.73,0.0,28.73
103758,2023-09-19,Resistance Bands,Fitness,North,In-Store,1,14.37,0.0,14.37
103753,2023-09-19,Noise-Cancel Headphones,Electronics,South,Online,2,125.44,0.0,250.88
103756,2023-09-19,USB-C Hub,Electronics,North,Online,1,30.49,0.0,30.49
103755,2023-09-19,Notebook Set,Stationery,West,Online,1,9.03,0.0,9.03
103754,2023-09-19,Mechanical Keyboard,Electronics,South,Online,1,60.0,0.1,60.0
103752,2023-09-19,Yoga Mat,Fitness,East,Online,2,19.51,0.1,39.02
103757,2023-09-19,Resistance Bands,Fitness,South,Online,2,14.22,0.0,28.44
103772,2023-09-20,Resistance Bands,Fitness,North,In-Store,2,15.01,0.0,30.02
103771,2023-09-20,Running Shoes,Fitness,South,Online,1,78.03,0.0,78.03
103770,2023-09-20,Wireless Mouse,Electronics,East,In-Store,2,19.12,0.0,38.24
103769,2023-09-20,Dumbbell Set,Fitness,North,Online,1,89.25,0.0,89.25
103768,2023-09-20,Fountain Pen,Stationery,East,In-Store,1,20.91,0.0,20.91
103766,2023-09-20,Running Shoes,Fitness,North,Online,1,59.82,0.2,59.82
103765,2023-09-20,Water Bottle,Fitness,West,Online,1,12.84,0.0,12.84
103764,2023-09-20,Planner,Stationery,West,In-Store,1,16.09,0.0,16.09
103763,2023-09-20,Desk Lamp,Furniture,East,In-Store,1,24.69,0.0,24.69
103762,2023-09-20,Planner,Stationery,West,In-Store,1,16.07,0.0,16.07
103767,2023-09-20,USB-C Hub,Electronics,North,In-Store,1,29.6,0.0,29.6
103783,2023-09-21,Planner,Stationery,West,In-Store,3,15.32,0.0,45.96
103787,2023-09-21,Standing Desk,Furniture,East,Online,3,312.98,0.0,938.94
103786,2023-09-21,Office Chair,Furniture,East,Online,4,159.22,0.0,636.88
103785,2023-09-21,Noise-Cancel Headphones,Electronics,Central,In-Store,1,131.5,0.0,131.5
103784,2023-09-21,Planner,Stationery,South,Online,2,15.32,0.0,30.64
103781,2023-09-21,Bookshelf,Furniture,East,In-Store,1,103.05,0.15,103.05
103782,2023-09-21,Dumbbell Set,Fitness,North,Online,1,93.42,0.0,93.42
103779,2023-09-21,Noise-Cancel Headphones,Electronics,Central,Online,1,117.59,0.1,117.59
103773,2023-09-21,Resistance Bands,Fitness,North,Online,1,14.33,0.0,14.33
103778,2023-09-21,Wireless Mouse,Electronics,South,In-Store,1,15.72,0.15,15.72
103777,2023-09-21,Resistance Bands,Fitness,North,Online,1,14.01,0.0,14.01
103776,2023-09-21,Mechanical Keyboard,Electronics,North,Online,1,64.34,0.0,64.34
103775,2023-09-21,Notebook Set,Stationery,North,In-Store,2,9.0,0.0,18.0
103774,2023-09-21,Water Bottle,Fitness,North,Online,1,12.7,0.0,12.7
103780,2023-09-21,Wireless Mouse,Electronics,East,Online,2,19.04,0.0,38.08
103800,2023-09-22,Planner,Stationery,North,Online,1,15.52,0.0,15.52
103799,2023-09-22,Resistance Bands,Fitness,East,Online,1,15.21,0.0,15.21
103798,2023-09-22,Noise-Cancel Headphones,Electronics,South,Online,1,128.94,0.0,128.94
103797,2023-09-22,Desk Lamp,Furniture,North,Online,1,24.93,0.0,24.93
103796,2023-09-22,Mechanical Keyboard,Electronics,West,Online,1,64.36,0.0,64.36
103795,2023-09-22,Fountain Pen,Stationery,West,In-Store,1,17.69,0.1,17.69
103794,2023-09-22,Fountain Pen,Stationery,East,In-Store,2,17.69,0.1,35.38
103792,2023-09-22,Running Shoes,Fitness,South,In-Store,1,76.38,0.0,76.38
103791,2023-09-22,Bluetooth Speaker,Electronics,Central,Online,2,44.39,0.0,88.78
103790,2023-09-22,Bluetooth Speaker,Electronics,South,Online,1,46.81,0.0,46.81
103789,2023-09-22,Noise-Cancel Headphones,Electronics,Central,Online,1,127.6,0.0,127.6
103788,2023-09-22,Dumbbell Set,Fitness,North,In-Store,1,92.03,0.0,92.03
103793,2023-09-22,Bluetooth Speaker,Electronics,North,In-Store,1,37.37,0.15,37.37
103809,2023-09-23,Bluetooth Speaker,Electronics,South,Online,1,46.56,0.0,46.56
103813,2023-09-23,Running Shoes,Fitness,West,In-Store,2,74.15,0.0,148.3
103812,2023-09-23,Yoga Mat,Fitness,South,Online,2,19.84,0.1,39.68
103811,2023-09-23,Bookshelf,Furniture,North,Online,2,114.61,0.0,229.22
103810,2023-09-23,Noise-Cancel Headphones,Electronics,Central,In-Store,2,132.11,0.0,264.22
103808,2023-09-23,Yoga Mat,Fitness,South,In-Store,3,22.43,0.0,67.29
103801,2023-09-23,Desk Lamp,Furniture,West,In-Store,1,23.64,0.0,23.64
103806,2023-09-23,Fountain Pen,Stationery,Central,In-Store,1,19.94,0.0,19.94
103802,2023-09-23,Yoga Mat,Fitness,North,Online,2,22.0,0.0,44.0
103803,2023-09-23,Yoga Mat,Fitness,East,Online,1,21.98,0.0,21.98
103807,2023-09-23,Planner,Stationery,East,In-Store,1,15.89,0.0,15.89
103805,2023-09-23,Running Shoes,Fitness,West,In-Store,1,75.7,0.0,75.7
103804,2023-09-23,Desk Lamp,Furniture,West,Online,1,24.37,0.0,24.37
103838,2023-09-24,Bluetooth Speaker,Electronics,North,Online,1,45.34,0.0,45.34
103837,2023-09-24,Notebook Set,Stationery,West,In-Store,2,8.61,0.0,17.22
103836,2023-09-24,Mechanical Keyboard,Electronics,East,In-Store,2,66.53,0.0,133.06
103828,2023-09-24,Mechanical Keyboard,Electronics,South,Online,2,67.78,0.0,135.56
103834,2023-09-24,Office Chair,Furniture,South,In-Store,3,151.54,0.0,454.62
103833,2023-09-24,Planner,Stationery,North,In-Store,2,15.82,0.0,31.64
103832,2023-09-24,Planner,Stationery,South,In-Store,1,16.21,0.0,16.21
103831,2023-09-24,Planner,Stationery,Central,Online,1,16.21,0.0,16.21
103830,2023-09-24,Office Chair,Furniture,West,Online,1,148.48,0.0,148.48
103829,2023-09-24,Bluetooth Speaker,Electronics,North,Online,2,46.86,0.0,93.72
103835,2023-09-24,Mechanical Keyboard,Electronics,North,Online,1,65.55,0.0,65.55
103827,2023-09-24,Notebook Set,Stationery,East,Online,1,9.22,0.0,9.22
103825,2023-09-24,Mechanical Keyboard,Electronics,North,Online,1,66.84,0.0,66.84
103814,2023-09-24,Running Shoes,Fitness,South,In-Store,2,71.25,0.0,142.5
103815,2023-09-24,Planner,Stationery,West,In-Store,1,15.82,0.0,15.82
103826,2023-09-24,Desk Lamp,Furniture,East,Online,1,20.83,0.15,20.83
103817,2023-09-24,Office Chair,Furniture,East,In-Store,1,149.11,0.0,149.11
103818,2023-09-24,Notebook Set,Stationery,South,In-Store,3,8.59,0.0,25.77
103816,2023-09-24,Resistance Bands,Fitness,West,Online,1,11.9,0.15,11.9
103820,2023-09-24,Water Bottle,Fitness,South,Online,2,13.33,0.0,26.66
103821,2023-09-24,Running Shoes,Fitness,South,Online,1,76.55,0.0,76.55
103822,2023-09-24,Planner,Stationery,East,Online,1,15.13,0.0,15.13
103823,2023-09-24,Planner,Stationery,East,Online,1,15.13,0.0,15.13
103824,2023-09-24,Office Chair,Furniture,Central,Online,1,128.49,0.15,128.49
103819,2023-09-24,Fountain Pen,Stationery,East,In-Store,1,19.67,0.0,19.67
103848,2023-09-25,Fountain Pen,Stationery,West,Online,2,20.11,0.0,40.22
103852,2023-09-25,Desk Lamp,Furniture,South,Online,1,23.6,0.0,23.6
103851,2023-09-25,Bookshelf,Furniture,South,In-Store,1,119.07,0.0,119.07
103850,2023-09-25,Noise-Cancel Headphones,Electronics,East,Online,2,135.88,0.0,271.76
103849,2023-09-25,Fountain Pen,Stationery,Central,Online,1,20.11,0.0,20.11
103847,2023-09-25,Dumbbell Set,Fitness,Central,In-Store,1,91.04,0.0,91.04
103844,2023-09-25,Water Bottle,Fitness,East,Online,1,12.94,0.0,12.94
103845,2023-09-25,Standing Desk,Furniture,North,Online,2,297.77,0.0,595.54
103839,2023-09-25,USB-C Hub,Electronics,West,In-Store,1,31.03,0.0,31.03
103843,2023-09-25,Notebook Set,Stationery,Central,Online,1,8.64,0.0,8.64
103842,2023-09-25,Standing Desk,Furniture,East,Online,1,267.38,0.1,267.38
103841,2023-09-25,Bluetooth Speaker,Electronics,West,Online,1,47.28,0.0,47.28
103840,2023-09-25,Wireless Mouse,Electronics,Central,Online,1,18.74,0.0,18.74
103846,2023-09-25,Notebook Set,Stationery,South,Online,1,8.92,0.0,8.92
103869,2023-09-26,Water Bottle,Fitness,South,Online,3,12.97,0.0,38.91
103868,2023-09-26,Planner,Stationery,West,Online,1,15.91,0.0,15.91
103867,2023-09-26,Planner,Stationery,West,Online,1,15.91,0.0,15.91
103866,2023-09-26,Notebook Set,Stationery,East,In-Store,2,9.15,0.0,18.3
103865,2023-09-26,Desk Lamp,Furniture,Central,In-Store,1,21.21,0.15,21.21
103864,2023-09-26,Standing Desk,Furniture,West,In-Store,1,307.91,0.0,307.91
103863,2023-09-26,Dumbbell Set,Fitness,North,In-Store,1,96.08,0.0,96.08
103862,2023-09-26,Fountain Pen,Stationery,South,Online,4,18.65,0.1,74.6
103870,2023-09-26,Bluetooth Speaker,Electronics,North,Online,1,47.74,0.0,47.74
103860,2023-09-26,Desk Lamp,Furniture,West,Online,1,25.24,0.0,25.24
103859,2023-09-26,Dumbbell Set,Fitness,South,In-Store,1,86.24,0.1,86.24
103858,2023-09-26,Bookshelf,Furniture,Central,Online,1,117.09,0.0,117.09
103857,2023-09-26,Wireless Mouse,Electronics,South,Online,2,19.13,0.0,38.26
103856,2023-09-26,Noise-Cancel Headphones,Electronics,Central,Online,1,124.75,0.0,124.75
103855,2023-09-26,USB-C Hub,Electronics,Central,Online,1,26.88,0.1,26.88
103854,2023-09-26,Noise-Cancel Headphones,Electronics,South,Online,1,134.38,0.0,134.38
103853,2023-09-26,Yoga Mat,Fitness,Central,In-Store,1,22.13,0.0,22.13
103861,2023-09-26,Bookshelf,Furniture,West,In-Store,1,95.7,0.2,95.7
103883,2023-09-27,Yoga Mat,Fitness,East,In-Store,1,22.1,0.0,22.1
103882,2023-09-27,Water Bottle,Fitness,South,Online,1,13.37,0.0,13.37
103881,2023-09-27,Office Chair,Furniture,West,Online,1,155.06,0.0,155.06
103880,2023-09-27,Fountain Pen,Stationery,West,In-Store,1,17.0,0.15,17.0
103879,2023-09-27,Standing Desk,Furniture,South,In-Store,1,298.3,0.0,298.3
103878,2023-09-27,Bluetooth Speaker,Electronics,South,In-Store,2,39.09,0.1,78.18
103876,2023-09-27,Resistance Bands,Fitness,Central,Online,1,13.32,0.1,13.32
103875,2023-09-27,Standing Desk,Furniture,Central,Online,1,307.13,0.0,307.13
103874,2023-09-27,USB-C Hub,Electronics,South,Online,1,28.76,0.1,28.76
103873,2023-09-27,Bluetooth Speaker,Electronics,North,In-Store,1,44.44,0.0,44.44
103872,2023-09-27,Planner,Stationery,West,Online,1,13.17,0.15,13.17
103871,2023-09-27,Planner,Stationery,West,Online,1,15.8,0.0,15.8
103877,2023-09-27,Notebook Set,Stationery,West,Online,1,9.29,0.0,9.29
103903,2023-09-28,Water Bottle,Fitness,North,In-Store,1,11.23,0.15,11.23
103902,2023-09-28,Dumbbell Set,Fitness,North,In-Store,2,93.07,0.0,186.14
103901,2023-09-28,Bookshelf,Furniture,Central,Online,2,117.82,0.0,235.64
103900,2023-09-28,Dumbbell Set,Fitness,West,In-Store,1,90.81,0.0,90.81
103899,2023-09-28,Fountain Pen,Stationery,North,Online,1,15.55,0.2,15.55
103898,2023-09-28,Noise-Cancel Headphones,Electronics,North,Online,2,135.69,0.0,271.38
103897,2023-09-28,Yoga Mat,Fitness,East,In-Store,2,21.28,0.0,42.56
103896,2023-09-28,Yoga Mat,Fitness,West,In-Store,1,20.21,0.0,20.21
103895,2023-09-28,Desk Lamp,Furniture,South,Online,1,25.31,0.0,25.31
103891,2023-09-28,Bookshelf,Furniture,South,Online,2,113.77,0.0,227.54
103893,2023-09-28,Wireless Mouse,Electronics,West,Online,1,19.39,0.0,19.39
103892,2023-09-28,Yoga Mat,Fitness,North,Online,1,21.24,0.0,21.24
103890,2023-09-28,Yoga Mat,Fitness,North,In-Store,1,17.91,0.2,17.91
103889,2023-09-28,Mechanical Keyboard,Electronics,West,Online,2,65.6,0.0,131.2
103888,2023-09-28,Bookshelf,Furniture,North,Online,2,103.55,0.15,207.1
103887,2023-09-28,Yoga Mat,Fitness,South,In-Store,1,21.11,0.0,21.11
103886,2023-09-28,Planner,Stationery,South,In-Store,1,15.88,0.0,15.88
103885,2023-09-28,Wireless Mouse,Electronics,West,Online,1,18.94,0.0,18.94
103884,2023-09-28,Planner,Stationery,East,Online,1,12.55,0.2,12.55
103894,2023-09-28,Planner,Stationery,West,Online,1,16.03,0.0,16.03
103913,2023-09-29,Desk Lamp,Furniture,West,Online,1,22.37,0.1,22.37
103912,2023-09-29,Fountain Pen,Stationery,South,In-Store,2,19.81,0.0,39.62
103911,2023-09-29,Planner,Stationery,East,Online,1,12.44,0.2,12.44
103910,2023-09-29,Bookshelf,Furniture,East,In-Store,1,105.64,0.15,105.64
103907,2023-09-29,Bookshelf,Furniture,East,Online,1,116.94,0.0,116.94
103908,2023-09-29,Planner,Stationery,West,Online,1,13.48,0.1,13.48
103906,2023-09-29,USB-C Hub,Electronics,West,Online,1,29.03,0.0,29.03
103905,2023-09-29,Office Chair,Furniture,East,Online,1,153.28,0.0,153.28
103904,2023-09-29,Wireless Mouse,Electronics,East,Online,1,19.86,0.0,19.86
103909,2023-09-29,Water Bottle,Fitness,East,Online,1,13.0,0.0,13.0
103922,2023-09-30,Desk Lamp,Furniture,North,In-Store,2,23.85,0.0,47.7
103925,2023-09-30,Desk Lamp,Furniture,West,Online,4,21.41,0.15,85.64
103924,2023-09-30,Water Bottle,Fitness,North,In-Store,1,12.9,0.0,12.9
103923,2023-09-30,USB-C Hub,Electronics,West,In-Store,3,24.12,0.2,72.36
103921,2023-09-30,Mechanical Keyboard,Electronics,East,Online,2,57.68,0.1,115.36
103915,2023-09-30,Standing Desk,Furniture,North,In-Store,1,280.94,0.0,280.94
103919,2023-09-30,Dumbbell Set,Fitness,North,In-Store,1,73.25,0.15,73.25
103918,2023-09-30,Dumbbell Set,Fitness,East,Online,1,93.2,0.0,93.2
103917,2023-09-30,Standing Desk,Furniture,South,Online,1,286.88,0.0,286.88
103916,2023-09-30,Office Chair,Furniture,West,In-Store,1,148.86,0.0,148.86
103914,2023-09-30,Wireless Mouse,Electronics,North,Online,1,15.45,0.15,15.45
103920,2023-09-30,Resistance Bands,Fitness,East,Online,1,15.19,0.0,15.19
103945,2023-10-01,Running Shoes,Fitness,Central,In-Store,1,69.78,0.0,69.78
103944,2023-10-01,Water Bottle,Fitness,South,In-Store,1,12.89,0.0,12.89
103943,2023-10-01,Yoga Mat,Fitness,East,Online,1,22.65,0.0,22.65
103942,2023-10-01,Running Shoes,Fitness,North,Online,2,72.83,0.0,145.66
103941,2023-10-01,Bluetooth Speaker,Electronics,West,In-Store,1,45.42,0.0,45.42
103940,2023-10-01,Planner,Stationery,Central,Online,1,15.15,0.0,15.15
103939,2023-10-01,Desk Lamp,Furniture,West,Online,1,25.35,0.0,25.35
103938,2023-10-01,USB-C Hub,Electronics,West,Online,1,30.66,0.0,30.66
103936,2023-10-01,Running Shoes,Fitness,Central,In-Store,2,74.1,0.0,148.2
103937,2023-10-01,Desk Lamp,Furniture,Central,In-Store,1,24.72,0.0,24.72
103934,2023-10-01,Water Bottle,Fitness,West,Online,1,13.73,0.0,13.73
103933,2023-10-01,Desk Lamp,Furniture,North,Online,1,20.72,0.15,20.72
103932,2023-10-01,Noise-Cancel Headphones,Electronics,North,Online,2,135.77,0.0,271.54
103931,2023-10-01,Bookshelf,Furniture,North,Online,1,122.42,0.0,122.42
103930,2023-10-01,Desk Lamp,Furniture,North,In-Store,2,24.67,0.0,49.34
103929,2023-10-01,Notebook Set,Stationery,West,In-Store,1,8.59,0.0,8.59
103928,2023-10-01,Noise-Cancel Headphones,Electronics,West,Online,1,134.78,0.0,134.78
103927,2023-10-01,Notebook Set,Stationery,North,Online,3,9.22,0.0,27.66
103926,2023-10-01,Fountain Pen,Stationery,East,In-Store,1,20.12,0.0,20.12
103935,2023-10-01,Running Shoes,Fitness,West,Online,1,73.42,0.0,73.42
103957,2023-10-02,Bluetooth Speaker,Electronics,West,In-Store,3,45.37,0.0,136.11
103956,2023-10-02,Standing Desk,Furniture,West,Online,1,295.73,0.0,295.73
103955,2023-10-02,Yoga Mat,Fitness,South,Online,2,21.48,0.0,42.96
103954,2023-10-02,Fountain Pen,Stationery,East,Online,3,20.76,0.0,62.28
103953,2023-10-02,Wireless Mouse,Electronics,North,Online,3,16.86,0.1,50.58
103951,2023-10-02,Bookshelf,Furniture,East,Online,1,114.77,0.0,114.77
103950,2023-10-02,Noise-Cancel Headphones,Electronics,South,In-Store,2,133.2,0.0,266.4
103949,2023-10-02,Wireless Mouse,Electronics,South,Online,1,19.62,0.0,19.62
103948,2023-10-02,Water Bottle,Fitness,Central,In-Store,2,13.25,0.0,26.5
103947,2023-10-02,Noise-Cancel Headphones,Electronics,West,In-Store,2,116.55,0.1,233.1
103946,2023-10-02,Water Bottle,Fitness,East,In-Store,3,13.59,0.0,40.77
103952,2023-10-02,Running Shoes,Fitness,North,In-Store,1,75.86,0.0,75.86
103968,2023-10-03,Dumbbell Set,Fitness,South,In-Store,2,73.91,0.2,147.82
103974,2023-10-03,Fountain Pen,Stationery,South,Online,3,20.29,0.0,60.87
103973,2023-10-03,Dumbbell Set,Fitness,East,In-Store,3,87.22,0.0,261.66
103972,2023-10-03,USB-C Hub,Electronics,East,Online,4,30.77,0.0,123.08
103971,2023-10-03,Desk Lamp,Furniture,West,Online,1,25.56,0.0,25.56
103970,2023-10-03,Bookshelf,Furniture,North,In-Store,1,121.42,0.0,121.42
103969,2023-10-03,Yoga Mat,Fitness,South,In-Store,1,20.34,0.1,20.34
103967,2023-10-03,Notebook Set,Stationery,East,Online,1,9.33,0.0,9.33
103958,2023-10-03,Notebook Set,Stationery,North,Online,1,8.94,0.0,8.94
103965,2023-10-03,Yoga Mat,Fitness,West,In-Store,1,21.75,0.0,21.75
103964,2023-10-03,USB-C Hub,Electronics,South,In-Store,2,30.97,0.0,61.94
103963,2023-10-03,Planner,Stationery,West,Online,3,15.59,0.0,46.77
103962,2023-10-03,Fountain Pen,Stationery,Central,In-Store,1,20.04,0.0,20.04
103961,2023-10-03,Water Bottle,Fitness,South,Online,1,13.3,0.0,13.3
103960,2023-10-03,Water Bottle,Fitness,North,Online,2,13.05,0.0,26.1
103959,2023-10-03,Noise-Cancel Headphones,Electronics,North,In-Store,1,130.98,0.0,130.98
103966,2023-10-03,Standing Desk,Furniture,North,Online,1,301.51,0.0,301.51
103984,2023-10-04,Water Bottle,Fitness,North,Online,1,13.59,0.0,13.59
103983,2023-10-04,Desk Lamp,Furniture,South,In-Store,1,24.71,0.0,24.71
103981,2023-10-04,Bluetooth Speaker,Electronics,South,Online,2,45.79,0.0,91.58
103980,2023-10-04,Wireless Mouse,Electronics,Central,Online,2,18.92,0.0,37.84
103982,2023-10-04,Yoga Mat,Fitness,West,In-Store,1,18.72,0.15,18.72
103978,2023-10-04,Water Bottle,Fitness,Central,In-Store,1,12.26,0.1,12.26
103977,2023-10-04,Water Bottle,Fitness,East,Online,1,13.37,0.0,13.37
103976,2023-10-04,Planner,Stationery,West,Online,1,15.4,0.0,15.4
103975,2023-10-04,Mechanical Keyboard,Electronics,East,Online,2,63.8,0.0,127.6
103979,2023-10-04,Dumbbell Set,Fitness,East,Online,1,91.92,0.0,91.92
104003,2023-10-05,Wireless Mouse,Electronics,South,In-Store,1,19.03,0.0,19.03
104002,2023-10-05,Noise-Cancel Headphones,Electronics,West,In-Store,1,129.66,0.0,129.66
104001,2023-10-05,Mechanical Keyboard,Electronics,North,Online,1,69.36,0.0,69.36
104000,2023-10-05,Dumbbell Set,Fitness,Central,In-Store,2,76.72,0.15,153.44
103999,2023-10-05,Mechanical Keyboard,Electronics,South,Online,1,67.72,0.0,67.72
103998,2023-10-05,Fountain Pen,Stationery,West,Online,1,19.84,0.0,19.84
103997,2023-10-05,Yoga Mat,Fitness,South,Online,1,21.67,0.0,21.67
103995,2023-10-05,Planner,Stationery,South,Online,1,15.87,0.0,15.87
103996,2023-10-05,Bookshelf,Furniture,Central,In-Store,1,118.48,0.0,118.48
103993,2023-10-05,Dumbbell Set,Fitness,Central,Online,1,87.8,0.0,87.8
103985,2023-10-05,Mechanical Keyboard,Electronics,Central,Online,2,65.71,0.0,131.42
103994,2023-10-05,USB-C Hub,Electronics,West,In-Store,1,29.25,0.0,29.25
103987,2023-10-05,Wireless Mouse,Electronics,East,Online,1,18.66,0.0,18.66
103988,2023-10-05,Standing Desk,Furniture,East,Online,1,298.17,0.0,298.17
103986,2023-10-05,Desk Lamp,Furniture,Central,Online,1,25.2,0.0,25.2
103990,2023-10-05,Planner,Stationery,Central,In-Store,2,16.73,0.0,33.46
103991,2023-10-05,Yoga Mat,Fitness,Central,Online,1,21.32,0.0,21.32
103992,2023-10-05,Dumbbell Set,Fitness,North,Online,1,85.98,0.0,85.98
103989,2023-10-05,Office Chair,Furniture,North,Online,1,149.84,0.0,149.84
104014,2023-10-06,Wireless Mouse,Electronics,South,In-Store,1,17.83,0.1,17.83
104020,2023-10-06,USB-C Hub,Electronics,South,Online,1,32.04,0.0,32.04
104019,2023-10-06,USB-C Hub,Electronics,East,In-Store,1,30.02,0.0,30.02
104018,2023-10-06,USB-C Hub,Electronics,West,Online,3,28.38,0.0,85.14
104017,2023-10-06,USB-C Hub,Electronics,North,Online,1,28.92,0.0,28.92
104016,2023-10-06,Noise-Cancel Headphones,Electronics,North,Online,4,129.5,0.0,518.0
104015,2023-10-06,Fountain Pen,Stationery,South,In-Store,2,19.89,0.0,39.78
104013,2023-10-06,Bookshelf,Furniture,Central,In-Store,1,120.13,0.0,120.13
104004,2023-10-06,Desk Lamp,Furniture,North,Online,1,25.2,0.0,25.2
104011,2023-10-06,Yoga Mat,Fitness,West,In-Store,1,22.63,0.0,22.63
104010,2023-10-06,Resistance Bands,Fitness,North,In-Store,1,14.44,0.0,14.44
104009,2023-10-06,Resistance Bands,Fitness,South,Online,1,14.77,0.0,14.77
104008,2023-10-06,Wireless Mouse,Electronics,East,Online,2,18.46,0.0,36.92
104007,2023-10-06,Mechanical Keyboard,Electronics,North,Online,2,64.46,0.0,128.92
104006,2023-10-06,Bookshelf,Furniture,East,Online,1,113.57,0.1,113.57
104005,2023-10-06,Standing Desk,Furniture,North,In-Store,2,298.88,0.0,597.76
104012,2023-10-06,Desk Lamp,Furniture,South,Online,1,24.31,0.0,24.31
104030,2023-10-07,Fountain Pen,Stationery,East,In-Store,2,19.39,0.0,38.78
104035,2023-10-07,Noise-Cancel Headphones,Electronics,East,Online,2,115.35,0.1,230.7
104034,2023-10-07,Notebook Set,Stationery,East,Online,2,9.22,0.0,18.44
104033,2023-10-07,Noise-Cancel Headphones,Electronics,West,Online,1,133.3,0.0,133.3
104032,2023-10-07,Bluetooth Speaker,Electronics,Central,Online,1,44.04,0.0,44.04
104031,2023-10-07,Office Chair,Furniture,West,Online,2,152.91,0.0,305.82
104029,2023-10-07,Standing Desk,Furniture,South,Online,1,281.85,0.1,281.85
104021,2023-10-07,Water Bottle,Fitness,Central,Online,1,13.29,0.0,13.29
104027,2023-10-07,Standing Desk,Furniture,South,Online,1,306.26,0.0,306.26
104026,2023-10-07,Wireless Mouse,Electronics,West,Online,2,18.47,0.0,36.94
104025,2023-10-07,USB-C Hub,Electronics,North,In-Store,1,25.42,0.1,25.42
104024,2023-10-07,Standing Desk,Furniture,South,In-Store,1,305.55,0.0,305.55
104023,2023-10-07,Desk Lamp,Furniture,South,In-Store,1,24.53,0.0,24.53
104022,2023-10-07,Bookshelf,Furniture,East,Online,1,94.32,0.2,94.32
104028,2023-10-07,Bookshelf,Furniture,West,Online,2,116.06,0.0,232.12
104054,2023-10-08,USB-C Hub,Electronics,Central,Online,2,28.18,0.1,56.36
104052,2023-10-08,Desk Lamp,Furniture,South,Online,1,25.03,0.0,25.03
104051,2023-10-08,Dumbbell Set,Fitness,South,In-Store,1,73.89,0.15,73.89
104050,2023-10-08,Dumbbell Set,Fitness,South,Online,1,79.11,0.1,79.11
104049,2023-10-08,Bookshelf,Furniture,West,Online,1,112.36,0.0,112.36
104048,2023-10-08,Mechanical Keyboard,Electronics,East,In-Store,2,65.82,0.0,131.64
104047,2023-10-08,Running Shoes,Fitness,West,Online,1,59.07,0.2,59.07
104046,2023-10-08,USB-C Hub,Electronics,Central,Online,2,22.85,0.2,45.7
104053,2023-10-08,Bluetooth Speaker,Electronics,West,Online,1,41.25,0.1,41.25
104044,2023-10-08,Standing Desk,Furniture,South,Online,1,313.96,0.0,313.96
104043,2023-10-08,Mechanical Keyboard,Electronics,Central,Online,1,67.27,0.0,67.27
104042,2023-10-08,Mechanical Keyboard,Electronics,West,In-Store,1,52.16,0.2,52.16
104041,2023-10-08,Planner,Stationery,Central,Online,1,12.87,0.15,12.87
104040,2023-10-08,Water Bottle,Fitness,Central,Online,1,12.9,0.0,12.9
104039,2023-10-08,Mechanical Keyboard,Electronics,West,In-Store,2,65.03,0.0,130.06
104038,2023-10-08,USB-C Hub,Electronics,North,Online,1,27.65,0.1,27.65
104036,2023-10-08,Running Shoes,Fitness,West,Online,2,76.54,0.0,153.08
104037,2023-10-08,Dumbbell Set,Fitness,Central,Online,1,88.2,0.0,88.2
104045,2023-10-08,Standing Desk,Furniture,East,Online,2,271.98,0.1,543.96
104065,2023-10-09,Notebook Set,Stationery,North,In-Store,1,8.73,0.0,8.73
104064,2023-10-09,Fountain Pen,Stationery,Central,Online,1,20.3,0.0,20.3
104063,2023-10-09,Noise-Cancel Headphones,Electronics,South,In-Store,1,113.68,0.15,113.68
104062,2023-10-09,Notebook Set,Stationery,North,In-Store,2,8.93,0.0,17.86
104061,2023-10-09,Standing Desk,Furniture,South,In-Store,1,252.76,0.15,252.76
104059,2023-10-09,Fountain Pen,Stationery,North,In-Store,2,20.08,0.0,40.16
104058,2023-10-09,Desk Lamp,Furniture,South,In-Store,1,24.03,0.0,24.03
104057,2023-10-09,Yoga Mat,Fitness,South,In-Store,1,16.43,0.2,16.43
104056,2023-10-09,Running Shoes,Fitness,South,Online,1,62.48,0.2,62.48
104055,2023-10-09,USB-C Hub,Electronics,North,In-Store,2,29.21,0.0,58.42
104060,2023-10-09,Notebook Set,Stationery,North,Online,1,9.43,0.0,9.43
104080,2023-10-10,Yoga Mat,Fitness,North,In-Store,2,21.89,0.0,43.78
104081,2023-10-10,Fountain Pen,Stationery,West,In-Store,1,20.37,0.0,20.37
104082,2023-10-10,Mechanical Keyboard,Electronics,West,Online,1,62.57,0.0,62.57
104083,2023-10-10,Fountain Pen,Stationery,South,Online,1,17.1,0.15,17.1
104086,2023-10-10,Noise-Cancel Headphones,Electronics,South,In-Store,2,129.43,0.0,258.86
104085,2023-10-10,Yoga Mat,Fitness,West,In-Store,1,21.38,0.0,21.38
104087,2023-10-10,Standing Desk,Furniture,South,Online,1,290.59,0.0,290.59
104088,2023-10-10,Standing Desk,Furniture,South,Online,1,301.37,0.0,301.37
104079,2023-10-10,Planner,Stationery,North,Online,1,13.04,0.2,13.04
104084,2023-10-10,Yoga Mat,Fitness,East,Online,1,23.08,0.0,23.08
104078,2023-10-10,Dumbbell Set,Fitness,West,Online,1,84.11,0.0,84.11
104071,2023-10-10,Noise-Cancel Headphones,Electronics,East,In-Store,2,112.42,0.15,224.84
104076,2023-10-10,Yoga Mat,Fitness,East,Online,1,21.71,0.0,21.71
104077,2023-10-10,Water Bottle,Fitness,South,In-Store,1,13.0,0.0,13.0
104068,2023-10-10,Notebook Set,Stationery,South,In-Store,3,8.76,0.0,26.28
104069,2023-10-10,Yoga Mat,Fitness,North,Online,2,21.97,0.0,43.94
104070,2023-10-10,Water Bottle,Fitness,East,In-Store,1,13.73,0.0,13.73
104067,2023-10-10,Bluetooth Speaker,Electronics,East,Online,1,48.57,0.0,48.57
104072,2023-10-10,Water Bottle,Fitness,Central,Online,1,12.87,0.0,12.87
104073,2023-10-10,USB-C Hub,Electronics,East,In-Store,1,28.5,0.0,28.5
104074,2023-10-10,Resistance Bands,Fitness,North,Online,1,14.05,0.0,14.05
104075,2023-10-10,Bluetooth Speaker,Electronics,South,In-Store,1,43.33,0.0,43.33
104066,2023-10-10,Running Shoes,Fitness,South,Online,2,73.1,0.0,146.2
104106,2023-10-11,USB-C Hub,Electronics,South,Online,1,24.66,0.15,24.66
104105,2023-10-11,Noise-Cancel Headphones,Electronics,West,Online,1,130.66,0.0,130.66
104104,2023-10-11,Wireless Mouse,Electronics,East,In-Store,1,16.83,0.1,16.83
104103,2023-10-11,Standing Desk,Furniture,West,Online,1,280.99,0.0,280.99
104102,2023-10-11,Mechanical Keyboard,Electronics,West,Online,1,64.96,0.0,64.96
104101,2023-10-11,Noise-Cancel Headphones,Electronics,South,Online,3,131.8,0.0,395.4
104100,2023-10-11,Water Bottle,Fitness,East,Online,2,12.71,0.0,25.42
104099,2023-10-11,Planner,Stationery,North,In-Store,2,16.23,0.0,32.46
104096,2023-10-11,Office Chair,Furniture,Central,In-Store,1,153.65,0.0,153.65
104097,2023-10-11,Planner,Stationery,Central,In-Store,3,15.92,0.0,47.76
104095,2023-10-11,Dumbbell Set,Fitness,West,In-Store,1,91.11,0.0,91.11
104094,2023-10-11,Resistance Bands,Fitness,South,Online,1,14.41,0.0,14.41
104093,2023-10-11,Resistance Bands,Fitness,South,Online,2,14.29,0.0,28.58
104092,2023-10-11,Planner,Stationery,North,In-Store,1,15.77,0.0,15.77
104091,2023-10-11,Dumbbell Set,Fitness,East,In-Store,1,87.87,0.0,87.87
104090,2023-10-11,Bookshelf,Furniture,South,Online,1,110.52,0.1,110.52
104089,2023-10-11,Running Shoes,Fitness,South,Online,1,73.7,0.0,73.7
104098,2023-10-11,Office Chair,Furniture,Central,Online,2,151.33,0.0,302.66
104116,2023-10-12,Bookshelf,Furniture,East,In-Store,1,123.15,0.0,123.15
104120,2023-10-12,Running Shoes,Fitness,West,In-Store,1,74.44,0.0,74.44
104119,2023-10-12,Dumbbell Set,Fitness,North,Online,1,86.57,0.0,86.57
104118,2023-10-12,Yoga Mat,Fitness,South,In-Store,2,21.88,0.0,43.76
104117,2023-10-12,Noise-Cancel Headphones,Electronics,East,Online,2,100.15,0.2,200.3
104114,2023-10-12,Running Shoes,Fitness,South,Online,1,74.08,0.0,74.08
104115,2023-10-12,Dumbbell Set,Fitness,South,In-Store,1,86.38,0.0,86.38
104113,2023-10-12,Office Chair,Furniture,East,Online,2,155.63,0.0,311.26
104112,2023-10-12,Noise-Cancel Headphones,Electronics,West,In-Store,1,128.95,0.0,128.95
104111,2023-10-12,Mechanical Keyboard,Electronics,West,In-Store,1,65.72,0.0,65.72
104110,2023-10-12,Yoga Mat,Fitness,West,In-Store,2,21.7,0.0,43.4
104109,2023-10-12,Noise-Cancel Headphones,Electronics,West,Online,2,128.27,0.0,256.54
104108,2023-10-12,Bookshelf,Furniture,South,Online,3,128.12,0.0,384.36
104107,2023-10-12,Mechanical Keyboard,Electronics,Central,In-Store,1,64.96,0.0,64.96
104131,2023-10-13,Noise-Cancel Headphones,Electronics,Central,In-Store,1,130.83,0.0,130.83
104130,2023-10-13,Notebook Set,Stationery,East,Online,1,9.6,0.0,9.6
104129,2023-10-13,USB-C Hub,Electronics,East,Online,1,29.74,0.0,29.74
104127,2023-10-13,Fountain Pen,Stationery,East,Online,1,19.71,0.0,19.71
104128,2023-10-13,Office Chair,Furniture,North,In-Store,1,115.47,0.2,115.47
104124,2023-10-13,Mechanical Keyboard,Electronics,South,Online,2,66.06,0.0,132.12
104123,2023-10-13,USB-C Hub,Electronics,East,In-Store,1,31.8,0.0,31.8
104122,2023-10-13,Planner,Stationery,East,In-Store,1,16.65,0.0,16.65
104121,2023-10-13,Planner,Stationery,West,Online,2,15.94,0.0,31.88
104126,2023-10-13,Standing Desk,Furniture,West,In-Store,1,295.71,0.0,295.71
104125,2023-10-13,Notebook Set,Stationery,East,Online,2,9.23,0.0,18.46
104145,2023-10-14,Bookshelf,Furniture,North,Online,1,125.75,0.0,125.75
104146,2023-10-14,Standing Desk,Furniture,South,In-Store,1,256.5,0.15,256.5
104147,2023-10-14,Standing Desk,Furniture,South,In-Store,1,297.9,0.0,297.9
104137,2023-10-14,Office Chair,Furniture,West,Online,1,152.6,0.0,152.6
104149,2023-10-14,Fountain Pen,Stationery,South,Online,1,19.17,0.0,19.17
104150,2023-10-14,Desk Lamp,Furniture,North,Online,1,25.02,0.0,25.02
104151,2023-10-14,Yoga Mat,Fitness,East,In-Store,1,21.91,0.0,21.91
104144,2023-10-14,Resistance Bands,Fitness,North,Online,1,14.44,0.0,14.44
104148,2023-10-14,Planner,Stationery,East,Online,1,16.58,0.0,16.58
104143,2023-10-14,USB-C Hub,Electronics,North,Online,1,25.81,0.15,25.81
104134,2023-10-14,Resistance Bands,Fitness,West,Online,1,13.85,0.0,13.85
104141,2023-10-14,Bookshelf,Furniture,South,Online,2,116.4,0.0,232.8
104140,2023-10-14,Noise-Cancel Headphones,Electronics,East,In-Store,1,130.18,0.0,130.18
104139,2023-10-14,Water Bottle,Fitness,South,Online,1,13.24,0.0,13.24
104138,2023-10-14,Wireless Mouse,Electronics,Central,Online,1,18.94,0.0,18.94
104136,2023-10-14,Resistance Bands,Fitness,East,In-Store,1,13.95,0.0,13.95
104135,2023-10-14,Bookshelf,Furniture,South,Online,1,118.5,0.0,118.5
104133,2023-10-14,Fountain Pen,Stationery,South,Online,2,19.74,0.0,39.48
104132,2023-10-14,Planner,Stationery,North,In-Store,1,15.95,0.0,15.95
104142,2023-10-14,Standing Desk,Furniture,West,In-Store,1,302.36,0.0,302.36
104163,2023-10-15,Notebook Set,Stationery,North,Online,2,9.03,0.0,18.06
104157,2023-10-15,Noise-Cancel Headphones,Electronics,East,In-Store,1,118.66,0.1,118.66
104165,2023-10-15,Standing Desk,Furniture,West,Online,1,310.1,0.0,310.1
104166,2023-10-15,Noise-Cancel Headphones,Electronics,Central,Online,1,131.76,0.0,131.76
104162,2023-10-15,Notebook Set,Stationery,West,Online,1,8.96,0.0,8.96
104164,2023-10-15,Bluetooth Speaker,Electronics,West,Online,1,44.57,0.0,44.57
104161,2023-10-15,Fountain Pen,Stationery,West,In-Store,2,21.37,0.0,42.74
104156,2023-10-15,Fountain Pen,Stationery,East,In-Store,1,17.16,0.15,17.16
104159,2023-10-15,Office Chair,Furniture,North,In-Store,1,116.35,0.2,116.35
104158,2023-10-15,Fountain Pen,Stationery,North,Online,1,19.14,0.0,19.14
104155,2023-10-15,Notebook Set,Stationery,Central,Online,1,9.35,0.0,9.35
104154,2023-10-15,Bookshelf,Furniture,West,In-Store,1,92.92,0.15,92.92
104153,2023-10-15,Wireless Mouse,Electronics,West,In-Store,1,19.83,0.0,19.83
104152,2023-10-15,Water Bottle,Fitness,South,In-Store,2,12.99,0.0,25.98
104160,2023-10-15,Noise-Cancel Headphones,Electronics,West,Online,1,124.52,0.0,124.52
104181,2023-10-16,Desk Lamp,Furniture,Central,Online,1,24.83,0.0,24.83
104180,2023-10-16,Bookshelf,Furniture,West,In-Store,1,122.44,0.0,122.44
104178,2023-10-16,Bluetooth Speaker,Electronics,East,Online,1,45.58,0.0,45.58
104177,2023-10-16,Water Bottle,Fitness,North,In-Store,1,10.12,0.2,10.12
104176,2023-10-16,Planner,Stationery,West,In-Store,1,16.06,0.0,16.06
104175,2023-10-16,Dumbbell Set,Fitness,West,Online,3,87.72,0.0,263.16
104179,2023-10-16,Dumbbell Set,Fitness,East,Online,1,86.52,0.0,86.52
104173,2023-10-16,Notebook Set,Stationery,North,Online,1,7.27,0.2,7.27
104172,2023-10-16,Office Chair,Furniture,South,Online,1,152.44,0.0,152.44
104171,2023-10-16,Resistance Bands,Fitness,West,Online,1,13.43,0.1,13.43
104170,2023-10-16,Resistance Bands,Fitness,West,Online,2,14.86,0.0,29.72
104169,2023-10-16,Notebook Set,Stationery,Central,In-Store,1,9.11,0.0,9.11
104168,2023-10-16,Office Chair,Furniture,North,Online,1,147.62,0.0,147.62
104167,2023-10-16,Bookshelf,Furniture,North,Online,1,110.9,0.1,110.9
104174,2023-10-16,Wireless Mouse,Electronics,Central,Online,1,20.05,0.0,20.05
104195,2023-10-17,Mechanical Keyboard,Electronics,West,In-Store,4,63.35,0.0,253.4
104194,2023-10-17,Dumbbell Set,Fitness,South,Online,1,90.42,0.0,90.42
104193,2023-10-17,Running Shoes,Fitness,South,Online,2,73.93,0.0,147.86
104192,2023-10-17,Planner,Stationery,East,In-Store,2,16.34,0.0,32.68
104191,2023-10-17,Noise-Cancel Headphones,Electronics,North,In-Store,2,132.03,0.0,264.06
104190,2023-10-17,Dumbbell Set,Fitness,South,Online,1,76.2,0.15,76.2
104186,2023-10-17,Yoga Mat,Fitness,West,Online,1,23.1,0.0,23.1
104188,2023-10-17,Mechanical Keyboard,Electronics,East,In-Store,1,65.77,0.0,65.77
104187,2023-10-17,Planner,Stationery,South,Online,1,15.88,0.0,15.88
104185,2023-10-17,Water Bottle,Fitness,Central,Online,2,13.93,0.0,27.86
104184,2023-10-17,Desk Lamp,Furniture,West,Online,3,24.25,0.0,72.75
104183,2023-10-17,Resistance Bands,Fitness,East,In-Store,1,14.11,0.0,14.11
104182,2023-10-17,Water Bottle,Fitness,Central,Online,1,11.65,0.15,11.65
104189,2023-10-17,Dumbbell Set,Fitness,East,In-Store,1,92.67,0.0,92.67
104203,2023-10-18,Notebook Set,Stationery,West,Online,1,8.65,0.0,8.65
104202,2023-10-18,Planner,Stationery,East,Online,1,16.56,0.0,16.56
104204,2023-10-18,Mechanical Keyboard,Electronics,North,Online,1,59.16,0.1,59.16
104201,2023-10-18,Resistance Bands,Fitness,West,In-Store,1,14.74,0.0,14.74
104205,2023-10-18,Yoga Mat,Fitness,South,Online,1,21.14,0.0,21.14
104199,2023-10-18,Resistance Bands,Fitness,North,In-Store,2,14.76,0.0,29.52
104198,2023-10-18,Mechanical Keyboard,Electronics,North,Online,2,67.44,0.0,134.88
104197,2023-10-18,Water Bottle,Fitness,West,Online,1,13.13,0.0,13.13
104196,2023-10-18,Noise-Cancel Headphones,Electronics,North,In-Store,1,124.74,0.0,124.74
104200,2023-10-18,Water Bottle,Fitness,East,Online,2,12.88,0.0,25.76
104215,2023-10-19,Wireless Mouse,Electronics,West,Online,1,19.5,0.0,19.5
104214,2023-10-19,Mechanical Keyboard,Electronics,East,In-Store,1,60.31,0.1,60.31
104213,2023-10-19,Running Shoes,Fitness,South,Online,1,65.38,0.1,65.38
104212,2023-10-19,Notebook Set,Stationery,North,Online,1,8.74,0.0,8.74
104211,2023-10-19,Running Shoes,Fitness,South,Online,1,69.66,0.1,69.66
104210,2023-10-19,USB-C Hub,Electronics,East,In-Store,2,30.17,0.0,60.34
104209,2023-10-19,Mechanical Keyboard,Electronics,South,Online,1,67.11,0.0,67.11
104208,2023-10-19,Wireless Mouse,Electronics,East,In-Store,1,19.8,0.0,19.8
104207,2023-10-19,Dumbbell Set,Fitness,South,In-Store,1,79.17,0.15,79.17
104206,2023-10-19,Bluetooth Speaker,Electronics,East,Online,1,47.45,0.0,47.45
104224,2023-10-20,Noise-Cancel Headphones,Electronics,Central,Online,2,124.07,0.0,248.14
104223,2023-10-20,Yoga Mat,Fitness,East,In-Store,1,22.19,0.0,22.19
104222,2023-10-20,Running Shoes,Fitness,West,Online,1,65.99,0.1,65.99
104221,2023-10-20,Noise-Cancel Headphones,Electronics,East,Online,1,124.77,0.0,124.77
104216,2023-10-20,Bookshelf,Furniture,Central,Online,1,100.19,0.15,100.19
104219,2023-10-20,Notebook Set,Stationery,Central,Online,1,7.55,0.15,7.55
104218,2023-10-20,Yoga Mat,Fitness,East,In-Store,1,19.21,0.1,19.21
104217,2023-10-20,Fountain Pen,Stationery,East,In-Store,1,17.43,0.1,17.43
104220,2023-10-20,Planner,Stationery,West,In-Store,2,16.19,0.0,32.38
104234,2023-10-21,Noise-Cancel Headphones,Electronics,West,Online,1,136.99,0.0,136.99
104238,2023-10-21,Office Chair,Furniture,Central,Online,1,140.95,0.1,140.95
104237,2023-10-21,Noise-Cancel Headphones,Electronics,West,In-Store,1,132.48,0.0,132.48
104236,2023-10-21,Desk Lamp,Furniture,North,Online,3,24.71,0.0,74.13
104235,2023-10-21,Planner,Stationery,East,Online,1,15.95,0.0,15.95
104233,2023-10-21,Wireless Mouse,Electronics,East,Online,1,18.87,0.0,18.87
104226,2023-10-21,Noise-Cancel Headphones,Electronics,West,Online,1,132.59,0.0,132.59
104231,2023-10-21,Desk Lamp,Furniture,North,Online,1,23.89,0.0,23.89
104230,2023-10-21,Office Chair,Furniture,West,In-Store,1,150.83,0.0,150.83
104229,2023-10-21,Dumbbell Set,Fitness,East,Online,2,90.84,0.0,181.68
104228,2023-10-21,Wireless Mouse,Electronics,South,In-Store,2,19.59,0.0,39.18
104227,2023-10-21,Mechanical Keyboard,Electronics,South,In-Store,1,60.81,0.1,60.81
104225,2023-10-21,Running Shoes,Fitness,South,Online,2,72.57,0.0,145.14
104232,2023-10-21,Standing Desk,Furniture,North,Online,1,301.07,0.0,301.07
104253,2023-10-22,Yoga Mat,Fitness,East,Online,2,18.26,0.15,36.52
104254,2023-10-22,Notebook Set,Stationery,West,Online,1,8.87,0.0,8.87
104255,2023-10-22,Water Bottle,Fitness,South,Online,1,13.12,0.0,13.12
104256,2023-10-22,Running Shoes,Fitness,North,Online,1,78.51,0.0,78.51
104260,2023-10-22,Standing Desk,Furniture,North,In-Store,1,285.5,0.1,285.5
104258,2023-10-22,Running Shoes,Fitness,North,Online,1,80.3,0.0,80.3
104259,2023-10-22,Office Chair,Furniture,Central,Online,1,134.96,0.1,134.96
104261,2023-10-22,Resistance Bands,Fitness,West,Online,1,14.24,0.0,14.24
104252,2023-10-22,Fountain Pen,Stationery,Central,Online,2,20.03,0.0,40.06
104257,2023-10-22,Bookshelf,Furniture,West,Online,1,122.22,0.0,122.22
104251,2023-10-22,Fountain Pen,Stationery,Central,Online,1,17.83,0.1,17.83
104249,2023-10-22,Noise-Cancel Headphones,Electronics,East,Online,1,134.13,0.0,134.13
104248,2023-10-22,Fountain Pen,Stationery,West,In-Store,1,19.24,0.0,19.24
104247,2023-10-22,Planner,Stationery,Central,In-Store,2,16.47,0.0,32.94
104246,2023-10-22,Office Chair,Furniture,North,Online,1,150.65,0.0,150.65
104245,2023-10-22,Planner,Stationery,West,Online,2,16.96,0.0,33.92
104244,2023-10-22,Yoga Mat,Fitness,East,Online,1,21.75,0.0,21.75
104243,2023-10-22,Yoga Mat,Fitness,North,Online,2,22.83,0.0,45.66
104242,2023-10-22,Yoga Mat,Fitness,West,In-Store,1,19.83,0.15,19.83
104241,2023-10-22,Planner,Stationery,West,Online,4,15.91,0.0,63.64
104240,2023-10-22,Notebook Set,Stationery,West,In-Store,1,9.1,0.0,9.1
104250,2023-10-22,Standing Desk,Furniture,East,Online,1,296.85,0.0,296.85
104239,2023-10-22,Resistance Bands,Fitness,East,In-Store,1,14.82,0.0,14.82
104274,2023-10-23,USB-C Hub,Electronics,Central,In-Store,4,29.82,0.0,119.28
104273,2023-10-23,Office Chair,Furniture,Central,Online,1,149.36,0.0,149.36
104271,2023-10-23,Mechanical Keyboard,Electronics,North,Online,2,68.07,0.0,136.14
104270,2023-10-23,Notebook Set,Stationery,West,In-Store,1,8.83,0.0,8.83
104269,2023-10-23,Noise-Cancel Headphones,Electronics,North,In-Store,2,122.58,0.0,245.16
104272,2023-10-23,Office Chair,Furniture,South,Online,1,143.38,0.0,143.38
104267,2023-10-23,Running Shoes,Fitness,Central,Online,1,59.06,0.15,59.06
104266,2023-10-23,Desk Lamp,Furniture,West,In-Store,1,26.39,0.0,26.39
104265,2023-10-23,Desk Lamp,Furniture,North,In-Store,1,26.09,0.0,26.09
104264,2023-10-23,Bookshelf,Furniture,North,Online,1,122.14,0.0,122.14
104263,2023-10-23,Running Shoes,Fitness,East,Online,1,75.52,0.0,75.52
104262,2023-10-23,Wireless Mouse,Electronics,North,In-Store,1,18.69,0.0,18.69
104268,2023-10-23,Standing Desk,Furniture,East,Online,1,296.87,0.0,296.87
104289,2023-10-24,USB-C Hub,Electronics,Central,Online,1,29.56,0.0,29.56
104288,2023-10-24,Bluetooth Speaker,Electronics,West,Online,1,45.66,0.0,45.66
104287,2023-10-24,Standing Desk,Furniture,West,In-Store,1,308.06,0.0,308.06
104286,2023-10-24,Resistance Bands,Fitness,North,Online,1,14.53,0.0,14.53
104285,2023-10-24,Planner,Stationery,West,In-Store,2,15.26,0.0,30.52
104284,2023-10-24,Dumbbell Set,Fitness,West,In-Store,1,80.0,0.1,80.0
104283,2023-10-24,Running Shoes,Fitness,West,Online,1,66.77,0.1,66.77
104280,2023-10-24,Mechanical Keyboard,Electronics,West,Online,1,66.35,0.0,66.35
104281,2023-10-24,Standing Desk,Furniture,West,In-Store,2,300.38,0.0,600.76
104279,2023-10-24,Bookshelf,Furniture,East,In-Store,1,109.65,0.1,109.65
104278,2023-10-24,Office Chair,Furniture,West,Online,2,146.69,0.0,293.38
104277,2023-10-24,Water Bottle,Fitness,South,Online,1,12.98,0.0,12.98
104276,2023-10-24,Fountain Pen,Stationery,West,Online,1,20.49,0.0,20.49
104275,2023-10-24,Dumbbell Set,Fitness,Central,Online,2,70.06,0.2,140.12
104282,2023-10-24,Notebook Set,Stationery,West,In-Store,1,9.28,0.0,9.28
104300,2023-10-25,Noise-Cancel Headphones,Electronics,East,In-Store,1,130.52,0.0,130.52
104301,2023-10-25,Dumbbell Set,Fitness,West,Online,1,93.82,0.0,93.82
104299,2023-10-25,Noise-Cancel Headphones,Electronics,South,Online,1,136.37,0.0,136.37
104303,2023-10-25,Dumbbell Set,Fitness,East,Online,1,89.17,0.0,89.17
104302,2023-10-25,Wireless Mouse,Electronics,North,Online,1,18.8,0.0,18.8
104298,2023-10-25,Resistance Bands,Fitness,West,In-Store,1,14.21,0.0,14.21
104291,2023-10-25,USB-C Hub,Electronics,North,In-Store,1,29.74,0.0,29.74
104296,2023-10-25,Notebook Set,Stationery,North,Online,1,9.28,0.0,9.28
104295,2023-10-25,Wireless Mouse,Electronics,South,In-Store,1,19.31,0.0,19.31
104294,2023-10-25,Mechanical Keyboard,Electronics,North,In-Store,3,65.28,0.0,195.84
104293,2023-10-25,Resistance Bands,Fitness,South,In-Store,1,14.91,0.0,14.91
104292,2023-10-25,Water Bottle,Fitness,West,Online,1,10.2,0.2,10.2
104290,2023-10-25,Resistance Bands,Fitness,Central,Online,1,15.37,0.0,15.37
104297,2023-10-25,Office Chair,Furniture,Central,In-Store,1,130.98,0.1,130.98
104317,2023-10-26,Resistance Bands,Fitness,West,Online,1,14.7,0.0,14.7
104316,2023-10-26,Bookshelf,Furniture,Central,Online,2,118.19,0.0,236.38
104315,2023-10-26,Bluetooth Speaker,Electronics,Central,Online,2,42.21,0.0,84.42
104314,2023-10-26,Planner,Stationery,West,In-Store,1,12.86,0.2,12.86
104313,2023-10-26,Desk Lamp,Furniture,Central,Online,1,21.72,0.15,21.72
104312,2023-10-26,Notebook Set,Stationery,Central,Online,1,8.86,0.0,8.86
104310,2023-10-26,Yoga Mat,Fitness,West,Online,2,22.5,0.0,45.0
104309,2023-10-26,Wireless Mouse,Electronics,East,Online,2,18.82,0.0,37.64
104308,2023-10-26,Desk Lamp,Furniture,East,Online,1,26.32,0.0,26.32
104307,2023-10-26,Running Shoes,Fitness,South,In-Store,1,65.43,0.15,65.43
104306,2023-10-26,Noise-Cancel Headphones,Electronics,South,Online,1,130.02,0.0,130.02
104305,2023-10-26,Fountain Pen,Stationery,South,Online,2,20.32,0.0,40.64
104304,2023-10-26,Desk Lamp,Furniture,South,Online,1,25.59,0.0,25.59
104311,2023-10-26,Running Shoes,Fitness,East,In-Store,2,73.33,0.0,146.66
104326,2023-10-27,Resistance Bands,Fitness,North,Online,1,14.94,0.0,14.94
104329,2023-10-27,USB-C Hub,Electronics,South,Online,1,31.16,0.0,31.16
104328,2023-10-27,Water Bottle,Fitness,East,Online,1,12.56,0.0,12.56
104327,2023-10-27,Noise-Cancel Headphones,Electronics,South,Online,1,125.91,0.0,125.91
104325,2023-10-27,Notebook Set,Stationery,North,Online,2,8.95,0.0,17.9
104319,2023-10-27,Wireless Mouse,Electronics,West,Online,1,19.56,0.0,19.56
104323,2023-10-27,Standing Desk,Furniture,West,Online,1,283.17,0.0,283.17
104322,2023-10-27,Notebook Set,Stationery,Central,Online,1,8.82,0.0,8.82
104321,2023-10-27,USB-C Hub,Electronics,West,Online,3,30.18,0.0,90.54
104320,2023-10-27,Fountain Pen,Stationery,East,Online,1,19.63,0.0,19.63
104318,2023-10-27,Mechanical Keyboard,Electronics,Central,In-Store,2,66.28,0.0,132.56
104324,2023-10-27,Noise-Cancel Headphones,Electronics,West,Online,1,127.86,0.0,127.86
104350,2023-10-28,Fountain Pen,Stationery,South,Online,1,20.01,0.0,20.01
104349,2023-10-28,Water Bottle,Fitness,South,Online,2,13.2,0.0,26.4
104348,2023-10-28,Water Bottle,Fitness,West,In-Store,2,12.02,0.1,24.04
104347,2023-10-28,Noise-Cancel Headphones,Electronics,west,Online,4,128.77,0.0,515.08
104346,2023-10-28,Planner,Stationery,East,In-Store,1,14.12,0.15,14.12
104345,2023-10-28,Planner,Stationery,Central,Online,1,16.09,0.0,16.09
104344,2023-10-28,Standing Desk,Furniture,East,In-Store,2,299.36,0.0,598.72
104343,2023-10-28,Office Chair,Furniture,West,In-Store,1,149.85,0.0,149.85
104342,2023-10-28,Yoga Mat,Fitness,East,In-Store,1,19.75,0.1,19.75
104341,2023-10-28,Bookshelf,Furniture,South,Online,1,118.67,0.0,118.67
104339,2023-10-28,Mechanical Keyboard,Electronics,South,Online,1,63.53,0.0,63.53
104338,2023-10-28,USB-C Hub,Electronics,Central,In-Store,1,26.23,0.1,26.23
104330,2023-10-28,Running Shoes,Fitness,South,In-Store,1,72.65,0.0,72.65
104331,2023-10-28,Running Shoes,Fitness,West,Online,2,77.3,0.0,154.6
104332,2023-10-28,Notebook Set,Stationery,East,In-Store,3,8.93,0.0,26.79
104333,2023-10-28,Desk Lamp,Furniture,West,In-Store,1,25.04,0.0,25.04
104340,2023-10-28,Wireless Mouse,Electronics,Central,Online,1,16.86,0.1,16.86
104335,2023-10-28,Notebook Set,Stationery,South,In-Store,1,8.03,0.1,8.03
104336,2023-10-28,Resistance Bands,Fitness,South,In-Store,1,15.5,0.0,15.5
104337,2023-10-28,Planner,Stationery,North,Online,1,16.25,0.0,16.25
104334,2023-10-28,USB-C Hub,Electronics,North,Online,1,30.06,0.0,30.06
104362,2023-10-29,Noise-Cancel Headphones,Electronics,West,Online,1,112.56,0.15,112.56
104370,2023-10-29,Resistance Bands,Fitness,North,Online,1,14.53,0.0,14.53
104369,2023-10-29,USB-C Hub,Electronics,East,Online,1,29.94,0.0,29.94
104368,2023-10-29,Planner,Stationery,South,Online,2,16.13,0.0,32.26
104367,2023-10-29,Water Bottle,Fitness,North,Online,1,12.61,0.0,12.61
104366,2023-10-29,Desk Lamp,Furniture,South,Online,1,25.12,0.0,25.12
104365,2023-10-29,Dumbbell Set,Fitness,North,In-Store,1,87.4,0.0,87.4
104364,2023-10-29,Desk Lamp,Furniture,South,Online,2,24.04,0.0,48.08
104363,2023-10-29,Mechanical Keyboard,Electronics,South,Online,1,62.54,0.0,62.54
104371,2023-10-29,Standing Desk,Furniture,Central,In-Store,1,299.04,0.0,299.04
104361,2023-10-29,Dumbbell Set,Fitness,South,In-Store,1,88.84,0.0,88.84
104359,2023-10-29,Bluetooth Speaker,Electronics,East,Online,3,38.31,0.2,114.93
104358,2023-10-29,Office Chair,Furniture,North,In-Store,2,152.99,0.0,305.98
104357,2023-10-29,Bookshelf,Furniture,East,Online,1,119.06,0.0,119.06
104356,2023-10-29,Office Chair,Furniture,South,In-Store,1,118.04,0.2,118.04
104355,2023-10-29,Notebook Set,Stationery,West,Online,1,9.17,0.0,9.17
104354,2023-10-29,Wireless Mouse,Electronics,North,Online,2,20.36,0.0,40.72
104353,2023-10-29,USB-C Hub,Electronics,South,Online,2,29.73,0.0,59.46
104352,2023-10-29,Noise-Cancel Headphones,Electronics,East,In-Store,1,128.82,0.0,128.82
104351,2023-10-29,Notebook Set,Stationery,West,Online,2,9.17,0.0,18.34
104360,2023-10-29,Fountain Pen,Stationery,North,In-Store,1,19.76,0.0,19.76
104384,2023-10-30,Planner,Stationery,West,Online,2,13.47,0.15,26.94
104385,2023-10-30,Standing Desk,Furniture,Central,In-Store,1,238.03,0.15,238.03
104386,2023-10-30,Fountain Pen,Stationery,Central,Online,3,17.53,0.1,52.59
104383,2023-10-30,Desk Lamp,Furniture,South,In-Store,1,25.78,0.0,25.78
104388,2023-10-30,Running Shoes,Fitness,West,Online,1,73.03,0.0,73.03
104389,2023-10-30,Mechanical Keyboard,Electronics,East,Online,1,63.82,0.0,63.82
104390,2023-10-30,Water Bottle,Fitness,East,Online,1,12.6,0.0,12.6
104387,2023-10-30,Dumbbell Set,Fitness,South,In-Store,1,92.4,0.0,92.4
104382,2023-10-30,Yoga Mat,Fitness,Central,Online,1,19.39,0.15,19.39
104391,2023-10-30,Notebook Set,Stationery,East,Online,1,9.31,0.0,9.31
104380,2023-10-30,Noise-Cancel Headphones,Electronics,West,In-Store,2,131.17,0.0,262.34
104379,2023-10-30,Office Chair,Furniture,West,In-Store,2,152.67,0.0,305.34
104378,2023-10-30,Water Bottle,Fitness,South,Online,1,12.47,0.0,12.47
104377,2023-10-30,Fountain Pen,Stationery,Central,In-Store,2,19.69,0.0,39.38
104376,2023-10-30,Office Chair,Furniture,South,Online,2,129.65,0.15,259.3
104375,2023-10-30,Standing Desk,Furniture,West,Online,1,302.56,0.0,302.56
104374,2023-10-30,USB-C Hub,Electronics,East,Online,2,26.99,0.1,53.98
104373,2023-10-30,Bookshelf,Furniture,South,Online,1,112.43,0.0,112.43
104372,2023-10-30,Running Shoes,Fitness,North,In-Store,1,75.65,0.0,75.65
104381,2023-10-30,Notebook Set,Stationery,Central,Online,1,8.86,0.0,8.86
104401,2023-10-31,Fountain Pen,Stationery,North,In-Store,1,20.58,0.0,20.58
104400,2023-10-31,Bluetooth Speaker,Electronics,South,Online,2,44.13,0.0,88.26
104399,2023-10-31,Noise-Cancel Headphones,Electronics,Central,Online,1,125.51,0.0,125.51
104397,2023-10-31,Wireless Mouse,Electronics,East,Online,1,19.02,0.0,19.02
104398,2023-10-31,Office Chair,Furniture,East,Online,2,132.08,0.15,264.16
104395,2023-10-31,Resistance Bands,Fitness,Central,Online,1,14.6,0.0,14.6
104394,2023-10-31,Office Chair,Furniture,Central,In-Store,1,133.76,0.1,133.76
104393,2023-10-31,Water Bottle,Fitness,East,Online,1,13.61,0.0,13.61
104392,2023-10-31,Bluetooth Speaker,Electronics,South,Online,1,45.71,0.0,45.71
104396,2023-10-31,Resistance Bands,Fitness,East,Online,1,11.48,0.2,11.48
104417,2023-11-01,Mechanical Keyboard,Electronics,East,Online,1,63.2,0.0,63.2
104418,2023-11-01,Water Bottle,Fitness,South,In-Store,1,12.73,0.0,12.73
104419,2023-11-01,USB-C Hub,Electronics,Central,Online,1,30.83,0.0,30.83
104420,2023-11-01,Resistance Bands,Fitness,North,Online,3,14.58,0.0,43.74
104421,2023-11-01,Noise-Cancel Headphones,Electronics,East,Online,2,132.22,0.0,264.44
104424,2023-11-01,Water Bottle,Fitness,North,Online,1,13.2,0.0,13.2
104423,2023-11-01,Wireless Mouse,Electronics,South,In-Store,1,19.32,0.0,19.32
104425,2023-11-01,Mechanical Keyboard,Electronics,West,Online,1,53.75,0.15,53.75
104426,2023-11-01,Office Chair,Furniture,East,In-Store,4,134.92,0.1,539.68
104427,2023-11-01,Standing Desk,Furniture,South,In-Store,1,293.97,0.0,293.97
104422,2023-11-01,Water Bottle,Fitness,South,In-Store,1,12.35,0.0,12.35
104416,2023-11-01,Standing Desk,Furniture,East,Online,1,294.29,0.0,294.29
104411,2023-11-01,Bluetooth Speaker,Electronics,North,Online,2,48.81,0.0,97.62
104414,2023-11-01,Wireless Mouse,Electronics,Central,In-Store,2,18.66,0.0,37.32
104415,2023-11-01,Wireless Mouse,Electronics,West,Online,1,18.92,0.0,18.92
104403,2023-11-01,Dumbbell Set,Fitness,North,In-Store,1,86.8,0.0,86.8
104404,2023-11-01,Resistance Bands,Fitness,West,In-Store,3,14.8,0.0,44.4
104405,2023-11-01,Notebook Set,Stationery,East,In-Store,2,7.44,0.15,14.88
104406,2023-11-01,Office Chair,Furniture,North,Online,2,131.07,0.1,262.14
104407,2023-11-01,Running Shoes,Fitness,South,Online,2,72.84,0.0,145.68
104402,2023-11-01,Running Shoes,Fitness,North,Online,1,75.94,0.0,75.94
104409,2023-11-01,Noise-Cancel Headphones,Electronics,Central,Online,4,130.65,0.0,522.6
104410,2023-11-01,Wireless Mouse,Electronics,North,Online,2,19.16,0.0,38.32
104412,2023-11-01,Bluetooth Speaker,Electronics,West,In-Store,1,48.81,0.0,48.81
104413,2023-11-01,Water Bottle,Fitness,North,Online,1,13.29,0.0,13.29
104408,2023-11-01,Noise-Cancel Headphones,Electronics,Central,In-Store,2,129.72,0.0,259.44
104443,2023-11-02,Bookshelf,Furniture,South,Online,1,119.49,0.0,119.49
104444,2023-11-02,Resistance Bands,Fitness,North,Online,1,11.99,0.15,11.99
104445,2023-11-02,USB-C Hub,Electronics,West,Online,2,30.48,0.0,60.96
104446,2023-11-02,Bluetooth Speaker,Electronics,South,Online,2,44.99,0.0,89.98
104447,2023-11-02,Dumbbell Set,Fitness,West,Online,1,85.43,0.0,85.43
104449,2023-11-02,Desk Lamp,Furniture,West,In-Store,1,25.3,0.0,25.3
104450,2023-11-02,Bluetooth Speaker,Electronics,East,Online,1,46.01,0.0,46.01
104451,2023-11-02,Bluetooth Speaker,Electronics,Central,Online,1,43.72,0.0,43.72
104452,2023-11-02,Bluetooth Speaker,Electronics,North,Online,1,43.72,0.0,43.72
104442,2023-11-02,Yoga Mat,Fitness,Central,In-Store,2,17.24,0.2,34.48
104448,2023-11-02,Water Bottle,Fitness,South,Online,2,12.96,0.0,25.92
104441,2023-11-02,Desk Lamp,Furniture,North,In-Store,1,24.12,0.0,24.12
104433,2023-11-02,Bluetooth Speaker,Electronics,Central,In-Store,1,45.58,0.0,45.58
104439,2023-11-02,Water Bottle,Fitness,East,In-Store,1,12.81,0.0,12.81
104430,2023-11-02,Wireless Mouse,Electronics,North,In-Store,3,19.88,0.0,59.64
104431,2023-11-02,Office Chair,Furniture,West,Online,1,154.21,0.0,154.21
104432,2023-11-02,Running Shoes,Fitness,East,In-Store,1,75.48,0.0,75.48
104428,2023-11-02,Desk Lamp,Furniture,South,Online,2,21.54,0.1,43.08
104429,2023-11-02,Fountain Pen,Stationery,West,In-Store,1,20.61,0.0,20.61
104435,2023-11-02,Bookshelf,Furniture,South,In-Store,1,114.01,0.0,114.01
104436,2023-11-02,Running Shoes,Fitness,East,In-Store,1,60.62,0.15,60.62
104437,2023-11-02,Yoga Mat,Fitness,South,Online,2,22.05,0.0,44.1
104438,2023-11-02,Noise-Cancel Headphones,Electronics,North,Online,1,128.27,0.0,128.27
104434,2023-11-02,Running Shoes,Fitness,South,Online,4,74.4,0.0,297.6
104440,2023-11-02,Notebook Set,Stationery,East,Online,1,7.72,0.15,7.72
104464,2023-11-03,Bluetooth Speaker,Electronics,East,In-Store,1,45.93,0.0,45.93
104473,2023-11-03,USB-C Hub,Electronics,South,In-Store,1,29.55,0.0,29.55
104472,2023-11-03,USB-C Hub,Electronics,Central,In-Store,1,29.06,0.0,29.06
104471,2023-11-03,USB-C Hub,Electronics,South,Online,2,29.06,0.0,58.12
104470,2023-11-03,Yoga Mat,Fitness,South,Online,2,21.55,0.0,43.1
104469,2023-11-03,Bluetooth Speaker,Electronics,West,Online,1,36.56,0.2,36.56
104468,2023-11-03,Bookshelf,Furniture,West,Online,1,118.89,0.0,118.89
104467,2023-11-03,Noise-Cancel Headphones,Electronics,South,In-Store,1,116.4,0.1,116.4
104466,2023-11-03,Noise-Cancel Headphones,Electronics,East,Online,2,116.4,0.1,232.8
104465,2023-11-03,Dumbbell Set,Fitness,South,Online,1,87.72,0.0,87.72
104463,2023-11-03,Notebook Set,Stationery,South,In-Store,1,8.44,0.0,8.44
104461,2023-11-03,Desk Lamp,Furniture,South,Online,1,24.19,0.0,24.19
104460,2023-11-03,Desk Lamp,Furniture,South,Online,2,25.65,0.0,51.3
104459,2023-11-03,Water Bottle,Fitness,South,Online,1,12.7,0.0,12.7
104458,2023-11-03,Wireless Mouse,Electronics,Central,In-Store,1,18.32,0.0,18.32
104457,2023-11-03,Resistance Bands,Fitness,Central,Online,1,15.58,0.0,15.58
104456,2023-11-03,Water Bottle,Fitness,South,In-Store,1,12.86,0.0,12.86
104455,2023-11-03,USB-C Hub,Electronics,Central,Online,1,30.35,0.0,30.35
104454,2023-11-03,USB-C Hub,Electronics,East,In-Store,1,30.35,0.0,30.35
104453,2023-11-03,Desk Lamp,Furniture,South,In-Store,2,25.27,0.0,50.54
104462,2023-11-03,Running Shoes,Fitness,Central,In-Store,2,66.22,0.1,132.44
104488,2023-11-04,Running Shoes,Fitness,South,In-Store,1,76.89,0.0,76.89
104489,2023-11-04,Running Shoes,Fitness,East,Online,1,74.13,0.0,74.13
104490,2023-11-04,Mechanical Keyboard,Electronics,East,In-Store,1,64.42,0.0,64.42
104491,2023-11-04,Office Chair,Furniture,South,In-Store,1,134.15,0.15,134.15
104487,2023-11-04,Standing Desk,Furniture,West,In-Store,1,279.27,0.0,279.27
104493,2023-11-04,Bluetooth Speaker,Electronics,South,Online,1,45.08,0.0,45.08
104494,2023-11-04,Wireless Mouse,Electronics,Central,Online,2,19.56,0.0,39.12
104495,2023-11-04,Wireless Mouse,Electronics,West,In-Store,1,19.56,0.0,19.56
104492,2023-11-04,Bluetooth Speaker,Electronics,Central,Online,1,45.08,0.0,45.08
104486,2023-11-04,Notebook Set,Stationery,West,Online,1,8.86,0.0,8.86
104476,2023-11-04,Notebook Set,Stationery,South,Online,1,7.99,0.1,7.99
104484,2023-11-04,Mechanical Keyboard,Electronics,North,In-Store,1,58.91,0.1,58.91
104485,2023-11-04,Planner,Stationery,West,In-Store,1,16.53,0.0,16.53
104474,2023-11-04,Desk Lamp,Furniture,North,In-Store,1,26.59,0.0,26.59
104477,2023-11-04,Office Chair,Furniture,East,In-Store,2,129.09,0.1,258.18
104478,2023-11-04,Yoga Mat,Fitness,North,In-Store,1,19.12,0.1,19.12
104475,2023-11-04,Bluetooth Speaker,Electronics,South,In-Store,1,37.41,0.2,37.41
104480,2023-11-04,Noise-Cancel Headphones,Electronics,West,Online,1,120.51,0.1,120.51
104481,2023-11-04,Resistance Bands,Fitness,North,Online,2,13.94,0.0,27.88
104482,2023-11-04,Mechanical Keyboard,Electronics,South,Online,1,66.97,0.0,66.97
104483,2023-11-04,Running Shoes,Fitness,North,In-Store,1,76.14,0.0,76.14
104479,2023-11-04,Desk Lamp,Furniture,East,In-Store,1,25.58,0.0,25.58
104506,2023-11-05,Planner,Stationery,Central,In-Store,1,15.7,0.0,15.7
104512,2023-11-05,Notebook Set,Stationery,West,Online,2,9.43,0.0,18.86
104511,2023-11-05,Dumbbell Set,Fitness,West,In-Store,2,88.55,0.0,177.1
104510,2023-11-05,Desk Lamp,Furniture,North,Online,2,24.09,0.0,48.18
104509,2023-11-05,Standing Desk,Furniture,Central,Online,1,312.6,0.0,312.6
104508,2023-11-05,Wireless Mouse,Electronics,East,Online,1,18.49,0.0,18.49
104507,2023-11-05,Wireless Mouse,Electronics,Central,In-Store,1,15.92,0.1,15.92
104505,2023-11-05,Desk Lamp,Furniture,South,In-Store,1,24.96,0.0,24.96
104504,2023-11-05,Dumbbell Set,Fitness,Central,Online,1,90.06,0.0,90.06
104503,2023-11-05,Fountain Pen,Stationery,East,In-Store,1,18.58,0.0,18.58
104502,2023-11-05,USB-C Hub,Electronics,South,Online,2,29.52,0.0,59.04
104501,2023-11-05,Notebook Set,Stationery,South,In-Store,1,8.91,0.0,8.91
104500,2023-11-05,Office Chair,Furniture,North,In-Store,1,130.67,0.1,130.67
104499,2023-11-05,Running Shoes,Fitness,North,In-Store,1,68.59,0.0,68.59
104498,2023-11-05,Desk Lamp,Furniture,South,Online,1,26.2,0.0,26.2
104497,2023-11-05,Bluetooth Speaker,Electronics,North,Online,2,43.66,0.0,87.32
104496,2023-11-05,Office Chair,Furniture,North,Online,1,152.77,0.0,152.77
104528,2023-11-06,Wireless Mouse,Electronics,East,Online,1,18.74,0.0,18.74
104529,2023-11-06,Wireless Mouse,Electronics,West,Online,1,18.74,0.0,18.74
104530,2023-11-06,Wireless Mouse,Electronics,West,In-Store,1,17.72,0.1,17.72
104534,2023-11-06,Running Shoes,Fitness,Central,In-Store,2,77.19,0.0,154.38
104532,2023-11-06,Bluetooth Speaker,Electronics,Central,Online,1,48.56,0.0,48.56
104533,2023-11-06,Bluetooth Speaker,Electronics,North,Online,2,48.56,0.0,97.12
104526,2023-11-06,Running Shoes,Fitness,South,In-Store,1,73.62,0.0,73.62
104535,2023-11-06,Notebook Set,Stationery,North,In-Store,1,8.11,0.15,8.11
104531,2023-11-06,Wireless Mouse,Electronics,East,In-Store,1,17.72,0.1,17.72
104525,2023-11-06,Water Bottle,Fitness,East,Online,1,13.05,0.0,13.05
104527,2023-11-06,Office Chair,Furniture,West,Online,2,152.04,0.0,304.08
104523,2023-11-06,Desk Lamp,Furniture,West,Online,1,22.7,0.1,22.7
104513,2023-11-06,Desk Lamp,Furniture,South,Online,1,25.62,0.0,25.62
104514,2023-11-06,Fountain Pen,Stationery,East,Online,2,21.1,0.0,42.2
104515,2023-11-06,Office Chair,Furniture,South,In-Store,3,149.5,0.0,448.5
104516,2023-11-06,Notebook Set,Stationery,West,In-Store,1,7.49,0.15,7.49
104517,2023-11-06,Dumbbell Set,Fitness,Central,In-Store,1,87.31,0.0,87.31
104524,2023-11-06,Standing Desk,Furniture,East,Online,2,300.84,0.0,601.68
104519,2023-11-06,Standing Desk,Furniture,Central,Online,2,303.94,0.0,607.88
104520,2023-11-06,Office Chair,Furniture,Central,Online,1,152.34,0.0,152.34
104521,2023-11-06,Desk Lamp,Furniture,West,Online,1,25.38,0.0,25.38
104522,2023-11-06,Dumbbell Set,Fitness,Central,In-Store,2,80.9,0.15,161.8
104518,2023-11-06,Notebook Set,Stationery,West,Online,2,9.24,0.0,18.48
104548,2023-11-07,Desk Lamp,Furniture,South,In-Store,1,24.4,0.0,24.4
104557,2023-11-07,Fountain Pen,Stationery,Central,Online,2,20.31,0.0,40.62
104556,2023-11-07,Bluetooth Speaker,Electronics,East,Online,1,45.02,0.0,45.02
104555,2023-11-07,Noise-Cancel Headphones,Electronics,North,In-Store,2,128.47,0.0,256.94
104554,2023-11-07,Noise-Cancel Headphones,Electronics,South,In-Store,1,128.47,0.0,128.47
104553,2023-11-07,Yoga Mat,Fitness,South,Online,1,18.48,0.2,18.48
104552,2023-11-07,Notebook Set,Stationery,South,Online,2,7.8,0.1,15.6
104551,2023-11-07,Fountain Pen,Stationery,East,In-Store,1,20.81,0.0,20.81
104550,2023-11-07,Resistance Bands,Fitness,South,Online,1,14.26,0.0,14.26
104549,2023-11-07,Water Bottle,Fitness,South,Online,1,12.69,0.0,12.69
104558,2023-11-07,Running Shoes,Fitness,West,Online,2,74.71,0.0,149.42
104547,2023-11-07,Mechanical Keyboard,Electronics,East,Online,1,69.04,0.0,69.04
104545,2023-11-07,Noise-Cancel Headphones,Electronics,East,In-Store,2,131.89,0.0,263.78
104544,2023-11-07,Wireless Mouse,Electronics,West,In-Store,1,19.28,0.0,19.28
104543,2023-11-07,Wireless Mouse,Electronics,Central,In-Store,2,19.28,0.0,38.56
104542,2023-11-07,Office Chair,Furniture,East,Online,1,144.82,0.0,144.82
104541,2023-11-07,Standing Desk,Furniture,East,In-Store,1,294.44,0.0,294.44
104540,2023-11-07,USB-C Hub,Electronics,East,In-Store,1,29.78,0.0,29.78
104539,2023-11-07,Yoga Mat,Fitness,Central,Online,1,21.45,0.0,21.45
104538,2023-11-07,Running Shoes,Fitness,East,In-Store,1,74.46,0.0,74.46
104537,2023-11-07,Desk Lamp,Furniture,Central,Online,1,24.47,0.0,24.47
104536,2023-11-07,Fountain Pen,Stationery,Central,Online,1,20.08,0.0,20.08
104546,2023-11-07,Noise-Cancel Headphones,Electronics,South,Online,1,130.37,0.0,130.37
104572,2023-11-08,Planner,Stationery,North,Online,1,14.29,0.15,14.29
104573,2023-11-08,USB-C Hub,Electronics,East,Online,1,29.42,0.0,29.42
104574,2023-11-08,Planner,Stationery,Central,Online,3,14.27,0.1,42.81
104575,2023-11-08,Standing Desk,Furniture,North,Online,1,292.55,0.0,292.55
104571,2023-11-08,Dumbbell Set,Fitness,West,Online,1,86.68,0.0,86.68
104578,2023-11-08,Planner,Stationery,East,Online,1,15.29,0.0,15.29
104579,2023-11-08,Running Shoes,Fitness,South,In-Store,2,69.09,0.1,138.18
104580,2023-11-08,Running Shoes,Fitness,West,Online,2,73.74,0.0,147.48
104577,2023-11-08,Water Bottle,Fitness,East,In-Store,1,13.53,0.0,13.53
104570,2023-11-08,Resistance Bands,Fitness,East,In-Store,1,13.92,0.0,13.92
104576,2023-11-08,Desk Lamp,Furniture,South,Online,1,25.29,0.0,25.29
104568,2023-11-08,Dumbbell Set,Fitness,West,Online,1,89.35,0.0,89.35
104569,2023-11-08,Planner,Stationery,North,Online,1,14.05,0.1,14.05
104560,2023-11-08,Mechanical Keyboard,Electronics,South,Online,2,55.0,0.15,110.0
104562,2023-11-08,Running Shoes,Fitness,Central,In-Store,3,68.63,0.1,205.89
104563,2023-11-08,Yoga Mat,Fitness,Central,Online,1,22.68,0.0,22.68
104561,2023-11-08,Mechanical Keyboard,Electronics,Central,In-Store,2,55.0,0.15,110.0
104564,2023-11-08,USB-C Hub,Electronics,Central,Online,3,29.34,0.0,88.02
104565,2023-11-08,Office Chair,Furniture,South,Online,1,148.21,0.0,148.21
104566,2023-11-08,Notebook Set,Stationery,Central,In-Store,1,7.46,0.15,7.46
104567,2023-11-08,Fountain Pen,Stationery,South,In-Store,1,19.55,0.0,19.55
104559,2023-11-08,Resistance Bands,Fitness,South,Online,1,14.26,0.0,14.26
104602,2023-11-09,Desk Lamp,Furniture,West,Online,2,24.07,0.0,48.14
104598,2023-11-09,Office Chair,Furniture,South,Online,1,150.06,0.0,150.06
104599,2023-11-09,Planner,Stationery,South,Online,1,13.94,0.1,13.94
104600,2023-11-09,Desk Lamp,Furniture,East,Online,1,22.19,0.1,22.19
104601,2023-11-09,Resistance Bands,Fitness,Central,In-Store,1,14.79,0.0,14.79
104603,2023-11-09,Noise-Cancel Headphones,Electronics,South,Online,1,111.54,0.15,111.54
104608,2023-11-09,Office Chair,Furniture,West,In-Store,1,153.66,0.0,153.66
104605,2023-11-09,Water Bottle,Fitness,East,Online,1,10.57,0.2,10.57
104606,2023-11-09,Bookshelf,Furniture,South,Online,1,120.04,0.0,120.04
104607,2023-11-09,Fountain Pen,Stationery,South,In-Store,1,20.3,0.0,20.3
104597,2023-11-09,Fountain Pen,Stationery,West,Online,2,21.23,0.0,42.46
104609,2023-11-09,Standing Desk,Furniture,North,Online,1,289.76,0.0,289.76
104604,2023-11-09,Office Chair,Furniture,North,In-Store,1,158.04,0.0,158.04
104596,2023-11-09,Bluetooth Speaker,Electronics,East,In-Store,1,42.8,0.0,42.8
104594,2023-11-09,Office Chair,Furniture,Central,In-Store,1,146.7,0.0,146.7
104584,2023-11-09,Bluetooth Speaker,Electronics,East,Online,1,47.7,0.0,47.7
104581,2023-11-09,Running Shoes,Fitness,Central,Online,1,61.03,0.2,61.03
104582,2023-11-09,Running Shoes,Fitness,North,Online,1,77.59,0.0,77.59
104583,2023-11-09,Resistance Bands,Fitness,North,In-Store,1,13.26,0.1,13.26
104595,2023-11-09,Bluetooth Speaker,Electronics,North,Online,2,42.8,0.0,85.6
104585,2023-11-09,Running Shoes,Fitness,North,Online,1,76.45,0.0,76.45
104587,2023-11-09,Wireless Mouse,Electronics,South,Online,2,19.24,0.0,38.48
104586,2023-11-09,Desk Lamp,Furniture,South,In-Store,3,24.68,0.0,74.04
104589,2023-11-09,Bookshelf,Furniture,East,Online,1,122.67,0.0,122.67
104590,2023-11-09,Standing Desk,Furniture,Central,Online,2,302.94,0.0,605.88
104591,2023-11-09,Bluetooth Speaker,Electronics,West,Online,1,45.16,0.0,45.16
104592,2023-11-09,Dumbbell Set,Fitness,North,In-Store,1,95.84,0.0,95.84
104593,2023-11-09,Yoga Mat,Fitness,South,Online,1,22.07,0.0,22.07
104588,2023-11-09,Wireless Mouse,Electronics,West,Online,1,19.24,0.0,19.24
104623,2023-11-10,Resistance Bands,Fitness,Central,In-Store,4,15.03,0.0,60.12
104622,2023-11-10,Resistance Bands,Fitness,North,Online,1,13.58,0.0,13.58
104624,2023-11-10,Running Shoes,Fitness,East,In-Store,1,64.78,0.15,64.78
104621,2023-11-10,Notebook Set,Stationery,West,Online,1,9.05,0.0,9.05
104626,2023-11-10,Running Shoes,Fitness,West,In-Store,1,65.48,0.15,65.48
104627,2023-11-10,Wireless Mouse,Electronics,South,In-Store,1,19.77,0.0,19.77
104625,2023-11-10,Office Chair,Furniture,West,Online,1,142.36,0.1,142.36
104620,2023-11-10,Wireless Mouse,Electronics,West,Online,-1,18.97,0.0,18.97
104615,2023-11-10,Bookshelf,Furniture,West,Online,1,116.65,0.0,116.65
104618,2023-11-10,Mechanical Keyboard,Electronics,North,Online,1,64.88,0.0,64.88
104617,2023-11-10,Mechanical Keyboard,Electronics,Central,In-Store,1,64.88,0.0,64.88
104616,2023-11-10,Bluetooth Speaker,Electronics,East,Online,1,44.91,0.0,44.91
104610,2023-11-10,Planner,Stationery,Central,Online,3,16.09,0.0,48.27
104614,2023-11-10,Bookshelf,Furniture,South,In-Store,2,121.92,0.0,243.84
104613,2023-11-10,Water Bottle,Fitness,East,Online,1,13.44,0.0,13.44
104612,2023-11-10,Dumbbell Set,Fitness,East,Online,1,89.77,0.0,89.77
104611,2023-11-10,Dumbbell Set,Fitness,North,Online,1,79.13,0.1,79.13
104619,2023-11-10,Wireless Mouse,Electronics,North,Online,1,18.97,0.0,18.97
104640,2023-11-11,Office Chair,Furniture,West,Online,2,157.76,0.0,315.52
104641,2023-11-11,Desk Lamp,Furniture,East,Online,3,24.42,0.0,73.26
104642,2023-11-11,Water Bottle,Fitness,South,Online,1,11.52,0.1,11.52
104647,2023-11-11,Running Shoes,Fitness,Central,Online,1,78.82,0.0,78.82
104644,2023-11-11,Planner,Stationery,North,Online,2,15.51,0.0,31.02
104645,2023-11-11,Yoga Mat,Fitness,East,Online,1,18.95,0.15,18.95
104646,2023-11-11,Resistance Bands,Fitness,South,In-Store,3,12.02,0.15,36.06
104643,2023-11-11,Fountain Pen,Stationery,North,In-Store,2,21.54,0.0,43.08
104638,2023-11-11,Bluetooth Speaker,Electronics,South,Online,1,46.95,0.0,46.95
104639,2023-11-11,Resistance Bands,Fitness,South,In-Store,1,15.29,0.0,15.29
104636,2023-11-11,Standing Desk,Furniture,East,Online,1,286.5,0.0,286.5
104635,2023-11-11,Noise-Cancel Headphones,Electronics,East,In-Store,2,114.98,0.15,229.96
104634,2023-11-11,Dumbbell Set,Fitness,South,In-Store,1,92.99,0.0,92.99
104633,2023-11-11,USB-C Hub,Electronics,West,In-Store,4,31.76,0.0,127.04
104632,2023-11-11,Bookshelf,Furniture,North,Online,1,113.55,0.0,113.55
104631,2023-11-11,Resistance Bands,Fitness,Central,Online,1,14.73,0.0,14.73
104630,2023-11-11,Dumbbell Set,Fitness,West,In-Store,2,91.7,0.0,183.4
104629,2023-11-11,Notebook Set,Stationery,North,In-Store,1,8.84,0.0,8.84
104628,2023-11-11,Planner,Stationery,East,In-Store,1,14.26,0.1,14.26
104637,2023-11-11,USB-C Hub,Electronics,West,In-Store,1,29.76,0.0,29.76
104662,2023-11-12,Mechanical Keyboard,Electronics,East,Online,1,64.78,0.0,64.78
104663,2023-11-12,Notebook Set,Stationery,East,Online,1,9.07,0.0,9.07
104664,2023-11-12,Running Shoes,Fitness,Central,Online,1,76.1,0.0,76.1
104665,2023-11-12,Office Chair,Furniture,South,Online,1,130.29,0.15,130.29
104661,2023-11-12,Dumbbell Set,Fitness,North,Online,1,93.18,0.0,93.18
104667,2023-11-12,USB-C Hub,Electronics,Central,Online,2,30.61,0.0,61.22
104668,2023-11-12,Desk Lamp,Furniture,North,Online,2,24.43,0.0,48.86
104669,2023-11-12,Standing Desk,Furniture,South,Online,2,280.33,0.1,560.66
104671,2023-11-12,Yoga Mat,Fitness,Central,Online,1,22.14,0.0,22.14
104666,2023-11-12,Resistance Bands,Fitness,Central,In-Store,1,14.41,0.0,14.41
104660,2023-11-12,Noise-Cancel Headphones,Electronics,South,Online,2,111.35,0.15,222.7
104670,2023-11-12,Water Bottle,Fitness,South,Online,1,12.3,0.0,12.3
104658,2023-11-12,Yoga Mat,Fitness,South,In-Store,1,21.3,0.0,21.3
104659,2023-11-12,Noise-Cancel Headphones,Electronics,West,Online,1,126.81,0.0,126.81
104648,2023-11-12,Resistance Bands,Fitness,East,Online,1,14.05,0.0,14.05
104649,2023-11-12,Office Chair,Furniture,West,In-Store,2,134.43,0.15,268.86
104651,2023-11-12,Wireless Mouse,Electronics,East,Online,1,18.85,0.0,18.85
104652,2023-11-12,Notebook Set,Stationery,South,Online,2,9.04,0.0,18.08
104650,2023-11-12,Planner,Stationery,Central,Online,1,16.03,0.0,16.03
104654,2023-11-12,Wireless Mouse,Electronics,West,Online,2,18.36,0.1,36.72
104655,2023-11-12,Wireless Mouse,Electronics,West,Online,2,18.36,0.1,36.72
104656,2023-11-12,Running Shoes,Fitness,East,In-Store,1,77.56,0.0,77.56
104657,2023-11-12,Wireless Mouse,Electronics,South,In-Store,2,19.76,0.0,39.52
104653,2023-11-12,Planner,Stationery,North,Online,1,16.2,0.0,16.2
104680,2023-11-13,Desk Lamp,Furniture,Central,Online,3,25.08,0.0,75.24
104684,2023-11-13,Running Shoes,Fitness,South,In-Store,1,72.51,0.0,72.51
104683,2023-11-13,Office Chair,Furniture,East,In-Store,1,151.51,0.0,151.51
104682,2023-11-13,Notebook Set,Stationery,West,Online,2,9.47,0.0,18.94
104681,2023-11-13,Mechanical Keyboard,Electronics,East,Online,1,64.61,0.0,64.61
104679,2023-11-13,Bluetooth Speaker,Electronics,East,Online,1,41.01,0.1,41.01
104685,2023-11-13,Wireless Mouse,Electronics,West,In-Store,1,19.11,0.0,19.11
104677,2023-11-13,Bluetooth Speaker,Electronics,West,Online,1,43.57,0.0,43.57
104676,2023-11-13,Mechanical Keyboard,Electronics,Central,In-Store,1,63.33,0.0,63.33
104675,2023-11-13,Mechanical Keyboard,Electronics,South,Online,1,63.33,0.0,63.33
104674,2023-11-13,Running Shoes,Fitness,South,Online,1,73.32,0.0,73.32
104673,2023-11-13,Planner,Stationery,North,In-Store,2,14.52,0.0,29.04
104672,2023-11-13,Office Chair,Furniture,North,Online,1,152.49,0.0,152.49
104678,2023-11-13,Noise-Cancel Headphones,Electronics,South,In-Store,1,132.63,0.0,132.63
104699,2023-11-14,Notebook Set,Stationery,North,In-Store,2,9.3,0.0,18.6
104698,2023-11-14,Noise-Cancel Headphones,Electronics,North,In-Store,1,138.34,0.0,138.34
104697,2023-11-14,Standing Desk,Furniture,North,Online,1,235.45,0.2,235.45
104696,2023-11-14,Noise-Cancel Headphones,Electronics,South,Online,1,135.56,0.0,135.56
104695,2023-11-14,Resistance Bands,Fitness,East,In-Store,4,13.31,0.1,53.24
104693,2023-11-14,Wireless Mouse,Electronics,West,Online,4,18.29,0.0,73.16
104694,2023-11-14,Dumbbell Set,Fitness,West,Online,1,77.17,0.1,77.17
104691,2023-11-14,Resistance Bands,Fitness,North,Online,1,14.51,0.0,14.51
104690,2023-11-14,Notebook Set,Stationery,West,Online,1,8.98,0.0,8.98
104689,2023-11-14,Noise-Cancel Headphones,Electronics,South,In-Store,3,127.12,0.0,381.36
104688,2023-11-14,Yoga Mat,Fitness,North,Online,1,21.19,0.0,21.19
104687,2023-11-14,Bookshelf,Furniture,East,In-Store,1,106.7,0.1,106.7
104686,2023-11-14,Planner,Stationery,North,Online,1,15.14,0.0,15.14
104692,2023-11-14,Planner,Stationery,South,In-Store,3,14.3,0.1,42.9
104719,2023-11-15,Running Shoes,Fitness,West,In-Store,2,68.26,0.1,136.52
104718,2023-11-15,Noise-Cancel Headphones,Electronics,Central,Online,1,118.31,0.1,118.31
104717,2023-11-15,Wireless Mouse,Electronics,South,In-Store,1,16.06,0.15,16.06
104716,2023-11-15,Office Chair,Furniture,East,Online,2,152.43,0.0,304.86
104711,2023-11-15,Dumbbell Set,Fitness,North,Online,1,92.99,0.0,92.99
104714,2023-11-15,Planner,Stationery,North,Online,1,17.13,0.0,17.13
104713,2023-11-15,Noise-Cancel Headphones,Electronics,South,Online,1,102.91,0.2,102.91
104712,2023-11-15,Noise-Cancel Headphones,Electronics,South,In-Store,1,102.91,0.2,102.91
104710,2023-11-15,Water Bottle,Fitness,Central,Online,3,13.05,0.0,39.15
104715,2023-11-15,Notebook Set,Stationery,Central,Online,1,8.64,0.1,8.64
104708,2023-11-15,Bookshelf,Furniture,East,Online,2,123.69,0.0,247.38
104700,2023-11-15,USB-C Hub,Electronics,South,In-Store,1,29.59,0.0,29.59
104701,2023-11-15,USB-C Hub,Electronics,East,Online,2,29.59,0.0,59.18
104702,2023-11-15,Dumbbell Set,Fitness,North,Online,3,90.31,0.0,270.93
104703,2023-11-15,Bluetooth Speaker,Electronics,West,Online,3,40.9,0.1,122.7
104709,2023-11-15,Mechanical Keyboard,Electronics,West,Online,2,49.93,0.2,99.86
104705,2023-11-15,USB-C Hub,Electronics,North,In-Store,4,31.3,0.0,125.2
104706,2023-11-15,Yoga Mat,Fitness,West,Online,1,22.12,0.0,22.12
104707,2023-11-15,USB-C Hub,Electronics,North,Online,1,23.71,0.2,23.71
104704,2023-11-15,Bluetooth Speaker,Electronics,South,In-Store,1,39.2,0.15,39.2
104732,2023-11-16,Noise-Cancel Headphones,Electronics,South,Online,1,123.59,0.0,123.59
104739,2023-11-16,Desk Lamp,Furniture,East,Online,1,25.01,0.0,25.01
104738,2023-11-16,Water Bottle,Fitness,North,In-Store,2,12.36,0.0,24.72
104737,2023-11-16,Wireless Mouse,Electronics,Central,Online,1,18.92,0.0,18.92
104736,2023-11-16,Fountain Pen,Stationery,Central,In-Store,4,20.1,0.0,80.4
104735,2023-11-16,Notebook Set,Stationery,East,In-Store,1,9.02,0.0,9.02
104734,2023-11-16,Water Bottle,Fitness,East,In-Store,4,13.46,0.0,53.84
104733,2023-11-16,Dumbbell Set,Fitness,East,Online,1,89.89,0.0,89.89
104731,2023-11-16,Office Chair,Furniture,East,In-Store,1,147.9,0.0,147.9
104740,2023-11-16,Resistance Bands,Fitness,East,Online,1,15.0,0.0,15.0
104729,2023-11-16,Bookshelf,Furniture,South,In-Store,1,127.6,0.0,127.6
104720,2023-11-16,Noise-Cancel Headphones,Electronics,East,Online,2,131.82,0.0,263.64
104730,2023-11-16,Running Shoes,Fitness,West,Online,1,74.37,0.0,74.37
104722,2023-11-16,Bluetooth Speaker,Electronics,North,Online,1,44.47,0.0,44.47
104723,2023-11-16,Resistance Bands,Fitness,South,Online,1,15.3,0.0,15.3
104721,2023-11-16,Noise-Cancel Headphones,Electronics,Central,Online,2,131.82,0.0,263.64
104725,2023-11-16,Notebook Set,Stationery,East,In-Store,2,8.71,0.0,17.42
104726,2023-11-16,Water Bottle,Fitness,East,In-Store,1,11.8,0.1,11.8
104727,2023-11-16,Bookshelf,Furniture,South,In-Store,2,104.47,0.15,208.94
104728,2023-11-16,Wireless Mouse,Electronics,East,Online,1,18.55,0.0,18.55
104724,2023-11-16,Running Shoes,Fitness,North,Online,2,73.82,0.0,147.64
104755,2023-11-17,Wireless Mouse,Electronics,South,Online,1,18.84,0.0,18.84
104754,2023-11-17,Running Shoes,Fitness,East,Online,1,68.2,0.1,68.2
104753,2023-11-17,Bluetooth Speaker,Electronics,East,In-Store,2,47.61,0.0,95.22
104752,2023-11-17,Bluetooth Speaker,Electronics,North,Online,1,41.76,0.1,41.76
104751,2023-11-17,Bluetooth Speaker,Electronics,North,In-Store,1,41.76,0.1,41.76
104749,2023-11-17,Yoga Mat,Fitness,East,Online,1,23.44,0.0,23.44
104750,2023-11-17,Bookshelf,Furniture,East,In-Store,1,124.16,0.0,124.16
104747,2023-11-17,Dumbbell Set,Fitness,North,In-Store,2,80.82,0.1,161.64
104746,2023-11-17,Wireless Mouse,Electronics,South,In-Store,2,19.47,0.0,38.94
104745,2023-11-17,Running Shoes,Fitness,South,Online,1,60.18,0.2,60.18
104744,2023-11-17,Resistance Bands,Fitness,South,Online,1,14.33,0.0,14.33
104743,2023-11-17,Noise-Cancel Headphones,Electronics,West,Online,1,127.78,0.0,127.78
104742,2023-11-17,Fountain Pen,Stationery,South,In-Store,1,20.06,0.0,20.06
104741,2023-11-17,Planner,Stationery,North,In-Store,1,15.43,0.0,15.43
104748,2023-11-17,Mechanical Keyboard,Electronics,East,In-Store,1,55.46,0.1,55.46
104772,2023-11-18,Desk Lamp,Furniture,East,Online,1,24.48,0.0,24.48
104773,2023-11-18,Desk Lamp,Furniture,North,In-Store,3,25.87,0.0,77.61
104774,2023-11-18,USB-C Hub,Electronics,East,Online,1,29.79,0.0,29.79
104775,2023-11-18,Bluetooth Speaker,Electronics,East,In-Store,1,44.83,0.0,44.83
104776,2023-11-18,Running Shoes,Fitness,East,Online,1,79.11,0.0,79.11
104780,2023-11-18,Running Shoes,Fitness,East,In-Store,1,59.88,0.2,59.88
104778,2023-11-18,Office Chair,Furniture,Central,In-Store,1,163.07,0.0,163.07
104779,2023-11-18,Fountain Pen,Stationery,South,In-Store,1,17.49,0.1,17.49
104781,2023-11-18,Mechanical Keyboard,Electronics,West,Online,1,66.32,0.0,66.32
104782,2023-11-18,Fountain Pen,Stationery,South,In-Store,1,20.8,0.0,20.8
104771,2023-11-18,Resistance Bands,Fitness,North,In-Store,1,14.48,0.0,14.48
104777,2023-11-18,Dumbbell Set,Fitness,West,Online,1,80.19,0.1,80.19
104770,2023-11-18,Bookshelf,Furniture,North,Online,1,121.89,0.0,121.89
104757,2023-11-18,Bookshelf,Furniture,South,Online,2,121.34,0.0,242.68
104768,2023-11-18,Office Chair,Furniture,East,In-Store,1,144.77,0.0,144.77
104756,2023-11-18,Noise-Cancel Headphones,Electronics,West,In-Store,1,129.97,0.0,129.97
104758,2023-11-18,Wireless Mouse,Electronics,South,Online,1,19.68,0.0,19.68
104759,2023-11-18,Wireless Mouse,Electronics,West,In-Store,1,17.27,0.1,17.27
104760,2023-11-18,USB-C Hub,Electronics,West,In-Store,2,29.17,0.0,58.34
104761,2023-11-18,Running Shoes,Fitness,Central,In-Store,2,73.58,0.0,147.16
104769,2023-11-18,Yoga Mat,Fitness,West,In-Store,1,21.22,0.0,21.22
104763,2023-11-18,Standing Desk,Furniture,South,In-Store,1,304.63,0.0,304.63
104764,2023-11-18,USB-C Hub,Electronics,Central,Online,2,30.58,0.0,61.16
104765,2023-11-18,USB-C Hub,Electronics,North,In-Store,1,30.58,0.0,30.58
104766,2023-11-18,Dumbbell Set,Fitness,East,In-Store,2,86.79,0.0,173.58
104767,2023-11-18,Resistance Bands,Fitness,North,Online,1,14.62,0.0,14.62
104762,2023-11-18,USB-C Hub,Electronics,North,In-Store,2,30.52,0.0,61.04
104799,2023-11-19,Running Shoes,Fitness,South,Online,1,71.31,0.0,71.31
104800,2023-11-19,Noise-Cancel Headphones,Electronics,West,Online,4,119.59,0.0,478.36
104801,2023-11-19,Office Chair,Furniture,West,In-Store,1,152.84,0.0,152.84
104802,2023-11-19,Running Shoes,Fitness,East,In-Store,2,72.56,0.0,145.12
104803,2023-11-19,Planner,Stationery,South,In-Store,4,15.23,0.0,60.92
104806,2023-11-19,Water Bottle,Fitness,East,Online,2,13.92,0.0,27.84
104805,2023-11-19,Resistance Bands,Fitness,South,Online,1,15.35,0.0,15.35
104807,2023-11-19,Noise-Cancel Headphones,Electronics,West,Online,1,133.08,0.0,133.08
104808,2023-11-19,Standing Desk,Furniture,Central,Online,1,248.96,0.15,248.96
104798,2023-11-19,Planner,Stationery,South,Online,2,15.87,0.0,31.74
104804,2023-11-19,Mechanical Keyboard,Electronics,Central,Online,2,68.6,0.0,137.2
104797,2023-11-19,Desk Lamp,Furniture,North,In-Store,1,20.51,0.15,20.51
104796,2023-11-19,Water Bottle,Fitness,South,Online,1,12.59,0.0,12.59
104795,2023-11-19,Dumbbell Set,Fitness,South,Online,2,85.86,0.0,171.72
104784,2023-11-19,Dumbbell Set,Fitness,West,In-Store,1,74.94,0.15,74.94
104785,2023-11-19,Standing Desk,Furniture,West,In-Store,2,314.66,0.0,629.32
104786,2023-11-19,Standing Desk,Furniture,East,In-Store,2,240.35,0.2,480.7
104787,2023-11-19,USB-C Hub,Electronics,North,Online,2,29.55,0.0,59.1
104788,2023-11-19,Yoga Mat,Fitness,West,In-Store,1,19.38,0.15,19.38
104783,2023-11-19,Yoga Mat,Fitness,Central,Online,1,21.83,0.0,21.83
104790,2023-11-19,Office Chair,Furniture,South,In-Store,2,152.15,0.0,304.3
104791,2023-11-19,Running Shoes,Fitness,East,Online,1,75.04,0.0,75.04
104792,2023-11-19,Resistance Bands,Fitness,South,Online,2,14.68,0.0,29.36
104793,2023-11-19,Resistance Bands,Fitness,North,Online,2,14.53,0.0,29.06
104794,2023-11-19,Planner,Stationery,West,Online,1,14.62,0.1,14.62
104789,2023-11-19,Mechanical Keyboard,Electronics,South,Online,1,55.06,0.15,55.06
104825,2023-11-20,Water Bottle,Fitness,East,In-Store,1,12.81,0.0,12.81
104826,2023-11-20,Bookshelf,Furniture,South,Online,1,121.01,0.0,121.01
104827,2023-11-20,Water Bottle,Fitness,East,Online,1,12.42,0.0,12.42
104828,2023-11-20,USB-C Hub,Electronics,North,Online,1,30.1,0.0,30.1
104829,2023-11-20,Wireless Mouse,Electronics,South,Online,3,18.15,0.0,54.45
104832,2023-11-20,Yoga Mat,Fitness,West,Online,1,20.96,0.0,20.96
104831,2023-11-20,Dumbbell Set,Fitness,East,Online,1,72.49,0.2,72.49
104833,2023-11-20,Notebook Set,Stationery,West,Online,1,8.46,0.1,8.46
104834,2023-11-20,USB-C Hub,Electronics,East,Online,2,29.33,0.0,58.66
104824,2023-11-20,Bluetooth Speaker,Electronics,East,Online,1,45.66,0.0,45.66
104830,2023-11-20,Wireless Mouse,Electronics,Central,Online,2,18.15,0.0,36.3
104823,2023-11-20,Fountain Pen,Stationery,Central,Online,3,20.2,0.0,60.6
104815,2023-11-20,Running Shoes,Fitness,North,Online,2,75.29,0.0,150.58
104821,2023-11-20,Bluetooth Speaker,Electronics,South,Online,1,45.76,0.0,45.76
104810,2023-11-20,Running Shoes,Fitness,East,Online,1,74.74,0.0,74.74
104811,2023-11-20,Noise-Cancel Headphones,Electronics,South,Online,1,128.7,0.0,128.7
104822,2023-11-20,Desk Lamp,Furniture,West,Online,4,25.92,0.0,103.68
104813,2023-11-20,Dumbbell Set,Fitness,West,Online,1,90.77,0.0,90.77
104814,2023-11-20,Office Chair,Furniture,Central,Online,1,144.88,0.0,144.88
104812,2023-11-20,Mechanical Keyboard,Electronics,East,In-Store,1,63.77,0.0,63.77
104816,2023-11-20,Planner,Stationery,East,Online,2,13.79,0.15,27.58
104817,2023-11-20,Planner,Stationery,West,In-Store,1,16.19,0.0,16.19
104818,2023-11-20,Wireless Mouse,Electronics,East,Online,2,19.42,0.0,38.84
104819,2023-11-20,Desk Lamp,Furniture,North,Online,2,21.21,0.15,42.42
104820,2023-11-20,Bluetooth Speaker,Electronics,Central,Online,3,45.76,0.0,137.28
104809,2023-11-20,Desk Lamp,Furniture,East,In-Store,1,23.95,0.0,23.95
104849,2023-11-21,Resistance Bands,Fitness,Central,In-Store,2,14.47,0.0,28.94
104848,2023-11-21,USB-C Hub,Electronics,West,In-Store,1,29.32,0.0,29.32
104847,2023-11-21,Fountain Pen,Stationery,South,In-Store,1,20.69,0.0,20.69
104846,2023-11-21,Bluetooth Speaker,Electronics,Central,Online,1,45.9,0.0,45.9
104845,2023-11-21,Notebook Set,Stationery,South,Online,1,8.33,0.1,8.33
104844,2023-11-21,Planner,Stationery,Central,Online,1,16.86,0.0,16.86
104843,2023-11-21,Mechanical Keyboard,Electronics,Central,In-Store,1,65.01,0.0,65.01
104841,2023-11-21,Bookshelf,Furniture,South,Online,1,120.86,0.0,120.86
104840,2023-11-21,Wireless Mouse,Electronics,West,Online,1,18.37,0.0,18.37
104839,2023-11-21,Wireless Mouse,Electronics,North,In-Store,1,18.37,0.0,18.37
104838,2023-11-21,Mechanical Keyboard,Electronics,South,Online,2,71.62,0.0,143.24
104837,2023-11-21,Noise-Cancel Headphones,Electronics,West,In-Store,2,120.65,0.0,241.3
104836,2023-11-21,Notebook Set,Stationery,North,In-Store,1,9.25,0.0,9.25
104835,2023-11-21,Mechanical Keyboard,Electronics,West,Online,2,65.1,0.0,130.2
104842,2023-11-21,Mechanical Keyboard,Electronics,South,Online,1,65.01,0.0,65.01
104863,2023-11-22,USB-C Hub,Electronics,North,In-Store,1,30.37,0.0,30.37
104865,2023-11-22,Dumbbell Set,Fitness,East,Online,1,84.68,0.0,84.68
104866,2023-11-22,Running Shoes,Fitness,East,Online,1,77.42,0.0,77.42
104867,2023-11-22,Water Bottle,Fitness,East,Online,1,12.48,0.0,12.48
104870,2023-11-22,Bookshelf,Furniture,North,Online,1,124.27,0.0,124.27
104869,2023-11-22,Desk Lamp,Furniture,Central,In-Store,1,24.73,0.0,24.73
104871,2023-11-22,USB-C Hub,Electronics,North,In-Store,1,25.14,0.2,25.14
104862,2023-11-22,Running Shoes,Fitness,West,Online,1,78.82,0.0,78.82
104868,2023-11-22,Resistance Bands,Fitness,North,Online,2,15.0,0.0,30.0
104861,2023-11-22,Bookshelf,Furniture,West,Online,4,115.68,0.0,462.72
104864,2023-11-22,Office Chair,Furniture,South,In-Store,1,145.85,0.0,145.85
104859,2023-11-22,Office Chair,Furniture,South,In-Store,1,117.29,0.2,117.29
104851,2023-11-22,Running Shoes,Fitness,Central,Online,1,74.72,0.0,74.72
104852,2023-11-22,Desk Lamp,Furniture,East,Online,1,24.59,0.0,24.59
104853,2023-11-22,Fountain Pen,Stationery,Central,Online,1,19.99,0.0,19.99
104854,2023-11-22,Yoga Mat,Fitness,South,Online,4,23.17,0.0,92.68
104860,2023-11-22,Yoga Mat,Fitness,North,In-Store,1,22.28,0.0,22.28
104856,2023-11-22,Office Chair,Furniture,South,Online,1,154.22,0.0,154.22
104857,2023-11-22,Water Bottle,Fitness,West,Online,1,10.72,0.2,10.72
104850,2023-11-22,Fountain Pen,Stationery,East,In-Store,3,19.72,0.0,59.16
104858,2023-11-22,USB-C Hub,Electronics,East,Online,1,30.73,0.0,30.73
104855,2023-11-22,Bluetooth Speaker,Electronics,West,Online,1,45.84,0.0,45.84
104897,2023-11-23,Noise-Cancel Headphones,Electronics,West,Online,2,129.58,0.0,259.16
104896,2023-11-23,Standing Desk,Furniture,East,In-Store,2,295.55,0.0,591.1
104895,2023-11-23,Standing Desk,Furniture,South,Online,1,287.19,0.0,287.19
104894,2023-11-23,Mechanical Keyboard,Electronics,West,In-Store,2,65.76,0.0,131.52
104893,2023-11-23,Mechanical Keyboard,Electronics,North,In-Store,2,65.76,0.0,131.52
104892,2023-11-23,Noise-Cancel Headphones,Electronics,Central,Online,1,138.26,0.0,138.26
104891,2023-11-23,Noise-Cancel Headphones,Electronics,East,In-Store,1,138.26,0.0,138.26
104890,2023-11-23,Noise-Cancel Headphones,Electronics,East,Online,2,125.1,0.0,250.2
104889,2023-11-23,Noise-Cancel Headphones,Electronics,Central,Online,1,125.1,0.0,125.1
104887,2023-11-23,Running Shoes,Fitness,North,In-Store,1,74.63,0.0,74.63
104886,2023-11-23,Planner,Stationery,South,Online,1,12.85,0.2,12.85
104888,2023-11-23,Desk Lamp,Furniture,East,Online,1,24.22,0.0,24.22
104872,2023-11-23,Bookshelf,Furniture,Central,Online,1,117.72,0.0,117.72
104884,2023-11-23,Planner,Stationery,East,In-Store,2,15.84,0.0,31.68
104873,2023-11-23,Wireless Mouse,Electronics,North,In-Store,1,19.15,0.0,19.15
104874,2023-11-23,Standing Desk,Furniture,North,Online,1,284.13,0.0,284.13
104875,2023-11-23,Yoga Mat,Fitness,Central,In-Store,1,18.62,0.15,18.62
104876,2023-11-23,Planner,Stationery,South,Online,1,16.22,0.0,16.22
104877,2023-11-23,Bluetooth Speaker,Electronics,Central,In-Store,2,46.85,0.0,93.7
104885,2023-11-23,Bookshelf,Furniture,South,In-Store,1,123.95,0.0,123.95
104879,2023-11-23,Running Shoes,Fitness,South,In-Store,1,67.13,0.0,67.13
104880,2023-11-23,Yoga Mat,Fitness,North,Online,3,21.31,0.0,63.93
104881,2023-11-23,Standing Desk,Furniture,West,In-Store,1,302.83,0.0,302.83
104882,2023-11-23,Desk Lamp,Furniture,North,In-Store,1,25.36,0.0,25.36
104883,2023-11-23,Mechanical Keyboard,Electronics,North,Online,1,64.71,0.0,64.71
104878,2023-11-23,Bluetooth Speaker,Electronics,West,Online,1,43.46,0.0,43.46
104912,2023-11-24,Resistance Bands,Fitness,East,Online,1,14.64,0.0,14.64
104913,2023-11-24,USB-C Hub,Electronics,West,In-Store,1,27.54,0.1,27.54
104914,2023-11-24,USB-C Hub,Electronics,North,In-Store,1,27.54,0.1,27.54
104915,2023-11-24,Fountain Pen,Stationery,West,In-Store,1,17.45,0.1,17.45
104918,2023-11-24,Mechanical Keyboard,Electronics,Central,Online,1,63.9,0.0,63.9
104917,2023-11-24,Bookshelf,Furniture,East,In-Store,1,106.05,0.15,106.05
104919,2023-11-24,Notebook Set,Stationery,North,Online,1,8.61,0.0,8.61
104920,2023-11-24,Fountain Pen,Stationery,West,Online,1,19.99,0.0,19.99
104921,2023-11-24,Bookshelf,Furniture,Central,Online,1,123.83,0.0,123.83
104916,2023-11-24,Notebook Set,Stationery,North,In-Store,1,8.9,0.0,8.9
104911,2023-11-24,Dumbbell Set,Fitness,East,In-Store,1,87.93,0.0,87.93
104909,2023-11-24,Running Shoes,Fitness,South,In-Store,1,76.56,0.0,76.56
104908,2023-11-24,USB-C Hub,Electronics,West,Online,2,28.75,0.0,57.5
104910,2023-11-24,Yoga Mat,Fitness,North,In-Store,2,20.01,0.1,40.02
104899,2023-11-24,Mechanical Keyboard,Electronics,North,Online,1,51.84,0.2,51.84
104900,2023-11-24,Mechanical Keyboard,Electronics,West,In-Store,1,64.78,0.0,64.78
104901,2023-11-24,Mechanical Keyboard,Electronics,West,Online,1,64.78,0.0,64.78
104902,2023-11-24,Desk Lamp,Furniture,Central,Online,1,23.14,0.1,23.14
104898,2023-11-24,Mechanical Keyboard,Electronics,West,Online,2,51.84,0.2,103.68
104904,2023-11-24,Office Chair,Furniture,South,Online,1,132.99,0.1,132.99
104905,2023-11-24,Standing Desk,Furniture,North,In-Store,1,294.41,0.0,294.41
104906,2023-11-24,Wireless Mouse,Electronics,Central,Online,2,18.88,0.0,37.76
104907,2023-11-24,Wireless Mouse,Electronics,North,In-Store,1,16.51,0.15,16.51
104903,2023-11-24,Running Shoes,Fitness,West,Online,1,75.4,0.0,75.4
104943,2023-11-25,Bluetooth Speaker,Electronics,North,Online,2,40.2,0.1,80.4
104942,2023-11-25,Bluetooth Speaker,Electronics,North,Online,1,40.2,0.1,40.2
104941,2023-11-25,Standing Desk,Furniture,North,Online,2,253.32,0.15,506.64
104940,2023-11-25,Notebook Set,Stationery,South,Online,1,8.96,0.0,8.96
104939,2023-11-25,Fountain Pen,Stationery,West,Online,3,18.64,0.0,55.92
104938,2023-11-25,Planner,Stationery,North,In-Store,1,12.51,0.15,12.51
104937,2023-11-25,Planner,Stationery,Central,In-Store,1,15.57,0.0,15.57
104936,2023-11-25,Bluetooth Speaker,Electronics,Central,Online,2,41.4,0.1,82.8
104935,2023-11-25,Yoga Mat,Fitness,East,In-Store,1,22.55,0.0,22.55
104933,2023-11-25,Planner,Stationery,South,In-Store,2,15.43,0.0,30.86
104934,2023-11-25,Standing Desk,Furniture,East,Online,1,278.77,0.0,278.77
104931,2023-11-25,Notebook Set,Stationery,East,In-Store,1,8.12,0.1,8.12
104930,2023-11-25,Desk Lamp,Furniture,South,Online,1,18.99,0.2,18.99
104929,2023-11-25,Planner,Stationery,West,Online,1,16.16,0.0,16.16
104928,2023-11-25,Dumbbell Set,Fitness,Central,Online,2,87.86,0.0,175.72
104927,2023-11-25,Bookshelf,Furniture,West,Online,2,120.35,0.0,240.7
104926,2023-11-25,Desk Lamp,Furniture,Central,In-Store,2,26.0,0.0,52.0
104925,2023-11-25,Yoga Mat,Fitness,East,In-Store,1,22.56,0.0,22.56
104924,2023-11-25,Water Bottle,Fitness,Central,Online,2,13.29,0.0,26.58
104923,2023-11-25,Wireless Mouse,Electronics,East,In-Store,1,18.69,0.0,18.69
104922,2023-11-25,Running Shoes,Fitness,East,In-Store,1,69.55,0.0,69.55
104932,2023-11-25,Planner,Stationery,South,In-Store,1,15.94,0.0,15.94
104961,2023-11-26,Notebook Set,Stationery,West,In-Store,1,6.68,0.2,6.68
104962,2023-11-26,Resistance Bands,Fitness,South,Online,1,14.62,0.0,14.62
104963,2023-11-26,Running Shoes,Fitness,South,In-Store,1,56.71,0.2,56.71
104964,2023-11-26,Mechanical Keyboard,Electronics,East,Online,2,64.53,0.0,129.06
104960,2023-11-26,Notebook Set,Stationery,East,Online,1,8.33,0.1,8.33
104970,2023-11-26,Desk Lamp,Furniture,South,Online,1,25.29,0.0,25.29
104966,2023-11-26,Yoga Mat,Fitness,West,In-Store,1,21.93,0.0,21.93
104967,2023-11-26,Wireless Mouse,Electronics,South,Online,2,18.61,0.0,37.22
104968,2023-11-26,Wireless Mouse,Electronics,West,Online,1,18.61,0.0,18.61
104969,2023-11-26,Notebook Set,Stationery,South,Online,1,7.75,0.1,7.75
104971,2023-11-26,Yoga Mat,Fitness,West,In-Store,1,22.34,0.0,22.34
104965,2023-11-26,Bookshelf,Furniture,Central,Online,2,119.51,0.0,239.02
104959,2023-11-26,Office Chair,Furniture,Central,Online,2,148.7,0.0,297.4
104951,2023-11-26,Notebook Set,Stationery,Central,Online,1,8.95,0.0,8.95
104957,2023-11-26,Fountain Pen,Stationery,East,In-Store,3,19.29,0.0,57.87
104958,2023-11-26,Bookshelf,Furniture,North,Online,1,120.17,0.0,120.17
104944,2023-11-26,Noise-Cancel Headphones,Electronics,Central,Online,1,131.06,0.0,131.06
104945,2023-11-26,Noise-Cancel Headphones,Electronics,South,Online,2,131.06,0.0,262.12
104947,2023-11-26,USB-C Hub,Electronics,South,Online,2,30.0,0.0,60.0
104948,2023-11-26,Fountain Pen,Stationery,Central,Online,1,20.29,0.0,20.29
104949,2023-11-26,Water Bottle,Fitness,North,Online,1,13.31,0.0,13.31
104946,2023-11-26,Bookshelf,Furniture,East,In-Store,2,125.48,0.0,250.96
104952,2023-11-26,Bluetooth Speaker,Electronics,Central,Online,1,46.3,0.0,46.3
104953,2023-11-26,Bluetooth Speaker,Electronics,Central,In-Store,1,46.3,0.0,46.3
104954,2023-11-26,Yoga Mat,Fitness,West,Online,2,22.4,0.0,44.8
104955,2023-11-26,Yoga Mat,Fitness,South,Online,2,22.02,0.0,44.04
104956,2023-11-26,Standing Desk,Furniture,West,In-Store,2,297.61,0.0,595.22
104950,2023-11-26,Planner,Stationery,South,Online,1,15.3,0.0,15.3
104984,2023-11-27,Office Chair,Furniture,Central,Online,1,147.6,0.0,147.6
104990,2023-11-27,Running Shoes,Fitness,North,Online,2,58.02,0.2,116.04
104989,2023-11-27,Wireless Mouse,Electronics,East,In-Store,2,19.59,0.0,39.18
104988,2023-11-27,Wireless Mouse,Electronics,East,Online,2,19.59,0.0,39.18
104987,2023-11-27,Mechanical Keyboard,Electronics,North,Online,1,63.66,0.0,63.66
104986,2023-11-27,Mechanical Keyboard,Electronics,West,Online,1,63.66,0.0,63.66
104985,2023-11-27,Resistance Bands,Fitness,West,In-Store,1,14.72,0.0,14.72
104983,2023-11-27,Dumbbell Set,Fitness,East,Online,2,90.75,0.0,181.5
104982,2023-11-27,Bookshelf,Furniture,North,In-Store,1,113.12,0.0,113.12
104980,2023-11-27,Running Shoes,Fitness,South,Online,1,76.09,0.0,76.09
104979,2023-11-27,Planner,Stationery,North,Online,1,16.15,0.0,16.15
104978,2023-11-27,Water Bottle,Fitness,Central,In-Store,1,10.91,0.2,10.91
104977,2023-11-27,Office Chair,Furniture,West,In-Store,1,162.03,0.0,162.03
104976,2023-11-27,USB-C Hub,Electronics,East,Online,2,30.35,0.0,60.7
104975,2023-11-27,USB-C Hub,Electronics,South,Online,1,30.35,0.0,30.35
104974,2023-11-27,Mechanical Keyboard,Electronics,West,Online,1,67.18,0.0,67.18
104973,2023-11-27,USB-C Hub,Electronics,South,Online,1,29.75,0.0,29.75
104972,2023-11-27,USB-C Hub,Electronics,Central,In-Store,1,29.75,0.0,29.75
104981,2023-11-27,Noise-Cancel Headphones,Electronics,East,Online,2,114.3,0.1,228.6
105008,2023-11-28,Office Chair,Furniture,East,In-Store,1,148.01,0.0,148.01
105009,2023-11-28,Yoga Mat,Fitness,West,Online,1,22.29,0.0,22.29
105010,2023-11-28,Planner,Stationery,West,Online,2,16.24,0.0,32.48
105011,2023-11-28,Desk Lamp,Furniture,South,Online,1,25.49,0.0,25.49
105012,2023-11-28,USB-C Hub,Electronics,North,Online,1,30.09,0.0,30.09
105013,2023-11-28,USB-C Hub,Electronics,South,In-Store,1,30.09,0.0,30.09
105019,2023-11-28,USB-C Hub,Electronics,Central,In-Store,1,25.02,0.15,25.02
105015,2023-11-28,USB-C Hub,Electronics,East,In-Store,1,27.95,0.0,27.95
105016,2023-11-28,Bookshelf,Furniture,South,Online,1,121.18,0.0,121.18
105017,2023-11-28,Notebook Set,Stationery,South,Online,1,7.79,0.15,7.79
105018,2023-11-28,USB-C Hub,Electronics,North,Online,3,25.02,0.15,75.06
105020,2023-11-28,Fountain Pen,Stationery,South,In-Store,2,17.33,0.15,34.66
105014,2023-11-28,Planner,Stationery,East,Online,1,15.54,0.0,15.54
105007,2023-11-28,Bluetooth Speaker,Electronics,North,Online,1,46.86,0.0,46.86
105005,2023-11-28,Wireless Mouse,Electronics,North,Online,1,19.26,0.0,19.26
104993,2023-11-28,Mechanical Keyboard,Electronics,North,Online,1,61.5,0.0,61.5
105006,2023-11-28,Yoga Mat,Fitness,South,In-Store,2,22.22,0.0,44.44
104992,2023-11-28,Mechanical Keyboard,Electronics,South,Online,1,61.5,0.0,61.5
104994,2023-11-28,Wireless Mouse,Electronics,South,In-Store,1,19.49,0.0,19.49
104995,2023-11-28,Wireless Mouse,Electronics,North,In-Store,2,19.49,0.0,38.98
104996,2023-11-28,Yoga Mat,Fitness,North,Online,1,22.15,0.0,22.15
104998,2023-11-28,Bluetooth Speaker,Electronics,Central,In-Store,1,46.2,0.0,46.2
104997,2023-11-28,Bluetooth Speaker,Electronics,East,Online,1,43.58,0.0,43.58
105000,2023-11-28,Bluetooth Speaker,Electronics,West,Online,1,47.64,0.0,47.64
105001,2023-11-28,Bluetooth Speaker,Electronics,West,In-Store,2,47.64,0.0,95.28
105002,2023-11-28,Mechanical Keyboard,Electronics,North,In-Store,1,62.84,0.0,62.84
105003,2023-11-28,Mechanical Keyboard,Electronics,Central,Online,1,62.84,0.0,62.84
105004,2023-11-28,Planner,Stationery,East,Online,1,16.48,0.0,16.48
104999,2023-11-28,Fountain Pen,Stationery,Central,Online,1,19.44,0.0,19.44
104991,2023-11-28,Noise-Cancel Headphones,Electronics,Central,Online,1,129.93,0.0,129.93
105037,2023-11-29,Office Chair,Furniture,South,Online,1,144.87,0.0,144.87
105035,2023-11-29,Yoga Mat,Fitness,West,Online,1,20.05,0.0,20.05
105036,2023-11-29,Notebook Set,Stationery,West,In-Store,1,7.85,0.1,7.85
105029,2023-11-29,Bookshelf,Furniture,South,Online,1,119.21,0.0,119.21
105039,2023-11-29,Dumbbell Set,Fitness,South,In-Store,3,84.12,0.1,252.36
105040,2023-11-29,Notebook Set,Stationery,North,Online,1,6.97,0.2,6.97
105041,2023-11-29,Dumbbell Set,Fitness,South,Online,2,89.36,0.0,178.72
105042,2023-11-29,Office Chair,Furniture,East,Online,1,145.72,0.0,145.72
105034,2023-11-29,Standing Desk,Furniture,East,Online,1,292.96,0.0,292.96
105038,2023-11-29,Dumbbell Set,Fitness,East,Online,2,91.1,0.0,182.2
105033,2023-11-29,USB-C Hub,Electronics,North,Online,1,29.86,0.0,29.86
105026,2023-11-29,Planner,Stationery,South,In-Store,1,16.63,0.0,16.63
105031,2023-11-29,Bluetooth Speaker,Electronics,North,Online,1,46.27,0.0,46.27
105030,2023-11-29,Planner,Stationery,West,In-Store,1,15.2,0.1,15.2
105028,2023-11-29,Noise-Cancel Headphones,Electronics,East,In-Store,1,133.36,0.0,133.36
105027,2023-11-29,Resistance Bands,Fitness,North,Online,1,14.53,0.0,14.53
105025,2023-11-29,Office Chair,Furniture,North,In-Store,2,153.51,0.0,307.02
105024,2023-11-29,Bluetooth Speaker,Electronics,North,Online,1,43.74,0.0,43.74
105023,2023-11-29,Dumbbell Set,Fitness,West,In-Store,1,91.11,0.0,91.11
105022,2023-11-29,Water Bottle,Fitness,North,In-Store,2,13.94,0.0,27.88
105021,2023-11-29,Office Chair,Furniture,South,Online,1,118.25,0.2,118.25
105032,2023-11-29,USB-C Hub,Electronics,East,Online,1,29.86,0.0,29.86
105055,2023-11-30,Desk Lamp,Furniture,North,Online,1,23.86,0.0,23.86
105056,2023-11-30,Fountain Pen,Stationery,East,Online,2,19.61,0.0,39.22
105057,2023-11-30,Dumbbell Set,Fitness,North,Online,1,91.14,0.0,91.14
105054,2023-11-30,Bluetooth Speaker,Electronics,West,Online,1,36.59,0.15,36.59
105059,2023-11-30,Notebook Set,Stationery,North,In-Store,1,8.93,0.0,8.93
105060,2023-11-30,Mechanical Keyboard,Electronics,Central,Online,1,63.7,0.0,63.7
105061,2023-11-30,Planner,Stationery,East,In-Store,4,16.02,0.0,64.08
105058,2023-11-30,Dumbbell Set,Fitness,South,In-Store,1,88.27,0.0,88.27
105053,2023-11-30,Bluetooth Speaker,Electronics,South,Online,1,36.59,0.15,36.59
105045,2023-11-30,Wireless Mouse,Electronics,West,Online,1,19.45,0.0,19.45
105051,2023-11-30,Bookshelf,Furniture,East,Online,2,121.95,0.0,243.9
105050,2023-11-30,Desk Lamp,Furniture,West,In-Store,2,24.9,0.0,49.8
105049,2023-11-30,Desk Lamp,Furniture,South,Online,4,25.81,0.0,103.24
105048,2023-11-30,Planner,Stationery,Central,Online,1,13.81,0.1,13.81
105047,2023-11-30,Resistance Bands,Fitness,Central,Online,2,14.24,0.0,28.48
105046,2023-11-30,Bluetooth Speaker,Electronics,East,Online,2,47.46,0.0,94.92
105044,2023-11-30,Wireless Mouse,Electronics,East,In-Store,1,18.53,0.0,18.53
105043,2023-11-30,Yoga Mat,Fitness,West,Online,1,22.55,0.0,22.55
105052,2023-11-30,Planner,Stationery,South,Online,1,15.33,0.0,15.33
105080,2023-12-01,Notebook Set,Stationery,West,Online,1,8.8,0.0,8.8
105081,2023-12-01,Mechanical Keyboard,Electronics,Central,Online,1,60.49,0.1,60.49
105082,2023-12-01,Mechanical Keyboard,Electronics,South,In-Store,1,60.49,0.1,60.49
105083,2023-12-01,Yoga Mat,Fitness,North,In-Store,2,22.21,0.0,44.42
105084,2023-12-01,Wireless Mouse,Electronics,West,Online,1,18.7,0.0,18.7
105085,2023-12-01,Wireless Mouse,Electronics,South,Online,2,18.7,0.0,37.4
105089,2023-12-01,Bluetooth Speaker,Electronics,North,Online,1,45.22,0.0,45.22
105087,2023-12-01,Running Shoes,Fitness,East,Online,1,72.68,0.0,72.68
105088,2023-12-01,Yoga Mat,Fitness,South,Online,1,19.06,0.1,19.06
105078,2023-12-01,Wireless Mouse,Electronics,South,In-Store,1,16.85,0.1,16.85
105090,2023-12-01,Bluetooth Speaker,Electronics,West,In-Store,1,45.22,0.0,45.22
105091,2023-12-01,Office Chair,Furniture,North,Online,1,157.78,0.0,157.78
105086,2023-12-01,Desk Lamp,Furniture,South,In-Store,1,24.44,0.0,24.44
105077,2023-12-01,Wireless Mouse,Electronics,West,In-Store,1,16.85,0.1,16.85
105079,2023-12-01,Resistance Bands,Fitness,West,In-Store,1,15.33,0.0,15.33
105075,2023-12-01,Office Chair,Furniture,Central,Online,1,150.69,0.0,150.69
105062,2023-12-01,Resistance Bands,Fitness,East,Online,2,13.87,0.0,27.74
105076,2023-12-01,USB-C Hub,Electronics,South,In-Store,1,30.02,0.0,30.02
105064,2023-12-01,Fountain Pen,Stationery,North,In-Store,1,19.48,0.0,19.48
105065,2023-12-01,Notebook Set,Stationery,South,Online,2,9.51,0.0,19.02
105066,2023-12-01,Office Chair,Furniture,North,Online,1,131.12,0.1,131.12
105067,2023-12-01,Fountain Pen,Stationery,North,Online,1,18.49,0.1,18.49
105068,2023-12-01,Bluetooth Speaker,Electronics,Central,In-Store,2,38.83,0.15,77.66
105063,2023-12-01,Standing Desk,Furniture,West,Online,2,313.89,0.0,627.78
105070,2023-12-01,Desk Lamp,Furniture,North,Online,1,25.95,0.0,25.95
105071,2023-12-01,Notebook Set,Stationery,West,In-Store,1,8.69,0.0,8.69
105072,2023-12-01,Mechanical Keyboard,Electronics,Central,Online,2,57.84,0.1,115.68
105073,2023-12-01,Mechanical Keyboard,Electronics,West,In-Store,2,57.84,0.1,115.68
105074,2023-12-01,Yoga Mat,Fitness,Central,In-Store,1,21.33,0.0,21.33
105069,2023-12-01,Running Shoes,Fitness,North,Online,1,77.43,0.0,77.43
105108,2023-12-02,Planner,Stationery,North,In-Store,1,16.68,0.0,16.68
105109,2023-12-02,Desk Lamp,Furniture,North,Online,1,25.33,0.0,25.33
105110,2023-12-02,Bluetooth Speaker,Electronics,West,Online,1,36.61,0.2,36.61
105111,2023-12-02,Bluetooth Speaker,Electronics,East,Online,2,36.61,0.2,73.22
105112,2023-12-02,Noise-Cancel Headphones,Electronics,South,In-Store,1,129.41,0.0,129.41
105115,2023-12-02,Desk Lamp,Furniture,East,Online,1,24.69,0.0,24.69
105114,2023-12-02,Resistance Bands,Fitness,Central,Online,1,14.18,0.0,14.18
105116,2023-12-02,Desk Lamp,Furniture,North,Online,1,26.66,0.0,26.66
105117,2023-12-02,Dumbbell Set,Fitness,North,In-Store,1,91.46,0.0,91.46
105107,2023-12-02,Dumbbell Set,Fitness,East,In-Store,1,87.68,0.0,87.68
105118,2023-12-02,USB-C Hub,Electronics,South,Online,1,30.21,0.0,30.21
105113,2023-12-02,Noise-Cancel Headphones,Electronics,East,Online,2,129.41,0.0,258.82
105106,2023-12-02,Noise-Cancel Headphones,Electronics,Central,Online,4,126.25,0.0,505.0
105093,2023-12-02,Mechanical Keyboard,Electronics,West,Online,2,64.04,0.0,128.08
105104,2023-12-02,Running Shoes,Fitness,South,Online,2,76.05,0.0,152.1
105105,2023-12-02,Bluetooth Speaker,Electronics,East,Online,3,38.15,0.15,114.45
105092,2023-12-02,Mechanical Keyboard,Electronics,North,In-Store,2,64.04,0.0,128.08
105094,2023-12-02,Office Chair,Furniture,South,Online,3,152.83,0.0,458.49
105095,2023-12-02,Bookshelf,Furniture,South,Online,1,118.46,0.0,118.46
105097,2023-12-02,Office Chair,Furniture,West,Online,1,145.14,0.0,145.14
105096,2023-12-02,Resistance Bands,Fitness,South,In-Store,1,14.57,0.0,14.57
105099,2023-12-02,Office Chair,Furniture,North,In-Store,1,146.04,0.0,146.04
105100,2023-12-02,Water Bottle,Fitness,South,In-Store,2,12.68,0.0,25.36
105101,2023-12-02,Planner,Stationery,Central,Online,1,15.48,0.0,15.48
105102,2023-12-02,Bookshelf,Furniture,West,Online,2,110.43,0.1,220.86
105103,2023-12-02,Office Chair,Furniture,East,Online,2,130.69,0.15,261.38
105098,2023-12-02,Planner,Stationery,West,In-Store,1,16.66,0.0,16.66
105138,2023-12-03,Wireless Mouse,Electronics,Central,In-Store,3,14.87,0.15,44.61
105135,2023-12-03,Standing Desk,Furniture,North,Online,1,282.06,0.0,282.06
105136,2023-12-03,Resistance Bands,Fitness,Central,In-Store,2,14.51,0.0,29.02
105137,2023-12-03,Bluetooth Speaker,Electronics,West,Online,1,39.32,0.1,39.32
105139,2023-12-03,Standing Desk,Furniture,South,Online,1,240.52,0.15,240.52
105134,2023-12-03,Noise-Cancel Headphones,Electronics,West,Online,1,130.79,0.0,130.79
105141,2023-12-03,Mechanical Keyboard,Electronics,Central,Online,1,61.27,0.0,61.27
105142,2023-12-03,Mechanical Keyboard,Electronics,East,Online,1,61.27,0.0,61.27
105143,2023-12-03,Standing Desk,Furniture,North,Online,1,301.24,0.0,301.24
105144,2023-12-03,Wireless Mouse,Electronics,South,In-Store,1,18.6,0.0,18.6
105145,2023-12-03,Wireless Mouse,Electronics,Central,Online,1,18.6,0.0,18.6
105140,2023-12-03,Standing Desk,Furniture,South,In-Store,1,286.27,0.0,286.27
105133,2023-12-03,Noise-Cancel Headphones,Electronics,Central,Online,2,130.79,0.0,261.58
105119,2023-12-03,Standing Desk,Furniture,South,In-Store,3,318.22,0.0,954.66
105131,2023-12-03,Noise-Cancel Headphones,Electronics,West,Online,1,128.2,0.0,128.2
105120,2023-12-03,Standing Desk,Furniture,West,Online,2,288.2,0.0,576.4
105121,2023-12-03,Resistance Bands,Fitness,West,Online,1,14.36,0.0,14.36
105122,2023-12-03,Desk Lamp,Furniture,North,Online,1,21.45,0.1,21.45
105123,2023-12-03,Notebook Set,Stationery,North,Online,1,7.82,0.1,7.82
105124,2023-12-03,Office Chair,Furniture,East,Online,1,149.32,0.0,149.32
105132,2023-12-03,Noise-Cancel Headphones,Electronics,East,Online,1,128.2,0.0,128.2
105126,2023-12-03,Dumbbell Set,Fitness,East,Online,1,90.17,0.0,90.17
105127,2023-12-03,USB-C Hub,Electronics,South,In-Store,1,30.49,0.0,30.49
105128,2023-12-03,USB-C Hub,Electronics,Central,Online,1,30.49,0.0,30.49
105129,2023-12-03,Desk Lamp,Furniture,North,Online,2,25.5,0.0,51.0
105130,2023-12-03,Desk Lamp,Furniture,Central,Online,2,26.48,0.0,52.96
105125,2023-12-03,Fountain Pen,Stationery,North,Online,2,20.18,0.0,40.36
105161,2023-12-04,Wireless Mouse,Electronics,North,Online,2,18.86,0.0,37.72
105163,2023-12-04,Bookshelf,Furniture,North,Online,1,118.73,0.0,118.73
105164,2023-12-04,Office Chair,Furniture,North,In-Store,1,158.26,0.0,158.26
105165,2023-12-04,Resistance Bands,Fitness,North,Online,1,12.99,0.1,12.99
105166,2023-12-04,Office Chair,Furniture,East,In-Store,1,144.67,0.0,144.67
105169,2023-12-04,Water Bottle,Fitness,East,In-Store,2,13.41,0.0,26.82
105168,2023-12-04,Resistance Bands,Fitness,South,In-Store,2,11.98,0.2,23.96
105170,2023-12-04,Noise-Cancel Headphones,Electronics,West,In-Store,1,133.89,0.0,133.89
105171,2023-12-04,Bluetooth Speaker,Electronics,South,In-Store,2,46.52,0.0,93.04
105160,2023-12-04,Wireless Mouse,Electronics,North,Online,1,18.86,0.0,18.86
105167,2023-12-04,Wireless Mouse,Electronics,Central,Online,1,17.11,0.1,17.11
105159,2023-12-04,Dumbbell Set,Fitness,West,Online,1,76.81,0.15,76.81
105162,2023-12-04,Standing Desk,Furniture,South,In-Store,1,289.37,0.0,289.37
105157,2023-12-04,Standing Desk,Furniture,South,In-Store,1,261.27,0.1,261.27
105158,2023-12-04,Resistance Bands,Fitness,West,In-Store,1,11.98,0.15,11.98
105146,2023-12-04,Mechanical Keyboard,Electronics,West,Online,1,64.59,0.0,64.59
105147,2023-12-04,Mechanical Keyboard,Electronics,South,Online,2,64.59,0.0,129.18
105149,2023-12-04,Fountain Pen,Stationery,South,In-Store,2,19.7,0.0,39.4
105150,2023-12-04,Notebook Set,Stationery,Central,Online,1,9.05,0.0,9.05
105151,2023-12-04,Bluetooth Speaker,Electronics,South,Online,1,44.68,0.0,44.68
105148,2023-12-04,Office Chair,Furniture,West,In-Store,2,127.57,0.15,255.14
105153,2023-12-04,Water Bottle,Fitness,South,Online,1,12.56,0.0,12.56
105154,2023-12-04,USB-C Hub,Electronics,South,In-Store,1,30.49,0.0,30.49
105155,2023-12-04,USB-C Hub,Electronics,East,Online,1,30.49,0.0,30.49
105156,2023-12-04,Desk Lamp,Furniture,North,Online,2,22.85,0.1,45.7
105152,2023-12-04,Bluetooth Speaker,Electronics,East,In-Store,1,44.68,0.0,44.68
105199,2023-12-05,Noise-Cancel Headphones,Electronics,West,In-Store,1,131.01,0.0,131.01
105193,2023-12-05,Planner,Stationery,East,Online,1,16.11,0.0,16.11
105194,2023-12-05,Mechanical Keyboard,Electronics,Central,Online,1,68.05,0.0,68.05
105195,2023-12-05,Fountain Pen,Stationery,North,Online,1,19.89,0.0,19.89
105196,2023-12-05,Office Chair,Furniture,East,Online,4,145.11,0.0,580.44
105197,2023-12-05,USB-C Hub,Electronics,East,Online,1,29.16,0.0,29.16
105198,2023-12-05,Noise-Cancel Headphones,Electronics,East,Online,1,131.01,0.0,131.01
105200,2023-12-05,Notebook Set,Stationery,West,Online,2,9.08,0.0,18.16
105206,2023-12-05,Wireless Mouse,Electronics,Central,Online,1,19.19,0.0,19.19
105202,2023-12-05,Desk Lamp,Furniture,East,In-Store,1,24.67,0.0,24.67
105203,2023-12-05,Yoga Mat,Fitness,North,Online,1,19.97,0.1,19.97
105204,2023-12-05,Desk Lamp,Furniture,Central,Online,2,26.01,0.0,52.02
105205,2023-12-05,Wireless Mouse,Electronics,North,In-Store,3,19.19,0.0,57.57
105207,2023-12-05,USB-C Hub,Electronics,North,Online,1,31.09,0.0,31.09
105208,2023-12-05,USB-C Hub,Electronics,West,Online,1,31.09,0.0,31.09
105192,2023-12-05,Running Shoes,Fitness,East,In-Store,1,77.14,0.0,77.14
105201,2023-12-05,Dumbbell Set,Fitness,South,Online,1,92.77,0.0,92.77
105191,2023-12-05,Mechanical Keyboard,Electronics,North,Online,1,68.05,0.0,68.05
105180,2023-12-05,Bookshelf,Furniture,West,In-Store,2,116.94,0.0,233.88
105189,2023-12-05,Wireless Mouse,Electronics,South,Online,1,19.77,0.0,19.77
105190,2023-12-05,Wireless Mouse,Electronics,East,Online,2,19.77,0.0,39.54
105173,2023-12-05,USB-C Hub,Electronics,West,Online,1,30.66,0.0,30.66
105174,2023-12-05,USB-C Hub,Electronics,West,In-Store,1,30.66,0.0,30.66
105175,2023-12-05,Wireless Mouse,Electronics,South,Online,1,19.53,0.0,19.53
105176,2023-12-05,Wireless Mouse,Electronics,North,Online,1,19.24,0.0,19.24
105177,2023-12-05,Wireless Mouse,Electronics,South,Online,2,19.24,0.0,38.48
105178,2023-12-05,Desk Lamp,Furniture,Central,Online,1,25.21,0.0,25.21
105179,2023-12-05,USB-C Hub,Electronics,East,In-Store,1,,0.15,25.7
105172,2023-12-05,Resistance Bands,Fitness,East,Online,1,14.9,0.0,14.9
105181,2023-12-05,Fountain Pen,Stationery,South,Online,2,19.16,0.0,38.32
105182,2023-12-05,Water Bottle,Fitness,North,In-Store,1,11.15,0.15,11.15
105183,2023-12-05,Wireless Mouse,Electronics,East,Online,3,19.87,0.0,59.61
105184,2023-12-05,Wireless Mouse,Electronics,East,In-Store,1,19.87,0.0,19.87
105185,2023-12-05,Resistance Bands,Fitness,North,Online,1,14.51,0.0,14.51
105186,2023-12-05,Notebook Set,Stationery,West,Online,1,8.99,0.0,8.99
105187,2023-12-05,Mechanical Keyboard,Electronics,North,Online,1,61.09,0.0,61.09
105188,2023-12-05,Mechanical Keyboard,Electronics,Central,Online,2,61.09,0.0,122.18
105230,2023-12-06,Wireless Mouse,Electronics,North,Online,1,19.11,0.0,19.11
105231,2023-12-06,Wireless Mouse,Electronics,North,Online,2,19.11,0.0,38.22
105233,2023-12-06,Bluetooth Speaker,Electronics,South,In-Store,2,36.45,0.2,72.9
105234,2023-12-06,Office Chair,Furniture,Central,Online,2,144.86,0.0,289.72
105235,2023-12-06,Water Bottle,Fitness,East,Online,1,12.76,0.0,12.76
105236,2023-12-06,Planner,Stationery,West,Online,1,15.59,0.0,15.59
105237,2023-12-06,Dumbbell Set,Fitness,West,Online,1,86.38,0.0,86.38
105238,2023-12-06,Yoga Mat,Fitness,Central,Online,1,22.26,0.0,22.26
105242,2023-12-06,Bookshelf,Furniture,South,Online,1,114.32,0.0,114.32
105240,2023-12-06,Mechanical Keyboard,Electronics,South,Online,1,60.18,0.1,60.18
105241,2023-12-06,Mechanical Keyboard,Electronics,South,Online,2,60.18,0.1,120.36
105229,2023-12-06,Mechanical Keyboard,Electronics,West,Online,1,66.29,0.0,66.29
105243,2023-12-06,Mechanical Keyboard,Electronics,Central,Online,2,62.68,0.0,125.36
105244,2023-12-06,Mechanical Keyboard,Electronics,East,Online,1,62.68,0.0,62.68
105245,2023-12-06,Yoga Mat,Fitness,East,Online,2,22.11,0.0,44.22
105246,2023-12-06,Dumbbell Set,Fitness,North,In-Store,1,91.55,0.0,91.55
105239,2023-12-06,Fountain Pen,Stationery,East,Online,2,18.13,0.1,36.26
105228,2023-12-06,Mechanical Keyboard,Electronics,East,Online,2,65.18,0.0,130.36
105232,2023-12-06,Bluetooth Speaker,Electronics,Central,Online,1,36.45,0.2,36.45
105226,2023-12-06,Standing Desk,Furniture,South,In-Store,2,296.25,0.0,592.5
105227,2023-12-06,Mechanical Keyboard,Electronics,Central,Online,1,65.18,0.0,65.18
105210,2023-12-06,Bluetooth Speaker,Electronics,South,Online,2,35.65,0.2,71.3
105211,2023-12-06,Planner,Stationery,North,In-Store,1,13.31,0.2,13.31
105212,2023-12-06,Planner,Stationery,South,In-Store,1,15.65,0.0,15.65
105213,2023-12-06,Bluetooth Speaker,Electronics,South,In-Store,1,36.09,0.2,36.09
105215,2023-12-06,USB-C Hub,Electronics,North,Online,2,31.12,0.0,62.24
105216,2023-12-06,Yoga Mat,Fitness,East,Online,1,21.5,0.0,21.5
105217,2023-12-06,Bookshelf,Furniture,North,Online,1,119.11,0.0,119.11
105214,2023-12-06,Bluetooth Speaker,Electronics,East,Online,2,36.09,0.2,72.18
105219,2023-12-06,Water Bottle,Fitness,West,Online,1,12.78,0.0,12.78
105218,2023-12-06,Planner,Stationery,Central,In-Store,1,15.82,0.0,15.82
105224,2023-12-06,Desk Lamp,Furniture,West,In-Store,3,19.99,0.2,59.97
105209,2023-12-06,Bluetooth Speaker,Electronics,North,Online,1,35.65,0.2,35.65
105223,2023-12-06,Planner,Stationery,West,Online,1,16.6,0.0,16.6
105225,2023-12-06,Dumbbell Set,Fitness,North,Online,3,86.22,0.0,258.66
105221,2023-12-06,Noise-Cancel Headphones,Electronics,East,In-Store,1,126.79,0.0,126.79
105220,2023-12-06,Desk Lamp,Furniture,South,In-Store,2,19.14,0.2,38.28
105222,2023-12-06,Noise-Cancel Headphones,Electronics,East,In-Store,1,126.79,0.0,126.79
105258,2023-12-07,Running Shoes,Fitness,South,In-Store,1,77.83,0.0,77.83
105264,2023-12-07,Planner,Stationery,North,Online,2,17.04,0.0,34.08
105263,2023-12-07,Planner,Stationery,West,Online,3,15.67,0.0,47.01
105262,2023-12-07,Desk Lamp,Furniture,West,Online,2,21.72,0.1,43.44
105261,2023-12-07,Desk Lamp,Furniture,North,In-Store,2,25.21,0.0,50.42
105260,2023-12-07,Dumbbell Set,Fitness,East,Online,2,94.54,0.0,189.08
105259,2023-12-07,Running Shoes,Fitness,North,In-Store,1,73.55,0.0,73.55
105257,2023-12-07,Office Chair,Furniture,East,Online,1,130.49,0.1,130.49
105251,2023-12-07,Noise-Cancel Headphones,Electronics,Central,Online,1,130.1,0.0,130.1
105255,2023-12-07,Bluetooth Speaker,Electronics,East,Online,4,43.4,0.0,173.6
105254,2023-12-07,Standing Desk,Furniture,South,Online,1,273.55,0.1,273.55
105253,2023-12-07,USB-C Hub,Electronics,North,Online,2,31.68,0.0,63.36
105252,2023-12-07,Water Bottle,Fitness,East,Online,1,12.73,0.0,12.73
105250,2023-12-07,Noise-Cancel Headphones,Electronics,South,In-Store,4,130.1,0.0,520.4
105249,2023-12-07,Dumbbell Set,Fitness,Central,Online,2,87.76,0.0,175.52
105248,2023-12-07,USB-C Hub,Electronics,East,In-Store,2,30.12,0.0,60.24
105256,2023-12-07,Resistance Bands,Fitness,Central,In-Store,2,14.27,0.0,28.54
105247,2023-12-07,USB-C Hub,Electronics,West,Online,1,29.97,0.0,29.97
105277,2023-12-08,Planner,Stationery,South,In-Store,1,16.54,0.0,16.54
105278,2023-12-08,Water Bottle,Fitness,South,Online,1,13.27,0.0,13.27
105279,2023-12-08,Noise-Cancel Headphones,Electronics,West,Online,2,127.41,0.0,254.82
105283,2023-12-08,USB-C Hub,Electronics,South,In-Store,1,28.98,0.0,28.98
105282,2023-12-08,USB-C Hub,Electronics,East,In-Store,2,28.98,0.0,57.96
105276,2023-12-08,USB-C Hub,Electronics,North,Online,1,30.05,0.0,30.05
105281,2023-12-08,Water Bottle,Fitness,East,In-Store,1,12.92,0.0,12.92
105275,2023-12-08,Running Shoes,Fitness,West,Online,1,71.09,0.0,71.09
105280,2023-12-08,Resistance Bands,Fitness,West,In-Store,1,14.56,0.0,14.56
105273,2023-12-08,Running Shoes,Fitness,East,In-Store,1,72.87,0.0,72.87
105272,2023-12-08,Fountain Pen,Stationery,Central,In-Store,1,20.14,0.0,20.14
105271,2023-12-08,Bookshelf,Furniture,South,Online,2,121.85,0.0,243.7
105270,2023-12-08,Noise-Cancel Headphones,Electronics,South,Online,2,129.27,0.0,258.54
105269,2023-12-08,Dumbbell Set,Fitness,East,In-Store,1,76.06,0.1,76.06
105268,2023-12-08,Water Bottle,Fitness,North,In-Store,1,13.3,0.0,13.3
105267,2023-12-08,Running Shoes,Fitness,East,Online,2,72.45,0.0,144.9
105266,2023-12-08,Planner,Stationery,East,Online,2,16.01,0.0,32.02
105265,2023-12-08,Bookshelf,Furniture,West,Online,2,120.93,0.0,241.86
105274,2023-12-08,Noise-Cancel Headphones,Electronics,West,Online,1,127.98,0.0,127.98
105302,2023-12-09,Resistance Bands,Fitness,West,Online,1,14.51,0.0,14.51
105304,2023-12-09,Wireless Mouse,Electronics,Central,In-Store,1,18.56,0.0,18.56
105305,2023-12-09,Running Shoes,Fitness,North,In-Store,1,73.79,0.0,73.79
105306,2023-12-09,Dumbbell Set,Fitness,South,In-Store,2,87.92,0.0,175.84
105307,2023-12-09,Resistance Bands,Fitness,East,Online,1,14.87,0.0,14.87
105308,2023-12-09,Fountain Pen,Stationery,West,Online,2,20.28,0.0,40.56
105312,2023-12-09,Yoga Mat,Fitness,East,Online,2,21.65,0.0,43.3
105310,2023-12-09,Mechanical Keyboard,Electronics,Central,Online,1,65.01,0.0,65.01
105311,2023-12-09,Bookshelf,Furniture,West,In-Store,1,115.95,0.0,115.95
105301,2023-12-09,Bluetooth Speaker,Electronics,North,In-Store,1,44.3,0.0,44.3
105313,2023-12-09,Planner,Stationery,South,Online,1,15.95,0.0,15.95
105314,2023-12-09,Desk Lamp,Furniture,West,In-Store,1,25.71,0.0,25.71
105315,2023-12-09,USB-C Hub,Electronics,South,Online,1,31.21,0.0,31.21
105309,2023-12-09,Dumbbell Set,Fitness,West,In-Store,1,86.66,0.0,86.66
105300,2023-12-09,Bluetooth Speaker,Electronics,West,In-Store,1,44.3,0.0,44.3
105303,2023-12-09,Wireless Mouse,Electronics,East,In-Store,1,18.56,0.0,18.56
105298,2023-12-09,Mechanical Keyboard,Electronics,South,Online,1,65.69,0.0,65.69
105299,2023-12-09,Wireless Mouse,Electronics,South,Online,1,15.26,0.2,15.26
105284,2023-12-09,Desk Lamp,Furniture,South,Online,2,21.84,0.15,43.68
105285,2023-12-09,Standing Desk,Furniture,North,Online,1,252.11,0.15,252.11
105286,2023-12-09,Resistance Bands,Fitness,East,Online,2,14.88,0.0,29.76
105287,2023-12-09,Water Bottle,Fitness,West,In-Store,1,12.6,0.0,12.6
105289,2023-12-09,Noise-Cancel Headphones,Electronics,West,Online,1,127.6,0.0,127.6
105290,2023-12-09,Office Chair,Furniture,North,Online,1,152.51,0.0,152.51
105288,2023-12-09,Resistance Bands,Fitness,West,In-Store,4,14.6,0.0,58.4
105292,2023-12-09,Noise-Cancel Headphones,Electronics,East,In-Store,1,118.72,0.1,118.72
105293,2023-12-09,Bluetooth Speaker,Electronics,North,Online,2,44.6,0.0,89.2
105294,2023-12-09,Standing Desk,Furniture,North,In-Store,1,306.12,0.0,306.12
105295,2023-12-09,Bluetooth Speaker,Electronics,North,Online,1,47.88,0.0,47.88
105296,2023-12-09,Bluetooth Speaker,Electronics,Central,Online,2,47.88,0.0,95.76
105297,2023-12-09,Mechanical Keyboard,Electronics,West,Online,1,65.69,0.0,65.69
105291,2023-12-09,Noise-Cancel Headphones,Electronics,Central,Online,3,118.72,0.1,356.16
105339,2023-12-10,Wireless Mouse,Electronics,North,Online,1,19.06,0.0,19.06
105335,2023-12-10,Bluetooth Speaker,Electronics,East,In-Store,2,47.67,0.0,95.34
105336,2023-12-10,Yoga Mat,Fitness,North,In-Store,1,21.94,0.0,21.94
105337,2023-12-10,Dumbbell Set,Fitness,North,Online,1,88.26,0.0,88.26
105338,2023-12-10,Wireless Mouse,Electronics,South,In-Store,1,19.06,0.0,19.06
105340,2023-12-10,Fountain Pen,Stationery,East,In-Store,1,20.4,0.0,20.4
105334,2023-12-10,Bluetooth Speaker,Electronics,South,In-Store,1,47.67,0.0,47.67
105342,2023-12-10,Office Chair,Furniture,South,In-Store,2,137.57,0.0,275.14
105343,2023-12-10,Notebook Set,Stationery,North,Online,1,9.05,0.0,9.05
105344,2023-12-10,Resistance Bands,Fitness,North,Online,4,14.41,0.0,57.64
105345,2023-12-10,Resistance Bands,Fitness,Central,In-Store,1,13.06,0.1,13.06
105346,2023-12-10,USB-C Hub,Electronics,South,Online,1,31.16,0.0,31.16
105347,2023-12-10,Office Chair,Furniture,Central,Online,1,150.71,0.0,150.71
105341,2023-12-10,Running Shoes,Fitness,East,Online,1,63.98,0.15,63.98
105333,2023-12-10,Resistance Bands,Fitness,North,In-Store,1,14.13,0.0,14.13
105320,2023-12-10,Planner,Stationery,West,In-Store,1,13.71,0.1,13.71
105331,2023-12-10,Running Shoes,Fitness,South,In-Store,1,63.32,0.15,63.32
105332,2023-12-10,Water Bottle,Fitness,South,Online,1,13.26,0.0,13.26
105317,2023-12-10,USB-C Hub,Electronics,North,In-Store,1,30.77,0.0,30.77
105318,2023-12-10,USB-C Hub,Electronics,North,Online,1,30.77,0.0,30.77
105316,2023-12-10,Notebook Set,Stationery,South,Online,1,8.69,0.0,8.69
105321,2023-12-10,Resistance Bands,Fitness,North,Online,1,14.55,0.0,14.55
105322,2023-12-10,Notebook Set,Stationery,North,Online,1,8.81,0.0,8.81
105323,2023-12-10,Standing Desk,Furniture,West,Online,1,307.99,0.0,307.99
105319,2023-12-10,Bookshelf,Furniture,South,In-Store,1,121.83,0.0,121.83
105325,2023-12-10,Mechanical Keyboard,Electronics,West,Online,2,54.33,0.15,108.66
105326,2023-12-10,Fountain Pen,Stationery,West,Online,1,21.17,0.0,21.17
105327,2023-12-10,USB-C Hub,Electronics,South,In-Store,1,27.44,0.1,27.44
105328,2023-12-10,USB-C Hub,Electronics,North,Online,1,27.44,0.1,27.44
105329,2023-12-10,Desk Lamp,Furniture,West,In-Store,1,22.5,0.15,22.5
105330,2023-12-10,Bookshelf,Furniture,Central,Online,1,119.66,0.0,119.66
105324,2023-12-10,Mechanical Keyboard,Electronics,West,In-Store,1,54.33,0.15,54.33
105362,2023-12-11,Standing Desk,Furniture,West,Online,1,301.57,0.0,301.57
105363,2023-12-11,Dumbbell Set,Fitness,West,Online,1,89.64,0.0,89.64
105364,2023-12-11,Noise-Cancel Headphones,Electronics,North,In-Store,1,137.58,0.0,137.58
105365,2023-12-11,Noise-Cancel Headphones,Electronics,South,Online,1,137.58,0.0,137.58
105368,2023-12-11,Notebook Set,Stationery,North,In-Store,1,8.86,0.0,8.86
105367,2023-12-11,Yoga Mat,Fitness,East,Online,1,22.86,0.0,22.86
105369,2023-12-11,Bluetooth Speaker,Electronics,North,Online,1,49.0,0.0,49.0
105361,2023-12-11,Planner,Stationery,Central,Online,1,16.17,0.0,16.17
105366,2023-12-11,Office Chair,Furniture,North,Online,1,145.34,0.0,145.34
105360,2023-12-11,Office Chair,Furniture,East,In-Store,1,129.93,0.1,129.93
105359,2023-12-11,Water Bottle,Fitness,East,In-Store,1,11.83,0.1,11.83
105358,2023-12-11,Notebook Set,Stationery,West,In-Store,1,7.57,0.15,7.57
105348,2023-12-11,USB-C Hub,Electronics,North,Online,1,29.87,0.0,29.87
105349,2023-12-11,USB-C Hub,Electronics,West,In-Store,1,29.87,0.0,29.87
105351,2023-12-11,Mechanical Keyboard,Electronics,West,Online,2,68.65,0.0,137.3
105352,2023-12-11,Dumbbell Set,Fitness,East,Online,2,88.24,0.0,176.48
105350,2023-12-11,Running Shoes,Fitness,West,Online,1,70.46,0.0,70.46
105354,2023-12-11,Desk Lamp,Furniture,East,Online,1,24.45,0.0,24.45
105355,2023-12-11,Notebook Set,Stationery,East,Online,1,9.34,0.0,9.34
105356,2023-12-11,Standing Desk,Furniture,West,Online,2,252.44,0.1,504.88
105357,2023-12-11,Fountain Pen,Stationery,South,Online,1,20.44,0.0,20.44
105353,2023-12-11,Desk Lamp,Furniture,North,Online,1,21.65,0.15,21.65
105395,2023-12-12,Resistance Bands,Fitness,East,Online,1,14.48,0.0,14.48
105390,2023-12-12,Bookshelf,Furniture,East,In-Store,1,117.45,0.0,117.45
105391,2023-12-12,Office Chair,Furniture,Central,Online,1,134.07,0.1,134.07
105392,2023-12-12,Office Chair,Furniture,West,Online,1,153.81,0.0,153.81
105393,2023-12-12,Planner,Stationery,North,Online,1,15.83,0.0,15.83
105394,2023-12-12,Bookshelf,Furniture,East,In-Store,1,125.85,0.0,125.85
105396,2023-12-12,Noise-Cancel Headphones,Electronics,South,In-Store,1,131.18,0.0,131.18
105401,2023-12-12,Mechanical Keyboard,Electronics,North,In-Store,2,63.96,0.0,127.92
105398,2023-12-12,Standing Desk,Furniture,West,In-Store,1,289.35,0.0,289.35
105399,2023-12-12,USB-C Hub,Electronics,Central,In-Store,2,30.13,0.0,60.26
105400,2023-12-12,USB-C Hub,Electronics,South,Online,2,30.13,0.0,60.26
105389,2023-12-12,Running Shoes,Fitness,West,In-Store,2,75.12,0.0,150.24
105402,2023-12-12,Mechanical Keyboard,Electronics,West,In-Store,1,63.96,0.0,63.96
105403,2023-12-12,Resistance Bands,Fitness,East,Online,1,13.62,0.1,13.62
105397,2023-12-12,Noise-Cancel Headphones,Electronics,West,Online,1,131.18,0.0,131.18
105388,2023-12-12,Bookshelf,Furniture,East,In-Store,1,119.82,0.0,119.82
105372,2023-12-12,Resistance Bands,Fitness,South,In-Store,1,13.12,0.1,13.12
105386,2023-12-12,Running Shoes,Fitness,North,Online,2,75.42,0.0,150.84
105370,2023-12-12,Water Bottle,Fitness,South,Online,1,12.89,0.0,12.89
105371,2023-12-12,Bluetooth Speaker,Electronics,Central,Online,1,40.15,0.1,40.15
105373,2023-12-12,Fountain Pen,Stationery,Central,Online,1,20.46,0.0,20.46
105387,2023-12-12,Running Shoes,Fitness,North,Online,1,75.47,0.0,75.47
105375,2023-12-12,Bluetooth Speaker,Electronics,West,In-Store,1,45.47,0.0,45.47
105376,2023-12-12,Desk Lamp,Furniture,South,In-Store,1,23.01,0.1,23.01
105377,2023-12-12,Running Shoes,Fitness,South,Online,1,71.37,0.0,71.37
105374,2023-12-12,Bluetooth Speaker,Electronics,North,In-Store,1,45.47,0.0,45.47
105379,2023-12-12,Office Chair,Furniture,South,In-Store,1,138.25,0.1,138.25
105380,2023-12-12,Bookshelf,Furniture,West,In-Store,1,118.34,0.0,118.34
105381,2023-12-12,Wireless Mouse,Electronics,East,Online,1,18.99,0.0,18.99
105382,2023-12-12,Wireless Mouse,Electronics,East,Online,2,18.99,0.0,37.98
105383,2023-12-12,Bluetooth Speaker,Electronics,North,In-Store,1,43.62,0.0,43.62
105384,2023-12-12,Bluetooth Speaker,Electronics,Central,In-Store,1,43.62,0.0,43.62
105385,2023-12-12,Fountain Pen,Stationery,North,Online,2,20.71,0.0,41.42
105378,2023-12-12,Bookshelf,Furniture,West,Online,1,116.68,0.0,116.68
105415,2023-12-13,USB-C Hub,Electronics,South,In-Store,2,26.05,0.15,52.1
105422,2023-12-13,Bookshelf,Furniture,West,Online,2,116.76,0.0,233.52
105421,2023-12-13,Noise-Cancel Headphones,Electronics,North,Online,2,104.6,0.2,209.2
105419,2023-12-13,Bluetooth Speaker,Electronics,South,Online,2,41.88,0.1,83.76
105418,2023-12-13,Bookshelf,Furniture,South,Online,1,110.28,0.15,110.28
105417,2023-12-13,Resistance Bands,Fitness,North,In-Store,1,11.89,0.1,11.89
105416,2023-12-13,Office Chair,Furniture,West,In-Store,1,153.38,0.0,153.38
105414,2023-12-13,USB-C Hub,Electronics,East,Online,1,26.05,0.15,26.05
105420,2023-12-13,Planner,Stationery,North,Online,1,16.16,0.0,16.16
105412,2023-12-13,USB-C Hub,Electronics,East,In-Store,1,29.47,0.0,29.47
105404,2023-12-13,Dumbbell Set,Fitness,West,Online,1,77.93,0.15,77.93
105405,2023-12-13,Water Bottle,Fitness,South,Online,2,12.85,0.0,25.7
105406,2023-12-13,Running Shoes,Fitness,South,Online,1,76.31,0.0,76.31
105407,2023-12-13,Wireless Mouse,Electronics,South,Online,1,19.13,0.0,19.13
105413,2023-12-13,USB-C Hub,Electronics,West,In-Store,1,29.47,0.0,29.47
105409,2023-12-13,Noise-Cancel Headphones,Electronics,West,In-Store,1,116.34,0.1,116.34
105410,2023-12-13,Noise-Cancel Headphones,Electronics,South,In-Store,2,116.34,0.1,232.68
105411,2023-12-13,Dumbbell Set,Fitness,North,Online,2,93.71,0.0,187.42
105408,2023-12-13,Wireless Mouse,Electronics,South,In-Store,2,19.13,0.0,38.26
105447,2023-12-14,Notebook Set,Stationery,Central,Online,1,7.48,0.1,7.48
105437,2023-12-14,Office Chair,Furniture,North,Online,1,150.12,0.0,150.12
105445,2023-12-14,Desk Lamp,Furniture,North,In-Store,1,24.83,0.0,24.83
105444,2023-12-14,Bluetooth Speaker,Electronics,South,Online,1,45.83,0.0,45.83
105443,2023-12-14,Bluetooth Speaker,Electronics,South,Online,2,45.83,0.0,91.66
105442,2023-12-14,Planner,Stationery,West,Online,1,14.83,0.1,14.83
105441,2023-12-14,Standing Desk,Furniture,East,In-Store,2,295.96,0.0,591.92
105440,2023-12-14,Fountain Pen,Stationery,East,Online,1,19.49,0.0,19.49
105439,2023-12-14,Office Chair,Furniture,East,In-Store,1,126.73,0.15,126.73
105438,2023-12-14,USB-C Hub,Electronics,South,In-Store,1,28.78,0.0,28.78
105446,2023-12-14,Office Chair,Furniture,East,Online,2,152.83,0.0,305.66
105436,2023-12-14,Mechanical Keyboard,Electronics,South,Online,1,65.35,0.0,65.35
105434,2023-12-14,Mechanical Keyboard,Electronics,West,In-Store,1,64.27,0.0,64.27
105435,2023-12-14,Mechanical Keyboard,Electronics,West,Online,1,65.35,0.0,65.35
105424,2023-12-14,Bluetooth Speaker,Electronics,South,Online,1,44.92,0.0,44.92
105425,2023-12-14,USB-C Hub,Electronics,South,Online,1,29.67,0.0,29.67
105426,2023-12-14,USB-C Hub,Electronics,South,Online,1,29.67,0.0,29.67
105427,2023-12-14,Dumbbell Set,Fitness,North,Online,1,90.43,0.0,90.43
105423,2023-12-14,Bluetooth Speaker,Electronics,Central,In-Store,3,44.92,0.0,134.76
105429,2023-12-14,Mechanical Keyboard,Electronics,Central,In-Store,1,63.82,0.0,63.82
105430,2023-12-14,Mechanical Keyboard,Electronics,West,Online,1,65.33,0.0,65.33
105431,2023-12-14,Mechanical Keyboard,Electronics,South,Online,2,65.33,0.0,130.66
105432,2023-12-14,Dumbbell Set,Fitness,Central,Online,2,98.07,0.0,196.14
105433,2023-12-14,Running Shoes,Fitness,Central,In-Store,2,69.89,0.1,139.78
105428,2023-12-14,Mechanical Keyboard,Electronics,South,Online,1,63.82,0.0,63.82
105469,2023-12-15,Standing Desk,Furniture,South,In-Store,2,276.49,0.1,552.98
105468,2023-12-15,Standing Desk,Furniture,South,Online,1,283.0,0.0,283.0
105467,2023-12-15,Dumbbell Set,Fitness,North,In-Store,1,89.48,0.0,89.48
105466,2023-12-15,Standing Desk,Furniture,Central,In-Store,1,300.83,0.0,300.83
105465,2023-12-15,Notebook Set,Stationery,West,Online,2,8.81,0.0,17.62
105464,2023-12-15,Wireless Mouse,Electronics,East,Online,1,15.07,0.2,15.07
105463,2023-12-15,Notebook Set,Stationery,South,Online,1,9.23,0.0,9.23
105462,2023-12-15,Yoga Mat,Fitness,South,Online,1,20.33,0.1,20.33
105461,2023-12-15,Office Chair,Furniture,West,Online,1,149.0,0.0,149.0
105459,2023-12-15,Bookshelf,Furniture,East,In-Store,3,93.53,0.2,280.59
105460,2023-12-15,Running Shoes,Fitness,West,In-Store,2,74.39,0.0,148.78
105457,2023-12-15,Wireless Mouse,Electronics,West,Online,1,19.0,0.0,19.0
105448,2023-12-15,Desk Lamp,Furniture,South,Online,1,24.11,0.0,24.11
105449,2023-12-15,Mechanical Keyboard,Electronics,South,In-Store,4,49.92,0.2,199.68
105450,2023-12-15,Resistance Bands,Fitness,West,In-Store,1,14.2,0.0,14.2
105451,2023-12-15,Standing Desk,Furniture,North,Online,2,264.57,0.1,529.14
105458,2023-12-15,Wireless Mouse,Electronics,North,In-Store,2,19.0,0.0,38.0
105453,2023-12-15,Yoga Mat,Fitness,North,Online,2,22.22,0.0,44.44
105454,2023-12-15,Yoga Mat,Fitness,Central,In-Store,1,22.86,0.0,22.86
105455,2023-12-15,Dumbbell Set,Fitness,East,Online,3,87.99,0.0,263.97
105456,2023-12-15,Notebook Set,Stationery,South,Online,1,9.49,0.0,9.49
105452,2023-12-15,Yoga Mat,Fitness,South,In-Store,1,22.56,0.0,22.56
105484,2023-12-16,Fountain Pen,Stationery,West,Online,1,19.22,0.0,19.22
105493,2023-12-16,Notebook Set,Stationery,North,Online,1,9.18,0.0,9.18
105492,2023-12-16,Dumbbell Set,Fitness,South,Online,2,95.38,0.0,190.76
105491,2023-12-16,Yoga Mat,Fitness,South,Online,2,22.02,0.0,44.04
105490,2023-12-16,Running Shoes,Fitness,West,In-Store,2,61.81,0.2,123.62
105489,2023-12-16,Fountain Pen,Stationery,North,Online,2,19.81,0.0,39.62
105488,2023-12-16,Wireless Mouse,Electronics,West,Online,3,19.32,0.0,57.96
105487,2023-12-16,Notebook Set,Stationery,East,Online,3,8.94,0.0,26.82
105486,2023-12-16,Dumbbell Set,Fitness,East,Online,1,91.73,0.0,91.73
105485,2023-12-16,Resistance Bands,Fitness,South,Online,1,14.17,0.0,14.17
105494,2023-12-16,Desk Lamp,Furniture,East,In-Store,2,24.7,0.0,49.4
105483,2023-12-16,Planner,Stationery,West,Online,1,14.25,0.1,14.25
105481,2023-12-16,Notebook Set,Stationery,Central,In-Store,4,8.15,0.1,32.6
105482,2023-12-16,Standing Desk,Furniture,Central,In-Store,1,306.99,0.0,306.99
105470,2023-12-16,Bluetooth Speaker,Electronics,South,Online,1,44.84,0.0,44.84
105471,2023-12-16,Bluetooth Speaker,Electronics,South,Online,1,46.26,0.0,46.26
105472,2023-12-16,Bluetooth Speaker,Electronics,West,Online,2,46.26,0.0,92.52
105474,2023-12-16,Dumbbell Set,Fitness,West,Online,1,89.37,0.0,89.37
105473,2023-12-16,Desk Lamp,Furniture,North,Online,2,25.61,0.0,51.22
105476,2023-12-16,Bookshelf,Furniture,East,Online,1,120.07,0.0,120.07
105477,2023-12-16,USB-C Hub,Electronics,North,Online,1,25.54,0.15,25.54
105478,2023-12-16,USB-C Hub,Electronics,East,In-Store,1,25.54,0.15,25.54
105479,2023-12-16,Noise-Cancel Headphones,Electronics,East,In-Store,1,109.21,0.1,109.21
105480,2023-12-16,Noise-Cancel Headphones,Electronics,South,Online,1,109.21,0.1,109.21
105475,2023-12-16,Office Chair,Furniture,North,Online,1,149.74,0.0,149.74
105514,2023-12-17,Office Chair,Furniture,East,Online,2,151.02,0.0,302.04
105511,2023-12-17,Mechanical Keyboard,Electronics,Central,In-Store,1,62.81,0.0,62.81
105512,2023-12-17,Yoga Mat,Fitness,East,Online,1,20.45,0.0,20.45
105513,2023-12-17,USB-C Hub,Electronics,West,Online,1,28.46,0.0,28.46
105515,2023-12-17,Dumbbell Set,Fitness,East,Online,1,87.55,0.0,87.55
105510,2023-12-17,Mechanical Keyboard,Electronics,North,In-Store,3,62.81,0.0,188.43
105517,2023-12-17,Yoga Mat,Fitness,Central,In-Store,1,21.64,0.0,21.64
105518,2023-12-17,Dumbbell Set,Fitness,North,In-Store,2,86.81,0.0,173.62
105519,2023-12-17,Running Shoes,Fitness,East,Online,1,77.16,0.0,77.16
105520,2023-12-17,Running Shoes,Fitness,East,Online,1,73.37,0.0,73.37
105516,2023-12-17,Desk Lamp,Furniture,South,Online,2,24.68,0.0,49.36
105509,2023-12-17,Resistance Bands,Fitness,West,Online,2,14.63,0.0,29.26
105495,2023-12-17,Water Bottle,Fitness,West,Online,1,13.39,0.0,13.39
105507,2023-12-17,USB-C Hub,Electronics,East,Online,1,31.56,0.0,31.56
105496,2023-12-17,Desk Lamp,Furniture,North,In-Store,1,26.14,0.0,26.14
105497,2023-12-17,Desk Lamp,Furniture,Central,In-Store,1,20.28,0.2,20.28
105498,2023-12-17,Desk Lamp,Furniture,South,In-Store,3,22.16,0.1,66.48
105499,2023-12-17,Bookshelf,Furniture,East,Online,1,116.8,0.0,116.8
105500,2023-12-17,Dumbbell Set,Fitness,Central,Online,1,85.25,0.0,85.25
105508,2023-12-17,Office Chair,Furniture,North,Online,1,146.65,0.0,146.65
105502,2023-12-17,Office Chair,Furniture,West,In-Store,1,153.89,0.0,153.89
105503,2023-12-17,USB-C Hub,Electronics,Central,In-Store,3,30.86,0.0,92.58
105504,2023-12-17,USB-C Hub,Electronics,East,Online,1,30.86,0.0,30.86
105505,2023-12-17,Standing Desk,Furniture,East,Online,2,276.93,0.1,553.86
105506,2023-12-17,Notebook Set,Stationery,North,Online,2,9.29,0.0,18.58
105501,2023-12-17,Bookshelf,Furniture,North,Online,1,123.2,0.0,123.2
105538,2023-12-18,Dumbbell Set,Fitness,Central,In-Store,1,88.03,0.0,88.03
105539,2023-12-18,Office Chair,Furniture,North,In-Store,1,153.05,0.0,153.05
105540,2023-12-18,Mechanical Keyboard,Electronics,South,Online,1,66.6,0.0,66.6
105541,2023-12-18,Mechanical Keyboard,Electronics,South,Online,1,66.6,0.0,66.6
105542,2023-12-18,Notebook Set,Stationery,Central,Online,1,8.0,0.1,8.0
105545,2023-12-18,Running Shoes,Fitness,East,In-Store,4,74.53,0.0,298.12
105544,2023-12-18,Standing Desk,Furniture,North,Online,2,261.66,0.1,523.32
105546,2023-12-18,Wireless Mouse,Electronics,West,In-Store,1,19.72,0.0,19.72
105547,2023-12-18,Desk Lamp,Furniture,North,Online,2,24.77,0.0,49.54
105537,2023-12-18,Running Shoes,Fitness,South,Online,1,73.48,0.0,73.48
105543,2023-12-18,Resistance Bands,Fitness,North,In-Store,1,14.62,0.0,14.62
105536,2023-12-18,Running Shoes,Fitness,East,In-Store,2,76.29,0.0,152.58
105535,2023-12-18,Planner,Stationery,West,Online,1,16.59,0.0,16.59
105521,2023-12-18,Yoga Mat,Fitness,South,Online,2,21.53,0.0,43.06
105534,2023-12-18,Office Chair,Furniture,East,Online,2,154.08,0.0,308.16
105522,2023-12-18,Desk Lamp,Furniture,South,Online,1,25.14,0.0,25.14
105523,2023-12-18,Office Chair,Furniture,North,In-Store,-1,150.91,0.0,150.91
105524,2023-12-18,Wireless Mouse,Electronics,East,Online,2,17.5,0.1,35.0
105526,2023-12-18,Mechanical Keyboard,Electronics,South,Online,1,69.38,0.0,69.38
105527,2023-12-18,Mechanical Keyboard,Electronics,West,Online,2,69.38,0.0,138.76
105525,2023-12-18,Wireless Mouse,Electronics,North,Online,1,17.5,0.1,17.5
105529,2023-12-18,Standing Desk,Furniture,East,Online,1,305.97,0.0,305.97
105530,2023-12-18,Resistance Bands,Fitness,East,Online,2,14.33,0.0,28.66
105531,2023-12-18,Notebook Set,Stationery,West,Online,1,8.93,0.0,8.93
105532,2023-12-18,Desk Lamp,Furniture,West,Online,1,25.09,0.0,25.09
105533,2023-12-18,Standing Desk,Furniture,West,Online,4,301.04,0.0,1204.16
105528,2023-12-18,Water Bottle,Fitness,South,In-Store,2,12.32,0.0,24.64
105567,2023-12-19,Bluetooth Speaker,Electronics,East,Online,1,48.53,0.0,48.53
105564,2023-12-19,Dumbbell Set,Fitness,Central,Online,1,91.02,0.0,91.02
105565,2023-12-19,Fountain Pen,Stationery,North,In-Store,1,20.14,0.0,20.14
105566,2023-12-19,Bluetooth Speaker,Electronics,East,In-Store,2,48.53,0.0,97.06
105568,2023-12-19,Bluetooth Speaker,Electronics,West,In-Store,1,45.75,0.0,45.75
105563,2023-12-19,Fountain Pen,Stationery,Central,Online,1,20.31,0.0,20.31
105570,2023-12-19,Standing Desk,Furniture,East,In-Store,2,308.78,0.0,617.56
105571,2023-12-19,Bluetooth Speaker,Electronics,East,Online,1,47.36,0.0,47.36
105572,2023-12-19,Bluetooth Speaker,Electronics,West,Online,1,47.36,0.0,47.36
105573,2023-12-19,Notebook Set,Stationery,South,Online,4,8.34,0.1,33.36
105574,2023-12-19,Wireless Mouse,Electronics,East,In-Store,1,18.8,0.0,18.8
105569,2023-12-19,Desk Lamp,Furniture,West,Online,1,22.0,0.1,22.0
105562,2023-12-19,Office Chair,Furniture,North,Online,1,156.9,0.0,156.9
105557,2023-12-19,Fountain Pen,Stationery,North,In-Store,1,19.87,0.0,19.87
105560,2023-12-19,Noise-Cancel Headphones,Electronics,South,Online,1,125.24,0.0,125.24
105561,2023-12-19,Resistance Bands,Fitness,South,Online,1,12.19,0.15,12.19
105550,2023-12-19,Planner,Stationery,North,Online,1,16.57,0.0,16.57
105551,2023-12-19,Wireless Mouse,Electronics,South,Online,2,19.81,0.0,39.62
105552,2023-12-19,Wireless Mouse,Electronics,West,In-Store,2,19.81,0.0,39.62
105553,2023-12-19,Yoga Mat,Fitness,South,Online,1,22.09,0.0,22.09
105549,2023-12-19,Notebook Set,Stationery,North,In-Store,1,9.11,0.0,9.11
105555,2023-12-19,Wireless Mouse,Electronics,North,In-Store,1,20.49,0.0,20.49
105556,2023-12-19,Standing Desk,Furniture,South,Online,1,281.87,0.0,281.87
105548,2023-12-19,Bookshelf,Furniture,East,Online,3,124.36,0.0,373.08
105558,2023-12-19,Dumbbell Set,Fitness,West,Online,2,88.69,0.0,177.38
105559,2023-12-19,Noise-Cancel Headphones,Electronics,East,Online,1,125.24,0.0,125.24
105554,2023-12-19,Wireless Mouse,Electronics,Central,In-Store,1,20.49,0.0,20.49
105596,2023-12-20,Fountain Pen,Stationery,South,In-Store,2,20.87,0.0,41.74
105595,2023-12-20,Yoga Mat,Fitness,West,Online,1,21.37,0.0,21.37
105594,2023-12-20,Office Chair,Furniture,West,Online,2,150.46,0.0,300.92
105593,2023-12-20,Planner,Stationery,North,Online,3,16.09,0.0,48.27
105592,2023-12-20,Noise-Cancel Headphones,Electronics,South,Online,2,128.34,0.0,256.68
105591,2023-12-20,Noise-Cancel Headphones,Electronics,East,In-Store,3,128.34,0.0,385.02
105590,2023-12-20,Desk Lamp,Furniture,North,Online,1,20.21,0.2,20.21
105589,2023-12-20,Fountain Pen,Stationery,North,In-Store,1,20.0,0.0,20.0
105588,2023-12-20,Notebook Set,Stationery,North,In-Store,1,8.84,0.0,8.84
105587,2023-12-20,Resistance Bands,Fitness,Central,Online,1,13.41,0.1,13.41
105584,2023-12-20,Dumbbell Set,Fitness,West,In-Store,1,90.31,0.0,90.31
105585,2023-12-20,Bookshelf,Furniture,East,Online,1,114.41,0.0,114.41
105586,2023-12-20,Notebook Set,Stationery,East,In-Store,1,9.23,0.0,9.23
105576,2023-12-20,Standing Desk,Furniture,North,Online,1,263.72,0.1,263.72
105577,2023-12-20,Desk Lamp,Furniture,South,In-Store,2,24.81,0.0,49.62
105578,2023-12-20,Bluetooth Speaker,Electronics,East,Online,1,44.62,0.0,44.62
105575,2023-12-20,Notebook Set,Stationery,Central,Online,1,9.05,0.0,9.05
105580,2023-12-20,Bluetooth Speaker,Electronics,Central,Online,1,39.43,0.1,39.43
105581,2023-12-20,Bluetooth Speaker,Electronics,North,In-Store,1,46.21,0.0,46.21
105582,2023-12-20,Bluetooth Speaker,Electronics,North,In-Store,1,46.21,0.0,46.21
105583,2023-12-20,Bluetooth Speaker,Electronics,South,In-Store,1,45.67,0.0,45.67
105579,2023-12-20,Bluetooth Speaker,Electronics,East,In-Store,1,39.43,0.1,39.43
105608,2023-12-21,Office Chair,Furniture,South,Online,1,145.02,0.0,145.02
105614,2023-12-21,Yoga Mat,Fitness,North,Online,3,18.4,0.15,55.2
105613,2023-12-21,Desk Lamp,Furniture,East,In-Store,1,23.73,0.0,23.73
105612,2023-12-21,Planner,Stationery,Central,Online,1,12.8,0.15,12.8
105611,2023-12-21,USB-C Hub,Electronics,South,Online,1,29.03,0.0,29.03
105610,2023-12-21,USB-C Hub,Electronics,South,In-Store,1,29.03,0.0,29.03
105609,2023-12-21,USB-C Hub,Electronics,Central,Online,2,29.68,0.0,59.36
105607,2023-12-21,Fountain Pen,Stationery,East,Online,1,18.86,0.0,18.86
105600,2023-12-21,Running Shoes,Fitness,South,In-Store,2,72.29,0.0,144.58
105605,2023-12-21,Wireless Mouse,Electronics,East,Online,3,18.93,0.0,56.79
105604,2023-12-21,Desk Lamp,Furniture,East,Online,1,25.4,0.0,25.4
105603,2023-12-21,Standing Desk,Furniture,West,In-Store,1,253.64,0.15,253.64
105602,2023-12-21,Fountain Pen,Stationery,East,In-Store,1,19.03,0.0,19.03
105601,2023-12-21,Bookshelf,Furniture,East,Online,2,117.13,0.0,234.26
105597,2023-12-21,Notebook Set,Stationery,North,Online,1,8.97,0.0,8.97
105599,2023-12-21,Wireless Mouse,Electronics,Central,In-Store,2,18.6,0.0,37.2
105598,2023-12-21,Wireless Mouse,Electronics,South,Online,1,18.6,0.0,18.6
105606,2023-12-21,Wireless Mouse,Electronics,East,In-Store,1,18.93,0.0,18.93
105635,2023-12-22,Wireless Mouse,Electronics,South,Online,1,16.95,0.1,16.95
105636,2023-12-22,Wireless Mouse,Electronics,South,Online,1,16.95,0.1,16.95
105637,2023-12-22,Yoga Mat,Fitness,South,Online,2,21.64,0.0,43.28
105638,2023-12-22,USB-C Hub,Electronics,West,Online,1,23.48,0.2,23.48
105639,2023-12-22,USB-C Hub,Electronics,East,In-Store,2,23.48,0.2,46.96
105640,2023-12-22,Yoga Mat,Fitness,West,In-Store,1,22.25,0.0,22.25
105645,2023-12-22,Noise-Cancel Headphones,Electronics,North,Online,1,133.84,0.0,133.84
105642,2023-12-22,Standing Desk,Furniture,North,Online,1,234.71,0.2,234.71
105643,2023-12-22,Yoga Mat,Fitness,West,Online,1,20.34,0.0,20.34
105644,2023-12-22,Resistance Bands,Fitness,West,Online,2,12.22,0.15,24.44
105633,2023-12-22,Bluetooth Speaker,Electronics,East,Online,-1,40.3,0.1,80.6
105646,2023-12-22,Noise-Cancel Headphones,Electronics,South,Online,1,133.84,0.0,133.84
105647,2023-12-22,Planner,Stationery,West,In-Store,1,14.56,0.1,14.56
105641,2023-12-22,Bookshelf,Furniture,Central,Online,2,121.38,0.0,242.76
105632,2023-12-22,Resistance Bands,Fitness,West,Online,2,13.98,0.0,27.96
105634,2023-12-22,USB-C Hub,Electronics,East,Online,1,26.32,0.15,26.32
105630,2023-12-22,Yoga Mat,Fitness,North,Online,4,21.76,0.0,87.04
105615,2023-12-22,Bookshelf,Furniture,North,Online,1,105.1,0.1,105.1
105631,2023-12-22,Notebook Set,Stationery,North,Online,1,8.72,0.0,8.72
105617,2023-12-22,Bookshelf,Furniture,North,Online,1,117.3,0.0,117.3
105618,2023-12-22,Bluetooth Speaker,Electronics,North,Online,1,43.52,0.0,43.52
105619,2023-12-22,Planner,Stationery,Central,Online,1,15.92,0.0,15.92
105620,2023-12-22,Wireless Mouse,Electronics,Central,In-Store,1,18.99,0.0,18.99
105621,2023-12-22,Wireless Mouse,Electronics,Central,In-Store,1,18.99,0.0,18.99
105622,2023-12-22,Notebook Set,Stationery,South,In-Store,1,7.68,0.15,7.68
105616,2023-12-22,Resistance Bands,Fitness,South,Online,1,14.12,0.0,14.12
105624,2023-12-22,Water Bottle,Fitness,North,Online,1,12.71,0.0,12.71
105625,2023-12-22,Resistance Bands,Fitness,East,Online,1,14.95,0.0,14.95
105626,2023-12-22,Wireless Mouse,Electronics,Central,In-Store,1,18.49,0.0,18.49
105627,2023-12-22,Resistance Bands,Fitness,South,Online,1,14.28,0.0,14.28
105628,2023-12-22,Noise-Cancel Headphones,Electronics,West,In-Store,3,128.0,0.0,384.0
105629,2023-12-22,Noise-Cancel Headphones,Electronics,North,Online,1,128.0,0.0,128.0
105623,2023-12-22,Water Bottle,Fitness,South,Online,2,13.06,0.0,26.12
105666,2023-12-23,Resistance Bands,Fitness,North,Online,3,14.61,0.0,43.83
105667,2023-12-23,Standing Desk,Furniture,North,Online,1,309.58,0.0,309.58
105668,2023-12-23,Mechanical Keyboard,Electronics,South,Online,1,59.22,0.1,59.22
105669,2023-12-23,Mechanical Keyboard,Electronics,East,Online,1,59.22,0.1,59.22
105670,2023-12-23,Standing Desk,Furniture,East,In-Store,1,286.9,0.0,286.9
105671,2023-12-23,USB-C Hub,Electronics,West,Online,1,29.12,0.0,29.12
105674,2023-12-23,Planner,Stationery,North,In-Store,2,14.16,0.15,28.32
105673,2023-12-23,Office Chair,Furniture,Central,Online,1,132.22,0.15,132.22
105675,2023-12-23,USB-C Hub,Electronics,Central,Online,1,29.14,0.0,29.14
105676,2023-12-23,USB-C Hub,Electronics,Central,In-Store,1,29.14,0.0,29.14
105677,2023-12-23,Wireless Mouse,Electronics,East,In-Store,1,19.34,0.0,19.34
105665,2023-12-23,Standing Desk,Furniture,West,In-Store,1,297.18,0.0,297.18
105672,2023-12-23,USB-C Hub,Electronics,East,In-Store,1,29.12,0.0,29.12
105664,2023-12-23,Bookshelf,Furniture,East,In-Store,1,111.42,0.0,111.42
105649,2023-12-23,USB-C Hub,Electronics,South,In-Store,1,28.54,0.0,28.54
105662,2023-12-23,Planner,Stationery,East,Online,1,15.3,0.0,15.3
105663,2023-12-23,Wireless Mouse,Electronics,Central,In-Store,1,15.32,0.2,15.32
105648,2023-12-23,Planner,Stationery,Central,Online,1,16.21,0.0,16.21
105650,2023-12-23,Dumbbell Set,Fitness,South,Online,2,88.58,0.0,177.16
105651,2023-12-23,Desk Lamp,Furniture,North,Online,1,23.55,0.0,23.55
105653,2023-12-23,Mechanical Keyboard,Electronics,Central,In-Store,1,64.65,0.0,64.65
105654,2023-12-23,Water Bottle,Fitness,South,In-Store,1,12.85,0.0,12.85
105652,2023-12-23,Mechanical Keyboard,Electronics,South,Online,1,64.65,0.0,64.65
105656,2023-12-23,Mechanical Keyboard,Electronics,North,In-Store,1,55.83,0.1,55.83
105657,2023-12-23,Mechanical Keyboard,Electronics,Central,Online,2,55.83,0.1,111.66
105658,2023-12-23,USB-C Hub,Electronics,South,Online,4,30.63,0.0,122.52
105659,2023-12-23,USB-C Hub,Electronics,North,Online,1,30.63,0.0,30.63
105660,2023-12-23,Fountain Pen,Stationery,North,Online,1,20.09,0.0,20.09
105661,2023-12-23,Desk Lamp,Furniture,South,Online,1,23.48,0.0,23.48
105655,2023-12-23,Wireless Mouse,Electronics,North,Online,1,19.04,0.0,19.04
105700,2023-12-24,Notebook Set,Stationery,Central,Online,2,8.64,0.0,17.28
105696,2023-12-24,Mechanical Keyboard,Electronics,West,Online,1,63.56,0.0,63.56
105697,2023-12-24,Yoga Mat,Fitness,North,Online,3,22.65,0.0,67.95
105698,2023-12-24,Bookshelf,Furniture,West,Online,1,104.18,0.15,104.18
105699,2023-12-24,Fountain Pen,Stationery,West,Online,1,19.9,0.0,19.9
105701,2023-12-24,Yoga Mat,Fitness,North,In-Store,1,18.23,0.15,18.23
105707,2023-12-24,Mechanical Keyboard,Electronics,North,Online,1,66.36,0.0,66.36
105703,2023-12-24,Fountain Pen,Stationery,West,In-Store,1,15.62,0.2,15.62
105695,2023-12-24,Mechanical Keyboard,Electronics,South,In-Store,1,63.56,0.0,63.56
105704,2023-12-24,Resistance Bands,Fitness,East,Online,1,14.59,0.0,14.59
105705,2023-12-24,Bluetooth Speaker,Electronics,East,In-Store,1,45.96,0.0,45.96
105706,2023-12-24,Bluetooth Speaker,Electronics,North,Online,2,45.96,0.0,91.92
105702,2023-12-24,Water Bottle,Fitness,North,Online,1,13.38,0.0,13.38
105694,2023-12-24,Notebook Set,Stationery,East,In-Store,1,7.59,0.15,7.59
105682,2023-12-24,Office Chair,Furniture,South,In-Store,2,151.14,0.0,302.28
105692,2023-12-24,Noise-Cancel Headphones,Electronics,South,In-Store,1,136.86,0.0,136.86
105693,2023-12-24,Dumbbell Set,Fitness,East,Online,1,88.04,0.0,88.04
105678,2023-12-24,Yoga Mat,Fitness,Central,Online,1,21.15,0.0,21.15
105679,2023-12-24,Resistance Bands,Fitness,East,In-Store,2,13.8,0.0,27.6
105681,2023-12-24,Mechanical Keyboard,Electronics,West,Online,1,63.23,0.0,63.23
105683,2023-12-24,Mechanical Keyboard,Electronics,East,Online,1,50.31,0.2,50.31
105684,2023-12-24,Noise-Cancel Headphones,Electronics,South,In-Store,1,128.79,0.0,128.79
105680,2023-12-24,Standing Desk,Furniture,West,Online,1,295.56,0.0,295.56
105686,2023-12-24,Standing Desk,Furniture,Central,Online,2,309.28,0.0,618.56
105687,2023-12-24,Water Bottle,Fitness,North,Online,1,13.02,0.0,13.02
105688,2023-12-24,Office Chair,Furniture,South,Online,1,144.5,0.0,144.5
105689,2023-12-24,Office Chair,Furniture,West,Online,1,150.91,0.0,150.91
105690,2023-12-24,Notebook Set,Stationery,South,Online,3,9.17,0.0,27.51
105691,2023-12-24,Noise-Cancel Headphones,Electronics,East,Online,2,136.86,0.0,273.72
105685,2023-12-24,Noise-Cancel Headphones,Electronics,West,Online,1,128.79,0.0,128.79
105718,2023-12-25,Wireless Mouse,Electronics,South,In-Store,2,18.85,0.0,37.7
105724,2023-12-25,Notebook Set,Stationery,Central,Online,1,9.11,0.0,9.11
105723,2023-12-25,Desk Lamp,Furniture,East,In-Store,1,25.44,0.0,25.44
105722,2023-12-25,Yoga Mat,Fitness,East,In-Store,1,22.59,0.0,22.59
105721,2023-12-25,Bookshelf,Furniture,South,In-Store,1,116.72,0.0,116.72
105720,2023-12-25,Planner,Stationery,North,Online,3,14.65,0.1,43.95
105719,2023-12-25,Planner,Stationery,South,Online,1,16.32,0.0,16.32
105717,2023-12-25,Wireless Mouse,Electronics,West,Online,1,18.85,0.0,18.85
105716,2023-12-25,Desk Lamp,Furniture,North,In-Store,1,20.61,0.2,20.61
105715,2023-12-25,Mechanical Keyboard,Electronics,North,Online,2,65.69,0.0,131.38
105714,2023-12-25,Bookshelf,Furniture,South,Online,1,125.1,0.0,125.1
105713,2023-12-25,Dumbbell Set,Fitness,South,Online,2,89.08,0.0,178.16
105712,2023-12-25,Notebook Set,Stationery,South,Online,3,9.11,0.0,27.33
105711,2023-12-25,Dumbbell Set,Fitness,South,Online,1,89.64,0.0,89.64
105710,2023-12-25,Notebook Set,Stationery,North,In-Store,1,9.31,0.0,9.31
105709,2023-12-25,USB-C Hub,Electronics,Central,In-Store,1,31.51,0.0,31.51
105708,2023-12-25,Fountain Pen,Stationery,West,In-Store,1,19.79,0.0,19.79
105742,2023-12-26,Running Shoes,Fitness,South,Online,1,74.61,0.0,74.61
105743,2023-12-26,Dumbbell Set,Fitness,East,Online,1,90.4,0.0,90.4
105744,2023-12-26,Noise-Cancel Headphones,Electronics,West,Online,1,127.51,0.0,127.51
105745,2023-12-26,Mechanical Keyboard,Electronics,North,Online,1,64.0,0.0,64.0
105746,2023-12-26,Mechanical Keyboard,Electronics,Central,Online,1,64.0,0.0,64.0
105750,2023-12-26,Dumbbell Set,Fitness,West,In-Store,2,93.82,0.0,187.64
105748,2023-12-26,Bluetooth Speaker,Electronics,North,In-Store,1,43.68,0.0,43.68
105749,2023-12-26,Running Shoes,Fitness,North,In-Store,2,74.78,0.0,149.56
105741,2023-12-26,Running Shoes,Fitness,West,Online,1,74.39,0.0,74.39
105751,2023-12-26,Wireless Mouse,Electronics,South,In-Store,1,16.46,0.15,16.46
105752,2023-12-26,Notebook Set,Stationery,Central,In-Store,1,8.98,0.0,8.98
105747,2023-12-26,Bluetooth Speaker,Electronics,South,Online,2,43.68,0.0,87.36
105740,2023-12-26,Noise-Cancel Headphones,Electronics,Central,In-Store,2,130.49,0.0,260.98
105730,2023-12-26,Running Shoes,Fitness,Central,Online,1,77.84,0.0,77.84
105738,2023-12-26,Bookshelf,Furniture,West,Online,1,120.09,0.0,120.09
105739,2023-12-26,Noise-Cancel Headphones,Electronics,South,Online,1,130.49,0.0,130.49
105726,2023-12-26,USB-C Hub,Electronics,East,Online,2,29.63,0.0,59.26
105727,2023-12-26,USB-C Hub,Electronics,South,Online,1,30.97,0.0,30.97
105728,2023-12-26,Resistance Bands,Fitness,North,In-Store,1,12.16,0.15,12.16
105731,2023-12-26,Planner,Stationery,West,Online,1,16.36,0.0,16.36
105729,2023-12-26,Standing Desk,Furniture,West,In-Store,1,294.38,0.0,294.38
105733,2023-12-26,Mechanical Keyboard,Electronics,North,In-Store,1,56.56,0.15,56.56
105734,2023-12-26,Standing Desk,Furniture,South,In-Store,1,294.04,0.0,294.04
105735,2023-12-26,Mechanical Keyboard,Electronics,West,Online,1,64.87,0.0,64.87
105736,2023-12-26,Bookshelf,Furniture,West,Online,1,119.77,0.0,119.77
105737,2023-12-26,Dumbbell Set,Fitness,North,Online,1,84.4,0.0,84.4
105732,2023-12-26,Mechanical Keyboard,Electronics,Central,In-Store,1,56.56,0.15,56.56
105725,2023-12-26,USB-C Hub,Electronics,East,In-Store,1,29.63,0.0,29.63
105769,2023-12-27,USB-C Hub,Electronics,South,Online,1,31.14,0.0,31.14
105773,2023-12-27,Planner,Stationery,East,Online,1,16.79,0.0,16.79
105770,2023-12-27,USB-C Hub,Electronics,North,In-Store,1,31.14,0.0,31.14
105771,2023-12-27,Fountain Pen,Stationery,South,Online,1,19.43,0.0,19.43
105772,2023-12-27,Mechanical Keyboard,Electronics,East,In-Store,4,53.34,0.2,213.36
105780,2023-12-27,USB-C Hub,Electronics,Central,In-Store,1,29.26,0.0,29.26
105776,2023-12-27,Mechanical Keyboard,Electronics,West,Online,2,62.5,0.0,125.0
105777,2023-12-27,Mechanical Keyboard,Electronics,East,Online,1,62.5,0.0,62.5
105778,2023-12-27,Desk Lamp,Furniture,West,Online,3,25.65,0.0,76.95
105779,2023-12-27,USB-C Hub,Electronics,North,Online,1,29.26,0.0,29.26
105768,2023-12-27,Resistance Bands,Fitness,East,Online,3,15.01,0.0,45.03
105774,2023-12-27,Planner,Stationery,West,In-Store,2,15.57,0.0,31.14
105767,2023-12-27,Running Shoes,Fitness,West,Online,2,69.02,0.0,138.04
105775,2023-12-27,Office Chair,Furniture,South,Online,3,149.01,0.0,447.03
105765,2023-12-27,Planner,Stationery,North,In-Store,1,16.19,0.0,16.19
105766,2023-12-27,Notebook Set,Stationery,North,Online,2,9.16,0.0,18.32
105753,2023-12-27,Wireless Mouse,Electronics,West,Online,1,18.84,0.0,18.84
105755,2023-12-27,Mechanical Keyboard,Electronics,South,Online,1,67.56,0.0,67.56
105756,2023-12-27,Mechanical Keyboard,Electronics,Central,Online,2,67.56,0.0,135.12
105757,2023-12-27,Notebook Set,Stationery,East,Online,1,9.06,0.0,9.06
105758,2023-12-27,Resistance Bands,Fitness,South,In-Store,1,12.72,0.15,12.72
105754,2023-12-27,Mechanical Keyboard,Electronics,North,Online,1,65.1,0.0,65.1
105760,2023-12-27,Fountain Pen,Stationery,West,Online,1,19.68,0.0,19.68
105761,2023-12-27,Planner,Stationery,East,In-Store,1,16.12,0.0,16.12
105762,2023-12-27,USB-C Hub,Electronics,South,Online,2,29.99,0.0,59.98
105763,2023-12-27,Bluetooth Speaker,Electronics,East,Online,1,38.02,0.15,38.02
105764,2023-12-27,Bluetooth Speaker,Electronics,South,Online,2,38.02,0.15,76.04
105759,2023-12-27,Desk Lamp,Furniture,South,Online,2,25.7,0.0,51.4
105792,2023-12-28,Dumbbell Set,Fitness,North,Online,1,84.66,0.0,84.66
105799,2023-12-28,Standing Desk,Furniture,East,In-Store,1,258.97,0.15,258.97
105798,2023-12-28,Planner,Stationery,Central,Online,1,14.94,0.1,14.94
105797,2023-12-28,Fountain Pen,Stationery,South,In-Store,2,17.43,0.1,34.86
105796,2023-12-28,Desk Lamp,Furniture,East,In-Store,1,25.29,0.0,25.29
105795,2023-12-28,Planner,Stationery,South,Online,1,12.62,0.2,12.62
105794,2023-12-28,Mechanical Keyboard,Electronics,South,Online,1,64.41,0.0,64.41
105793,2023-12-28,Mechanical Keyboard,Electronics,West,Online,1,64.41,0.0,64.41
105791,2023-12-28,Yoga Mat,Fitness,Central,Online,1,22.18,0.0,22.18
105788,2023-12-28,Bookshelf,Furniture,East,In-Store,1,122.66,0.0,122.66
105789,2023-12-28,Yoga Mat,Fitness,West,Online,1,21.46,0.0,21.46
105787,2023-12-28,Standing Desk,Furniture,South,Online,1,308.89,0.0,308.89
105786,2023-12-28,Planner,Stationery,North,In-Store,1,16.5,0.0,16.5
105785,2023-12-28,Running Shoes,Fitness,Central,Online,1,75.21,0.0,75.21
105784,2023-12-28,Desk Lamp,Furniture,North,Online,4,24.74,0.0,98.96
105783,2023-12-28,Yoga Mat,Fitness,Central,In-Store,1,22.46,0.0,22.46
105782,2023-12-28,Resistance Bands,Fitness,East,In-Store,2,14.65,0.0,29.3
105790,2023-12-28,Planner,Stationery,East,Online,1,16.43,0.0,16.43
105781,2023-12-28,Bookshelf,Furniture,East,In-Store,2,126.52,0.0,253.04
105811,2023-12-29,Bookshelf,Furniture,West,Online,1,121.12,0.0,121.12
105813,2023-12-29,Resistance Bands,Fitness,South,Online,2,13.82,0.0,27.64
105817,2023-12-29,Fountain Pen,Stationery,West,In-Store,1,16.88,0.15,16.88
105815,2023-12-29,Bluetooth Speaker,Electronics,East,Online,2,44.16,0.0,88.32
105816,2023-12-29,Bluetooth Speaker,Electronics,East,In-Store,1,44.16,0.0,44.16
105810,2023-12-29,Planner,Stationery,South,Online,3,16.51,0.0,49.53
105814,2023-12-29,Resistance Bands,Fitness,North,In-Store,1,14.34,0.0,14.34
105809,2023-12-29,USB-C Hub,Electronics,West,In-Store,1,30.13,0.0,30.13
105812,2023-12-29,Planner,Stationery,West,Online,2,16.36,0.0,32.72
105807,2023-12-29,Standing Desk,Furniture,North,Online,1,311.62,0.0,311.62
105806,2023-12-29,Resistance Bands,Fitness,South,In-Store,2,14.02,0.0,28.04
105805,2023-12-29,USB-C Hub,Electronics,South,Online,2,26.66,0.1,53.32
105804,2023-12-29,Standing Desk,Furniture,South,Online,1,243.38,0.2,243.38
105803,2023-12-29,Fountain Pen,Stationery,North,Online,2,20.67,0.0,41.34
105802,2023-12-29,Notebook Set,Stationery,Central,Online,4,9.28,0.0,37.12
105801,2023-12-29,Yoga Mat,Fitness,East,In-Store,1,19.64,0.1,19.64
105800,2023-12-29,Bookshelf,Furniture,South,In-Store,2,123.44,0.0,246.88
105808,2023-12-29,USB-C Hub,Electronics,Central,In-Store,1,30.13,0.0,30.13
105834,2023-12-30,Bluetooth Speaker,Electronics,North,Online,2,44.26,0.0,88.52
105835,2023-12-30,Standing Desk,Furniture,Central,Online,1,319.86,0.0,319.86
105836,2023-12-30,Desk Lamp,Furniture,West,Online,1,25.97,0.0,25.97
105837,2023-12-30,Wireless Mouse,Electronics,West,Online,2,19.44,0.0,38.88
105841,2023-12-30,Noise-Cancel Headphones,Electronics,West,Online,1,130.16,0.0,130.16
105839,2023-12-30,Office Chair,Furniture,South,In-Store,1,145.9,0.0,145.9
105840,2023-12-30,Noise-Cancel Headphones,Electronics,South,In-Store,4,130.16,0.0,520.64
105832,2023-12-30,Water Bottle,Fitness,North,In-Store,1,13.29,0.0,13.29
105842,2023-12-30,Running Shoes,Fitness,Central,Online,1,75.53,0.0,75.53
105838,2023-12-30,Wireless Mouse,Electronics,North,In-Store,1,19.44,0.0,19.44
105831,2023-12-30,Running Shoes,Fitness,Central,Online,1,76.47,0.0,76.47
105833,2023-12-30,Bluetooth Speaker,Electronics,Central,Online,1,44.26,0.0,44.26
105829,2023-12-30,Mechanical Keyboard,Electronics,West,Online,1,65.34,0.0,65.34
105830,2023-12-30,Mechanical Keyboard,Electronics,North,Online,1,65.34,0.0,65.34
105818,2023-12-30,Bluetooth Speaker,Electronics,Central,In-Store,2,41.91,0.0,83.82
105819,2023-12-30,Dumbbell Set,Fitness,Central,Online,1,85.57,0.0,85.57
105820,2023-12-30,Office Chair,Furniture,North,Online,1,131.61,0.1,131.61
105822,2023-12-30,Wireless Mouse,Electronics,North,Online,2,18.87,0.0,37.74
105821,2023-12-30,Dumbbell Set,Fitness,West,Online,1,80.71,0.1,80.71
105824,2023-12-30,Planner,Stationery,East,Online,1,14.54,0.1,14.54
105825,2023-12-30,Office Chair,Furniture,South,Online,2,149.62,0.0,299.24
105826,2023-12-30,Running Shoes,Fitness,East,In-Store,1,72.89,0.0,72.89
105827,2023-12-30,Dumbbell Set,Fitness,North,Online,1,79.32,0.1,79.32
105828,2023-12-30,Planner,Stationery,East,Online,1,15.45,0.0,15.45
105823,2023-12-30,Wireless Mouse,Electronics,West,In-Store,2,18.87,0.0,37.74
105863,2023-12-31,Bluetooth Speaker,Electronics,South,Online,1,45.17,0.0,45.17
105860,2023-12-31,USB-C Hub,Electronics,Central,Online,2,26.35,0.1,52.7
105861,2023-12-31,Water Bottle,Fitness,West,Online,3,12.94,0.0,38.82
105862,2023-12-31,Bluetooth Speaker,Electronics,Central,In-Store,2,45.17,0.0,90.34
105864,2023-12-31,Bookshelf,Furniture,Central,Online,1,121.98,0.0,121.98
105859,2023-12-31,USB-C Hub,Electronics,Central,Online,2,26.35,0.1,52.7
105866,2023-12-31,USB-C Hub,Electronics,East,In-Store,1,30.56,0.0,30.56
105867,2023-12-31,Dumbbell Set,Fitness,South,Online,2,87.01,0.0,174.02
105868,2023-12-31,Water Bottle,Fitness,North,Online,2,13.1,0.0,26.2
105869,2023-12-31,Noise-Cancel Headphones,Electronics,East,In-Store,1,122.65,0.0,122.65
105870,2023-12-31,Noise-Cancel Headphones,Electronics,Central,Online,2,122.65,0.0,245.3
105865,2023-12-31,USB-C Hub,Electronics,South,In-Store,1,30.56,0.0,30.56
105858,2023-12-31,Water Bottle,Fitness,North,Online,1,12.62,0.0,12.62
105850,2023-12-31,Water Bottle,Fitness,North,Online,1,12.64,0.0,12.64
105856,2023-12-31,Yoga Mat,Fitness,North,Online,1,20.89,0.1,20.89
105843,2023-12-31,Desk Lamp,Furniture,West,Online,1,25.46,0.0,25.46
105845,2023-12-31,Water Bottle,Fitness,South,Online,1,11.11,0.15,11.11
105846,2023-12-31,Noise-Cancel Headphones,Electronics,South,Online,1,133.95,0.0,133.95
105847,2023-12-31,Noise-Cancel Headphones,Electronics,West,Online,1,133.95,0.0,133.95
105848,2023-12-31,Bluetooth Speaker,Electronics,North,Online,3,43.27,0.0,129.81
105849,2023-12-31,Bluetooth Speaker,Electronics,North,Online,1,43.27,0.0,43.27
105844,2023-12-31,Fountain Pen,Stationery,East,In-Store,1,19.36,0.0,19.36
105851,2023-12-31,Dumbbell Set,Fitness,North,In-Store,2,83.68,0.1,167.36
105852,2023-12-31,Planner,Stationery,Central,Online,3,16.67,0.0,50.01
105853,2023-12-31,Fountain Pen,Stationery,West,In-Store,1,20.34,0.0,20.34
105854,2023-12-31,Office Chair,Furniture,West,Online,2,143.56,0.0,287.12
105855,2023-12-31,Desk Lamp,Furniture,Central,In-Store,2,25.78,0.0,51.56
105857,2023-12-31,Standing Desk,Furniture,West,In-Store,2,301.95,0.0,603.9
105887,2024-01-01,Bluetooth Speaker,Electronics,West,Online,2,44.76,0.0,89.52
105888,2024-01-01,Notebook Set,Stationery,South,In-Store,2,9.11,0.0,18.22
105889,2024-01-01,Standing Desk,Furniture,East,In-Store,2,256.8,0.15,513.6
105890,2024-01-01,Standing Desk,Furniture,North,Online,1,313.99,0.0,313.99
105891,2024-01-01,Standing Desk,Furniture,West,In-Store,1,250.25,0.15,250.25
105894,2024-01-01,Standing Desk,Furniture,North,Online,1,282.2,0.0,282.2
105893,2024-01-01,Mechanical Keyboard,Electronics,Central,In-Store,1,63.33,0.0,63.33
105895,2024-01-01,USB-C Hub,Electronics,West,Online,1,30.76,0.0,30.76
105896,2024-01-01,Noise-Cancel Headphones,Electronics,South,Online,1,131.12,0.0,131.12
105886,2024-01-01,Yoga Mat,Fitness,South,Online,1,22.57,0.0,22.57
105892,2024-01-01,Water Bottle,Fitness,West,In-Store,1,12.86,0.0,12.86
105885,2024-01-01,Planner,Stationery,East,In-Store,1,14.29,0.1,14.29
105882,2024-01-01,Office Chair,Furniture,West,Online,2,152.35,0.0,304.7
105883,2024-01-01,Bookshelf,Furniture,East,Online,2,126.09,0.0,252.18
105871,2024-01-01,Fountain Pen,Stationery,East,In-Store,1,19.66,0.0,19.66
105872,2024-01-01,Desk Lamp,Furniture,East,In-Store,1,26.29,0.0,26.29
105884,2024-01-01,Noise-Cancel Headphones,Electronics,East,In-Store,2,126.73,0.0,253.46
105874,2024-01-01,Yoga Mat,Fitness,South,In-Store,1,17.06,0.2,17.06
105875,2024-01-01,Yoga Mat,Fitness,Central,In-Store,1,17.06,0.2,17.06
105876,2024-01-01,Fountain Pen,Stationery,East,In-Store,2,19.75,0.0,39.5
105873,2024-01-01,Planner,Stationery,East,In-Store,4,15.84,0.0,63.36
105878,2024-01-01,Resistance Bands,Fitness,East,In-Store,1,14.76,0.0,14.76
105879,2024-01-01,Planner,Stationery,South,Online,2,13.51,0.15,27.02
105880,2024-01-01,Wireless Mouse,Electronics,West,Online,1,18.25,0.0,18.25
105881,2024-01-01,Office Chair,Furniture,Central,Online,1,154.55,0.0,154.55
105877,2024-01-01,Resistance Bands,Fitness,Central,Online,1,14.76,0.0,14.76
105908,2024-01-02,Planner,Stationery,West,Online,3,16.67,0.0,50.01
105915,2024-01-02,Planner,Stationery,South,In-Store,1,15.81,0.0,15.81
105914,2024-01-02,Bluetooth Speaker,Electronics,South,In-Store,1,44.27,0.0,44.27
105913,2024-01-02,Water Bottle,Fitness,South,In-Store,1,13.02,0.0,13.02
105912,2024-01-02,Water Bottle,Fitness,East,Online,3,13.02,0.0,39.06
105911,2024-01-02,Notebook Set,Stationery,North,Online,1,7.56,0.1,7.56
105910,2024-01-02,Office Chair,Furniture,South,In-Store,1,158.44,0.0,158.44
105909,2024-01-02,Wireless Mouse,Electronics,West,Online,1,19.19,0.0,19.19
105907,2024-01-02,Bookshelf,Furniture,North,Online,1,119.35,0.0,119.35
105899,2024-01-02,Dumbbell Set,Fitness,South,In-Store,1,92.14,0.0,92.14
105905,2024-01-02,Bluetooth Speaker,Electronics,East,In-Store,1,41.39,0.1,41.39
105904,2024-01-02,Fountain Pen,Stationery,Central,Online,2,16.14,0.2,32.28
105903,2024-01-02,Running Shoes,Fitness,North,In-Store,2,75.41,0.0,150.82
105902,2024-01-02,Running Shoes,Fitness,North,In-Store,2,75.41,0.0,150.82
105901,2024-01-02,Planner,Stationery,East,Online,1,15.62,0.0,15.62
105900,2024-01-02,Dumbbell Set,Fitness,West,Online,1,92.14,0.0,92.14
105897,2024-01-02,Desk Lamp,Furniture,East,Online,1,24.9,0.0,24.9
105898,2024-01-02,Planner,Stationery,West,Online,1,15.99,0.0,15.99
105906,2024-01-02,Bookshelf,Furniture,South,In-Store,2,120.46,0.0,240.92
105927,2024-01-03,Yoga Mat,Fitness,North,In-Store,1,21.08,0.0,21.08
105928,2024-01-03,Yoga Mat,Fitness,East,Online,2,21.08,0.0,42.16
105929,2024-01-03,Office Chair,Furniture,East,In-Store,1,152.67,0.0,152.67
105934,2024-01-03,Running Shoes,Fitness,North,In-Store,3,63.68,0.15,191.04
105931,2024-01-03,Running Shoes,Fitness,South,In-Store,2,77.66,0.0,155.32
105932,2024-01-03,Noise-Cancel Headphones,Electronics,North,In-Store,1,109.67,0.15,109.67
105933,2024-01-03,Noise-Cancel Headphones,Electronics,North,In-Store,1,122.16,0.0,122.16
105930,2024-01-03,Running Shoes,Fitness,East,Online,1,77.66,0.0,77.66
105926,2024-01-03,Notebook Set,Stationery,West,In-Store,1,9.45,0.0,9.45
105924,2024-01-03,Mechanical Keyboard,Electronics,South,In-Store,1,58.28,0.1,58.28
105923,2024-01-03,Bluetooth Speaker,Electronics,Central,Online,1,45.86,0.0,45.86
105922,2024-01-03,Resistance Bands,Fitness,Central,In-Store,2,15.11,0.0,30.22
105921,2024-01-03,Dumbbell Set,Fitness,Central,In-Store,1,84.18,0.0,84.18
105920,2024-01-03,Dumbbell Set,Fitness,South,Online,1,84.18,0.0,84.18
105919,2024-01-03,Dumbbell Set,Fitness,South,Online,1,84.85,0.0,84.85
105918,2024-01-03,Dumbbell Set,Fitness,East,Online,1,84.85,0.0,84.85
105917,2024-01-03,Office Chair,Furniture,North,Online,1,130.67,0.15,130.67
105916,2024-01-03,Bluetooth Speaker,Electronics,North,Online,1,45.5,0.0,45.5
105925,2024-01-03,Water Bottle,Fitness,South,Online,1,12.81,0.0,12.81
105943,2024-01-04,Desk Lamp,Furniture,South,In-Store,2,25.16,0.0,50.32
105946,2024-01-04,Office Chair,Furniture,East,Online,2,131.68,0.1,263.36
105945,2024-01-04,Standing Desk,Furniture,South,Online,1,294.89,0.0,294.89
105944,2024-01-04,Notebook Set,Stationery,Central,Online,1,8.58,0.0,8.58
105942,2024-01-04,Dumbbell Set,Fitness,West,In-Store,1,67.77,0.2,67.77
105947,2024-01-04,Office Chair,Furniture,West,Online,1,149.12,0.0,149.12
105940,2024-01-04,Yoga Mat,Fitness,North,Online,2,23.33,0.0,46.66
105939,2024-01-04,Yoga Mat,Fitness,South,Online,2,23.33,0.0,46.66
105938,2024-01-04,Planner,Stationery,West,Online,2,16.71,0.0,33.42
105937,2024-01-04,Noise-Cancel Headphones,Electronics,North,In-Store,1,125.02,0.0,125.02
105936,2024-01-04,Desk Lamp,Furniture,Central,Online,2,24.61,0.0,49.22
105941,2024-01-04,Dumbbell Set,Fitness,North,Online,1,67.77,0.2,67.77
105935,2024-01-04,Mechanical Keyboard,Electronics,North,Online,1,67.78,0.0,67.78
105965,2024-01-05,Resistance Bands,Fitness,North,Online,1,14.77,0.0,14.77
105966,2024-01-05,Resistance Bands,Fitness,South,Online,1,14.77,0.0,14.77
105967,2024-01-05,Bookshelf,Furniture,East,Online,2,118.15,0.0,236.3
105968,2024-01-05,Dumbbell Set,Fitness,West,Online,2,89.46,0.0,178.92
105969,2024-01-05,USB-C Hub,Electronics,North,In-Store,1,24.63,0.15,24.63
105972,2024-01-05,Water Bottle,Fitness,South,In-Store,1,12.96,0.0,12.96
105971,2024-01-05,Noise-Cancel Headphones,Electronics,South,Online,2,132.23,0.0,264.46
105964,2024-01-05,USB-C Hub,Electronics,Central,Online,1,29.99,0.0,29.99
105973,2024-01-05,Dumbbell Set,Fitness,Central,Online,1,79.73,0.1,79.73
105974,2024-01-05,Bluetooth Speaker,Electronics,East,Online,1,43.44,0.0,43.44
105970,2024-01-05,Running Shoes,Fitness,East,Online,1,64.24,0.1,64.24
105963,2024-01-05,Resistance Bands,Fitness,Central,In-Store,1,13.55,0.1,13.55
105962,2024-01-05,Resistance Bands,Fitness,North,Online,1,13.55,0.1,13.55
105951,2024-01-05,Yoga Mat,Fitness,West,Online,2,23.14,0.0,46.28
105948,2024-01-05,Water Bottle,Fitness,South,Online,1,10.4,0.2,10.4
105949,2024-01-05,Water Bottle,Fitness,West,Online,2,10.4,0.2,20.8
105950,2024-01-05,Planner,Stationery,South,Online,4,16.27,0.0,65.08
105961,2024-01-05,Fountain Pen,Stationery,East,Online,2,19.7,0.0,39.4
105952,2024-01-05,Desk Lamp,Furniture,South,In-Store,1,25.59,0.0,25.59
105954,2024-01-05,Mechanical Keyboard,Electronics,West,Online,1,65.48,0.0,65.48
105953,2024-01-05,Notebook Set,Stationery,East,Online,1,9.07,0.0,9.07
105956,2024-01-05,Running Shoes,Fitness,West,Online,1,75.08,0.0,75.08
105957,2024-01-05,Bluetooth Speaker,Electronics,Central,In-Store,1,44.62,0.0,44.62
105958,2024-01-05,Notebook Set,Stationery,North,Online,4,9.27,0.0,37.08
105959,2024-01-05,Yoga Mat,Fitness,East,Online,1,23.43,0.0,23.43
105960,2024-01-05,Yoga Mat,Fitness,West,Online,2,23.43,0.0,46.86
105955,2024-01-05,Bluetooth Speaker,Electronics,East,Online,1,36.69,0.15,36.69
105987,2024-01-06,Desk Lamp,Furniture,West,Online,2,23.7,0.0,47.4
105986,2024-01-06,Bluetooth Speaker,Electronics,South,In-Store,1,44.15,0.0,44.15
105988,2024-01-06,Fountain Pen,Stationery,West,Online,3,20.6,0.0,61.8
105985,2024-01-06,Bluetooth Speaker,Electronics,West,Online,1,41.86,0.0,41.86
105990,2024-01-06,Mechanical Keyboard,Electronics,East,Online,1,63.63,0.0,63.63
105991,2024-01-06,Office Chair,Furniture,South,Online,1,134.09,0.1,134.09
105991,2024-01-06,Office Chair,Furniture,South,Online,1,134.09,0.1,134.09
105984,2024-01-06,Water Bottle,Fitness,North,Online,1,13.61,0.0,13.61
105989,2024-01-06,Office Chair,Furniture,East,In-Store,1,152.36,0.0,152.36
105982,2024-01-06,Bluetooth Speaker,Electronics,East,Online,2,45.34,0.0,90.68
105981,2024-01-06,Dumbbell Set,Fitness,East,Online,1,72.66,0.15,72.66
105980,2024-01-06,Noise-Cancel Headphones,Electronics,North,Online,1,130.05,0.0,130.05
105979,2024-01-06,Office Chair,Furniture,North,Online,1,149.61,0.0,149.61
105978,2024-01-06,Dumbbell Set,Fitness,North,In-Store,1,87.08,0.0,87.08
105977,2024-01-06,Bookshelf,Furniture,North,Online,2,116.99,0.0,233.98
105976,2024-01-06,Yoga Mat,Fitness,Central,Online,1,20.89,0.0,20.89
105975,2024-01-06,Wireless Mouse,Electronics,Central,Online,1,19.58,0.0,19.58
105983,2024-01-06,Desk Lamp,Furniture,West,Online,1,25.86,0.0,25.86
106009,2024-01-07,Mechanical Keyboard,Electronics,South,Online,1,60.31,0.0,60.31
106008,2024-01-07,Office Chair,Furniture,West,Online,1,150.04,0.0,150.04
106007,2024-01-07,Fountain Pen,Stationery,South,In-Store,3,20.34,0.0,61.02
106006,2024-01-07,Running Shoes,Fitness,North,Online,2,75.75,0.0,151.5
106005,2024-01-07,Fountain Pen,Stationery,Central,In-Store,2,20.27,0.0,40.54
106004,2024-01-07,Fountain Pen,Stationery,North,Online,1,20.13,0.0,20.13
106003,2024-01-07,Running Shoes,Fitness,West,Online,2,77.37,0.0,154.74
106002,2024-01-07,Running Shoes,Fitness,South,Online,1,77.37,0.0,77.37
105993,2024-01-07,Planner,Stationery,West,Online,1,14.71,0.0,14.71
106000,2024-01-07,Resistance Bands,Fitness,South,In-Store,1,14.53,0.0,14.53
105999,2024-01-07,Bluetooth Speaker,Electronics,North,In-Store,1,44.9,0.0,44.9
105998,2024-01-07,Dumbbell Set,Fitness,West,In-Store,1,85.34,0.0,85.34
105997,2024-01-07,Dumbbell Set,Fitness,South,Online,4,90.05,0.0,360.2
105996,2024-01-07,Standing Desk,Furniture,Central,In-Store,1,295.19,0.0,295.19
105995,2024-01-07,Resistance Bands,Fitness,West,Online,2,11.87,0.2,23.74
105994,2024-01-07,Dumbbell Set,Fitness,South,Online,3,91.37,0.0,274.11
106001,2024-01-07,Planner,Stationery,West,Online,1,16.3,0.0,16.3
105992,2024-01-07,Office Chair,Furniture,South,Online,1,132.16,0.1,132.16
106023,2024-01-08,Mechanical Keyboard,Electronics,Central,Online,2,62.95,0.0,125.9
106024,2024-01-08,Yoga Mat,Fitness,East,In-Store,1,22.52,0.0,22.52
106025,2024-01-08,Running Shoes,Fitness,Central,Online,1,75.93,0.0,75.93
106022,2024-01-08,USB-C Hub,Electronics,East,Online,1,24.54,0.15,24.54
106027,2024-01-08,Mechanical Keyboard,Electronics,South,Online,2,62.34,0.0,124.68
106028,2024-01-08,Standing Desk,Furniture,North,Online,2,311.52,0.0,623.04
106026,2024-01-08,Office Chair,Furniture,South,In-Store,1,151.13,0.0,151.13
106021,2024-01-08,Yoga Mat,Fitness,North,Online,2,22.99,0.0,45.98
106010,2024-01-08,Yoga Mat,Fitness,West,Online,1,21.44,0.0,21.44
106019,2024-01-08,Notebook Set,Stationery,South,Online,1,8.96,0.0,8.96
106018,2024-01-08,Bluetooth Speaker,Electronics,Central,In-Store,1,44.55,0.0,44.55
106017,2024-01-08,Standing Desk,Furniture,West,In-Store,1,263.53,0.1,263.53
106016,2024-01-08,Bluetooth Speaker,Electronics,Central,In-Store,1,45.02,0.0,45.02
106015,2024-01-08,Dumbbell Set,Fitness,West,Online,2,90.4,0.0,180.8
106014,2024-01-08,Dumbbell Set,Fitness,South,Online,1,90.4,0.0,90.4
106013,2024-01-08,USB-C Hub,Electronics,West,Online,1,30.69,0.0,30.69
106012,2024-01-08,Running Shoes,Fitness,East,Online,1,78.42,0.0,78.42
106011,2024-01-08,Running Shoes,Fitness,South,In-Store,1,78.42,0.0,78.42
106020,2024-01-08,Office Chair,Furniture,East,Online,2,125.08,0.15,250.16
106039,2024-01-09,Bookshelf,Furniture,East,In-Store,1,107.84,0.15,107.84
106043,2024-01-09,Yoga Mat,Fitness,South,In-Store,1,18.28,0.15,18.28
106042,2024-01-09,Yoga Mat,Fitness,North,Online,2,18.28,0.15,36.56
106041,2024-01-09,Desk Lamp,Furniture,North,In-Store,1,21.56,0.15,21.56
106040,2024-01-09,Mechanical Keyboard,Electronics,South,Online,1,57.76,0.15,57.76
106038,2024-01-09,Fountain Pen,Stationery,North,Online,1,20.0,0.0,20.0
106044,2024-01-09,Water Bottle,Fitness,South,In-Store,1,13.46,0.0,13.46
106036,2024-01-09,Fountain Pen,Stationery,Central,In-Store,1,20.0,0.0,20.0
106030,2024-01-09,Water Bottle,Fitness,North,In-Store,1,13.08,0.0,13.08
106029,2024-01-09,Wireless Mouse,Electronics,South,Online,2,17.85,0.0,35.7
106031,2024-01-09,Desk Lamp,Furniture,North,In-Store,1,24.06,0.0,24.06
106037,2024-01-09,Wireless Mouse,Electronics,Central,Online,4,17.07,0.1,68.28
106033,2024-01-09,Water Bottle,Fitness,West,Online,1,13.33,0.0,13.33
106034,2024-01-09,Planner,Stationery,East,Online,1,16.6,0.0,16.6
106035,2024-01-09,Fountain Pen,Stationery,North,Online,2,21.51,0.0,43.02
106032,2024-01-09,Yoga Mat,Fitness,South,Online,1,21.48,0.0,21.48
106060,2024-01-10,Office Chair,Furniture,West,In-Store,1,148.95,0.0,148.95
106059,2024-01-10,USB-C Hub,Electronics,Central,Online,1,30.35,0.0,30.35
106058,2024-01-10,Noise-Cancel Headphones,Electronics,East,Online,1,128.66,0.0,128.66
106057,2024-01-10,Notebook Set,Stationery,East,Online,2,8.78,0.0,17.56
106055,2024-01-10,Water Bottle,Fitness,East,Online,1,13.0,0.0,13.0
106054,2024-01-10,Bluetooth Speaker,Electronics,South,Online,2,45.18,0.0,90.36
106056,2024-01-10,Water Bottle,Fitness,North,In-Store,1,13.0,0.0,13.0
106052,2024-01-10,Desk Lamp,Furniture,East,Online,1,24.94,0.0,24.94
106051,2024-01-10,USB-C Hub,Electronics,East,Online,2,23.46,0.15,46.92
106050,2024-01-10,Bookshelf,Furniture,East,Online,1,129.73,0.0,129.73
106049,2024-01-10,Bluetooth Speaker,Electronics,North,Online,1,45.76,0.0,45.76
106048,2024-01-10,Noise-Cancel Headphones,Electronics,North,Online,1,120.92,0.1,120.92
106047,2024-01-10,Wireless Mouse,Electronics,West,Online,1,19.97,0.0,19.97
106046,2024-01-10,Running Shoes,Fitness,North,Online,2,75.77,0.0,151.54
106045,2024-01-10,Running Shoes,Fitness,West,Online,1,75.77,0.0,75.77
106053,2024-01-10,Standing Desk,Furniture,North,In-Store,4,272.81,0.1,1091.24
106072,2024-01-11,Bluetooth Speaker,Electronics,East,Online,2,47.05,0.0,94.1
106077,2024-01-11,Noise-Cancel Headphones,Electronics,West,Online,1,133.91,0.0,133.91
106076,2024-01-11,Noise-Cancel Headphones,Electronics,South,Online,1,129.33,0.0,129.33
106075,2024-01-11,Yoga Mat,Fitness,West,In-Store,1,21.61,0.0,21.61
106074,2024-01-11,Wireless Mouse,Electronics,North,Online,1,18.85,0.0,18.85
106073,2024-01-11,Office Chair,Furniture,South,Online,2,142.15,0.1,284.3
106071,2024-01-11,Noise-Cancel Headphones,Electronics,East,Online,1,133.24,0.0,133.24
106066,2024-01-11,Dumbbell Set,Fitness,West,Online,1,94.08,0.0,94.08
106069,2024-01-11,Fountain Pen,Stationery,South,Online,1,16.61,0.15,16.61
106068,2024-01-11,Office Chair,Furniture,West,Online,1,150.02,0.0,150.02
106067,2024-01-11,Dumbbell Set,Fitness,East,In-Store,1,94.08,0.0,94.08
106061,2024-01-11,Mechanical Keyboard,Electronics,North,In-Store,1,62.74,0.0,62.74
106065,2024-01-11,Wireless Mouse,Electronics,South,In-Store,2,18.21,0.0,36.42
106064,2024-01-11,Wireless Mouse,Electronics,Central,In-Store,2,15.54,0.15,31.08
106063,2024-01-11,Resistance Bands,Fitness,North,Online,1,14.61,0.0,14.61
106062,2024-01-11,Fountain Pen,Stationery,Central,Online,1,20.09,0.0,20.09
106070,2024-01-11,Desk Lamp,Furniture,South,In-Store,1,25.08,0.0,25.08
106093,2024-01-12,Standing Desk,Furniture,Central,Online,1,219.98,0.2,219.98
106094,2024-01-12,Fountain Pen,Stationery,South,In-Store,4,20.65,0.0,82.6
106095,2024-01-12,Bluetooth Speaker,Electronics,Central,Online,1,41.84,0.1,41.84
106096,2024-01-12,Bookshelf,Furniture,Central,In-Store,1,121.75,0.0,121.75
106100,2024-01-12,Water Bottle,Fitness,Central,In-Store,1,12.6,0.0,12.6
106098,2024-01-12,Wireless Mouse,Electronics,Central,Online,1,15.13,0.15,15.13
106099,2024-01-12,Water Bottle,Fitness,West,Online,1,12.6,0.0,12.6
106101,2024-01-12,Desk Lamp,Furniture,North,In-Store,1,22.87,0.1,22.87
106092,2024-01-12,USB-C Hub,Electronics,West,In-Store,1,29.83,0.0,29.83
106097,2024-01-12,Mechanical Keyboard,Electronics,South,Online,1,55.52,0.15,55.52
106091,2024-01-12,Planner,Stationery,West,Online,1,15.94,0.0,15.94
106088,2024-01-12,Planner,Stationery,East,Online,2,15.7,0.0,31.4
106089,2024-01-12,Dumbbell Set,Fitness,South,Online,1,87.27,0.0,87.27
106078,2024-01-12,Bookshelf,Furniture,West,In-Store,2,100.09,0.15,200.18
106090,2024-01-12,Dumbbell Set,Fitness,East,In-Store,2,87.27,0.0,174.54
106079,2024-01-12,Desk Lamp,Furniture,West,Online,1,21.45,0.15,21.45
106080,2024-01-12,Standing Desk,Furniture,West,Online,1,298.66,0.0,298.66
106081,2024-01-12,Resistance Bands,Fitness,West,Online,2,15.14,0.0,30.28
106086,2024-01-12,Bluetooth Speaker,Electronics,North,Online,3,36.34,0.15,109.02
106083,2024-01-12,USB-C Hub,Electronics,Central,Online,1,30.0,0.0,30.0
106084,2024-01-12,Wireless Mouse,Electronics,South,Online,4,17.84,0.0,71.36
106085,2024-01-12,Fountain Pen,Stationery,South,Online,2,19.98,0.0,39.96
106087,2024-01-12,Bluetooth Speaker,Electronics,South,In-Store,2,45.75,0.0,91.5
106082,2024-01-12,Resistance Bands,Fitness,Central,In-Store,1,15.14,0.0,15.14
106124,2024-01-13,Standing Desk,Furniture,Central,Online,1,292.84,0.0,292.84
106123,2024-01-13,Resistance Bands,Fitness,West,Online,2,15.35,0.0,30.7
106122,2024-01-13,Standing Desk,Furniture,East,In-Store,1,313.62,0.0,313.62
106121,2024-01-13,Yoga Mat,Fitness,Central,In-Store,1,18.78,0.15,18.78
106120,2024-01-13,Standing Desk,Furniture,South,Online,1,297.45,0.0,297.45
106119,2024-01-13,Yoga Mat,Fitness,West,In-Store,2,22.36,0.0,44.72
106118,2024-01-13,Yoga Mat,Fitness,West,Online,1,22.36,0.0,22.36
106117,2024-01-13,Running Shoes,Fitness,West,In-Store,1,63.07,0.15,63.07
106115,2024-01-13,Notebook Set,Stationery,East,In-Store,1,8.85,0.0,8.85
106114,2024-01-13,Yoga Mat,Fitness,West,In-Store,1,20.22,0.1,20.22
106116,2024-01-13,Bookshelf,Furniture,North,In-Store,1,124.38,0.0,124.38
106112,2024-01-13,Dumbbell Set,Fitness,South,Online,1,89.67,0.0,89.67
106102,2024-01-13,Desk Lamp,Furniture,Central,In-Store,1,24.13,0.0,24.13
106104,2024-01-13,Planner,Stationery,North,In-Store,1,15.92,0.0,15.92
106105,2024-01-13,Water Bottle,Fitness,East,In-Store,1,13.01,0.0,13.01
106106,2024-01-13,Water Bottle,Fitness,East,Online,1,13.01,0.0,13.01
106103,2024-01-13,Dumbbell Set,Fitness,North,Online,1,93.61,0.0,93.61
106108,2024-01-13,Planner,Stationery,West,Online,4,15.5,0.0,62.0
106109,2024-01-13,Notebook Set,Stationery,East,In-Store,1,8.02,0.15,8.02
106110,2024-01-13,Bookshelf,Furniture,West,Online,1,116.18,0.0,116.18
106111,2024-01-13,Planner,Stationery,North,Online,1,15.6,0.0,15.6
106107,2024-01-13,Wireless Mouse,Electronics,West,In-Store,1,18.76,0.0,18.76
106113,2024-01-13,Yoga Mat,Fitness,North,Online,1,20.22,0.1,20.22
106136,2024-01-14,USB-C Hub,Electronics,North,In-Store,2,27.54,0.1,55.08
106143,2024-01-14,Resistance Bands,Fitness,Central,In-Store,1,15.6,0.0,15.6
106142,2024-01-14,Resistance Bands,Fitness,West,Online,1,15.6,0.0,15.6
106141,2024-01-14,Water Bottle,Fitness,East,In-Store,2,12.98,0.0,25.96
106140,2024-01-14,Wireless Mouse,Electronics,South,In-Store,1,19.89,0.0,19.89
106139,2024-01-14,Planner,Stationery,South,Online,1,15.3,0.0,15.3
106138,2024-01-14,Fountain Pen,Stationery,North,Online,1,19.46,0.0,19.46
106137,2024-01-14,Bluetooth Speaker,Electronics,East,Online,2,45.52,0.0,91.04
106134,2024-01-14,Standing Desk,Furniture,North,Online,1,318.04,0.0,318.04
106133,2024-01-14,Resistance Bands,Fitness,South,Online,1,14.59,0.0,14.59
106125,2024-01-14,Standing Desk,Furniture,Central,Online,2,290.29,0.0,580.58
106126,2024-01-14,Mechanical Keyboard,Electronics,East,In-Store,2,68.44,0.0,136.88
106127,2024-01-14,Standing Desk,Furniture,South,In-Store,1,316.09,0.0,316.09
106128,2024-01-14,Bookshelf,Furniture,North,In-Store,2,121.13,0.0,242.26
106135,2024-01-14,Noise-Cancel Headphones,Electronics,East,In-Store,2,126.73,0.0,253.46
106130,2024-01-14,Dumbbell Set,Fitness,South,In-Store,1,87.0,0.0,87.0
106131,2024-01-14,Dumbbell Set,Fitness,North,Online,1,87.0,0.0,87.0
106132,2024-01-14,Desk Lamp,Furniture,North,Online,2,26.59,0.0,53.18
106129,2024-01-14,Bookshelf,Furniture,North,Online,1,112.96,0.0,112.96
106156,2024-01-15,Office Chair,Furniture,North,Online,1,118.49,0.2,118.49
106161,2024-01-15,Planner,Stationery,South,In-Store,1,16.79,0.0,16.79
106160,2024-01-15,Standing Desk,Furniture,East,In-Store,1,311.83,0.0,311.83
106159,2024-01-15,Bookshelf,Furniture,North,Online,1,123.3,0.0,123.3
106158,2024-01-15,Planner,Stationery,South,In-Store,1,16.18,0.0,16.18
106157,2024-01-15,Bookshelf,Furniture,Central,Online,1,97.81,0.15,97.81
106155,2024-01-15,Resistance Bands,Fitness,East,Online,2,14.1,0.0,28.2
106154,2024-01-15,Bookshelf,Furniture,South,In-Store,1,121.41,0.0,121.41
106144,2024-01-15,Wireless Mouse,Electronics,North,Online,1,17.97,0.0,17.97
106152,2024-01-15,Wireless Mouse,Electronics,North,In-Store,1,19.22,0.0,19.22
106151,2024-01-15,Bookshelf,Furniture,East,In-Store,1,103.08,0.15,103.08
106150,2024-01-15,Notebook Set,Stationery,Central,Online,1,9.09,0.0,9.09
106149,2024-01-15,Mechanical Keyboard,Electronics,East,In-Store,1,66.96,0.0,66.96
106148,2024-01-15,Mechanical Keyboard,Electronics,North,Online,1,60.76,0.1,60.76
106147,2024-01-15,Bookshelf,Furniture,East,Online,1,107.93,0.1,107.93
106146,2024-01-15,Office Chair,Furniture,Central,Online,1,148.91,0.0,148.91
106145,2024-01-15,Standing Desk,Furniture,West,Online,1,312.02,0.0,312.02
106153,2024-01-15,Office Chair,Furniture,North,Online,1,151.38,0.0,151.38
106176,2024-01-16,Yoga Mat,Fitness,North,Online,4,21.67,0.0,86.68
106177,2024-01-16,Yoga Mat,Fitness,East,Online,2,21.67,0.0,43.34
106178,2024-01-16,Water Bottle,Fitness,Central,Online,1,13.3,0.0,13.3
106175,2024-01-16,Office Chair,Furniture,South,Online,1,148.43,0.0,148.43
106180,2024-01-16,Mechanical Keyboard,Electronics,North,In-Store,1,65.48,0.0,65.48
106181,2024-01-16,Resistance Bands,Fitness,West,Online,1,13.58,0.0,13.58
106182,2024-01-16,Standing Desk,Furniture,East,Online,1,290.9,0.0,290.9
106179,2024-01-16,Planner,Stationery,West,In-Store,2,16.35,0.0,32.7
106174,2024-01-16,Running Shoes,Fitness,North,In-Store,1,76.83,0.0,76.83
106162,2024-01-16,Mechanical Keyboard,Electronics,West,In-Store,1,65.14,0.0,65.14
106172,2024-01-16,Notebook Set,Stationery,East,Online,2,8.98,0.0,17.96
106171,2024-01-16,Bluetooth Speaker,Electronics,Central,In-Store,3,45.23,0.0,135.69
106170,2024-01-16,Dumbbell Set,Fitness,South,In-Store,1,91.19,0.0,91.19
106169,2024-01-16,Desk Lamp,Furniture,South,Online,2,24.21,0.0,48.42
106168,2024-01-16,Resistance Bands,Fitness,East,In-Store,1,12.49,0.1,12.49
106167,2024-01-16,Resistance Bands,Fitness,Central,In-Store,2,12.49,0.1,24.98
106166,2024-01-16,Bluetooth Speaker,Electronics,East,Online,1,39.03,0.15,39.03
106165,2024-01-16,Noise-Cancel Headphones,Electronics,East,Online,2,134.25,0.0,268.5
106164,2024-01-16,Bookshelf,Furniture,South,In-Store,2,125.57,0.0,251.14
106163,2024-01-16,Wireless Mouse,Electronics,East,Online,3,16.34,0.1,49.02
106173,2024-01-16,Running Shoes,Fitness,Central,In-Store,3,76.83,0.0,230.49
106190,2024-01-17,Running Shoes,Fitness,North,Online,2,77.42,0.0,154.84
106192,2024-01-17,Notebook Set,Stationery,West,Online,2,7.5,0.15,15.0
106191,2024-01-17,Notebook Set,Stationery,North,Online,1,8.98,0.0,8.98
106189,2024-01-17,Running Shoes,Fitness,South,Online,1,77.42,0.0,77.42
106183,2024-01-17,Notebook Set,Stationery,Central,Online,1,8.87,0.0,8.87
106187,2024-01-17,Bookshelf,Furniture,South,Online,2,102.61,0.15,205.22
106186,2024-01-17,Wireless Mouse,Electronics,Central,Online,3,19.27,0.0,57.81
106185,2024-01-17,Water Bottle,Fitness,South,In-Store,1,11.4,0.1,11.4
106184,2024-01-17,Mechanical Keyboard,Electronics,East,Online,1,62.96,0.0,62.96
106188,2024-01-17,Desk Lamp,Furniture,North,Online,3,19.96,0.2,59.88
106211,2024-01-18,Running Shoes,Fitness,North,In-Store,1,73.61,0.0,73.61
106212,2024-01-18,Bookshelf,Furniture,North,In-Store,1,121.5,0.0,121.5
106213,2024-01-18,Running Shoes,Fitness,North,Online,1,78.57,0.0,78.57
106214,2024-01-18,Running Shoes,Fitness,Central,In-Store,2,78.57,0.0,157.14
106215,2024-01-18,Yoga Mat,Fitness,South,Online,1,21.59,0.0,21.59
106218,2024-01-18,Mechanical Keyboard,Electronics,East,Online,2,65.36,0.0,130.72
106217,2024-01-18,Planner,Stationery,South,In-Store,1,16.38,0.0,16.38
106219,2024-01-18,Bluetooth Speaker,Electronics,South,In-Store,2,44.99,0.0,89.98
106220,2024-01-18,Standing Desk,Furniture,North,In-Store,2,295.25,0.0,590.5
106221,2024-01-18,Notebook Set,Stationery,South,In-Store,1,8.85,0.0,8.85
106222,2024-01-18,Notebook Set,Stationery,South,Online,1,8.85,0.0,8.85
106216,2024-01-18,Yoga Mat,Fitness,Central,In-Store,2,21.59,0.0,43.18
106209,2024-01-18,Desk Lamp,Furniture,East,Online,1,26.58,0.0,26.58
106210,2024-01-18,Dumbbell Set,Fitness,East,Online,2,86.19,0.0,172.38
106207,2024-01-18,Bookshelf,Furniture,South,In-Store,1,124.86,0.0,124.86
106193,2024-01-18,Bluetooth Speaker,Electronics,North,Online,1,46.37,0.0,46.37
106194,2024-01-18,Water Bottle,Fitness,Central,Online,1,12.72,0.0,12.72
106195,2024-01-18,Yoga Mat,Fitness,North,Online,1,18.94,0.1,18.94
106196,2024-01-18,Yoga Mat,Fitness,West,Online,1,18.94,0.1,18.94
106208,2024-01-18,USB-C Hub,Electronics,Central,Online,1,28.59,0.0,28.59
106198,2024-01-18,Resistance Bands,Fitness,North,Online,1,14.15,0.0,14.15
106199,2024-01-18,Resistance Bands,Fitness,North,Online,1,14.15,0.0,14.15
106197,2024-01-18,Dumbbell Set,Fitness,North,Online,2,91.95,0.0,183.9
106201,2024-01-18,USB-C Hub,Electronics,North,In-Store,1,29.16,0.0,29.16
106202,2024-01-18,Dumbbell Set,Fitness,West,Online,3,92.75,0.0,278.25
106203,2024-01-18,Resistance Bands,Fitness,East,Online,1,13.49,0.1,13.49
106204,2024-01-18,Office Chair,Furniture,South,In-Store,2,120.94,0.2,241.88
106205,2024-01-18,Running Shoes,Fitness,South,Online,1,72.65,0.0,72.65
106206,2024-01-18,Running Shoes,Fitness,South,Online,1,72.65,0.0,72.65
106200,2024-01-18,Planner,Stationery,South,Online,1,15.56,0.0,15.56
106233,2024-01-19,Bookshelf,Furniture,Central,Online,2,115.08,0.0,230.16
106237,2024-01-19,Water Bottle,Fitness,East,In-Store,1,10.5,0.15,10.5
106236,2024-01-19,Water Bottle,Fitness,East,Online,1,10.5,0.15,10.5
106235,2024-01-19,Resistance Bands,Fitness,North,In-Store,1,14.52,0.0,14.52
106234,2024-01-19,Wireless Mouse,Electronics,Central,Online,2,16.92,0.1,33.84
106232,2024-01-19,Wireless Mouse,Electronics,West,In-Store,2,19.48,0.0,38.96
106228,2024-01-19,Dumbbell Set,Fitness,Central,Online,2,89.41,0.0,178.82
106230,2024-01-19,Fountain Pen,Stationery,South,Online,1,19.1,0.0,19.1
106229,2024-01-19,Dumbbell Set,Fitness,West,Online,2,89.41,0.0,178.82
106223,2024-01-19,USB-C Hub,Electronics,Central,Online,3,29.58,0.0,88.74
106227,2024-01-19,Yoga Mat,Fitness,West,In-Store,1,22.36,0.0,22.36
106226,2024-01-19,Yoga Mat,Fitness,Central,In-Store,1,22.36,0.0,22.36
106225,2024-01-19,Wireless Mouse,Electronics,East,In-Store,1,17.88,0.0,17.88
106231,2024-01-19,Notebook Set,Stationery,Central,In-Store,2,7.88,0.1,15.76
106224,2024-01-19,Yoga Mat,Fitness,West,Online,2,21.92,0.0,43.84
106253,2024-01-20,Planner,Stationery,East,Online,2,16.0,0.0,32.0
106254,2024-01-20,Water Bottle,Fitness,South,In-Store,2,12.96,0.0,25.92
106255,2024-01-20,Notebook Set,Stationery,West,Online,1,9.37,0.0,9.37
106256,2024-01-20,Bluetooth Speaker,Electronics,West,In-Store,2,42.1,0.1,84.2
106260,2024-01-20,Office Chair,Furniture,North,In-Store,1,151.23,0.0,151.23
106258,2024-01-20,USB-C Hub,Electronics,Central,Online,2,30.4,0.0,60.8
106259,2024-01-20,Mechanical Keyboard,Electronics,North,Online,1,69.43,0.0,69.43
106252,2024-01-20,USB-C Hub,Electronics,East,Online,1,29.18,0.1,29.18
106257,2024-01-20,Notebook Set,Stationery,North,Online,1,9.02,0.0,9.02
106251,2024-01-20,USB-C Hub,Electronics,North,Online,2,29.8,0.0,59.6
106261,2024-01-20,Running Shoes,Fitness,North,In-Store,1,76.14,0.0,76.14
106249,2024-01-20,Office Chair,Furniture,West,Online,2,148.17,0.0,296.34
106239,2024-01-20,Yoga Mat,Fitness,North,In-Store,1,21.96,0.0,21.96
106240,2024-01-20,Yoga Mat,Fitness,West,Online,1,21.96,0.0,21.96
106241,2024-01-20,Office Chair,Furniture,North,Online,1,149.07,0.0,149.07
106242,2024-01-20,Running Shoes,Fitness,Central,Online,1,73.7,0.0,73.7
106243,2024-01-20,Dumbbell Set,Fitness,West,Online,2,88.28,0.0,176.56
106238,2024-01-20,USB-C Hub,Electronics,South,In-Store,1,31.09,0.0,31.09
106245,2024-01-20,Standing Desk,Furniture,West,Online,1,311.2,0.0,311.2
106246,2024-01-20,Bookshelf,Furniture,South,Online,1,117.94,0.0,117.94
106247,2024-01-20,Mechanical Keyboard,Electronics,South,In-Store,2,65.85,0.0,131.7
106248,2024-01-20,Notebook Set,Stationery,Central,Online,1,8.81,0.0,8.81
106244,2024-01-20,Dumbbell Set,Fitness,South,In-Store,1,88.28,0.0,88.28
106250,2024-01-20,Noise-Cancel Headphones,Electronics,North,Online,2,126.55,0.0,253.1
106273,2024-01-21,Mechanical Keyboard,Electronics,North,Online,1,63.42,0.0,63.42
106280,2024-01-21,Yoga Mat,Fitness,Central,Online,1,19.15,0.1,19.15
106279,2024-01-21,Yoga Mat,Fitness,East,Online,1,19.15,0.1,19.15
106278,2024-01-21,Office Chair,Furniture,South,In-Store,1,128.11,0.15,128.11
106277,2024-01-21,Water Bottle,Fitness,South,In-Store,1,13.09,0.0,13.09
106276,2024-01-21,Office Chair,Furniture,North,In-Store,1,159.06,0.0,159.06
106275,2024-01-21,Bookshelf,Furniture,South,In-Store,2,122.43,0.0,244.86
106274,2024-01-21,Standing Desk,Furniture,South,Online,1,302.37,0.0,302.37
106271,2024-01-21,Wireless Mouse,Electronics,West,Online,1,19.21,0.0,19.21
106270,2024-01-21,Running Shoes,Fitness,South,Online,1,67.27,0.15,67.27
106269,2024-01-21,Noise-Cancel Headphones,Electronics,Central,Online,1,105.99,0.15,105.99
106268,2024-01-21,Fountain Pen,Stationery,Central,Online,2,19.06,0.0,38.12
106267,2024-01-21,Notebook Set,Stationery,Central,In-Store,2,8.93,0.0,17.86
106266,2024-01-21,Wireless Mouse,Electronics,Central,Online,1,19.44,0.0,19.44
106265,2024-01-21,Resistance Bands,Fitness,South,Online,1,14.21,0.0,14.21
106264,2024-01-21,Noise-Cancel Headphones,Electronics,South,Online,2,125.95,0.0,251.9
106263,2024-01-21,Running Shoes,Fitness,Central,Online,1,74.71,0.0,74.71
106262,2024-01-21,Desk Lamp,Furniture,West,In-Store,1,18.96,0.2,18.96
106272,2024-01-21,Resistance Bands,Fitness,East,In-Store,1,14.99,0.0,14.99
106294,2024-01-22,Bookshelf,Furniture,East,Online,2,101.34,0.15,202.68
106295,2024-01-22,Resistance Bands,Fitness,South,Online,1,14.68,0.0,14.68
106296,2024-01-22,Resistance Bands,Fitness,Central,In-Store,1,14.68,0.0,14.68
106293,2024-01-22,Mechanical Keyboard,Electronics,South,Online,1,62.43,0.0,62.43
106298,2024-01-22,Yoga Mat,Fitness,East,Online,2,21.43,0.0,42.86
106299,2024-01-22,Yoga Mat,Fitness,West,In-Store,1,21.43,0.0,21.43
106300,2024-01-22,Planner,Stationery,North,Online,1,14.4,0.1,14.4
106297,2024-01-22,Fountain Pen,Stationery,South,Online,1,19.42,0.0,19.42
106292,2024-01-22,Bookshelf,Furniture,West,In-Store,2,118.32,0.0,236.64
106282,2024-01-22,Yoga Mat,Fitness,East,Online,2,19.87,0.1,39.74
106290,2024-01-22,Bookshelf,Furniture,North,Online,2,125.25,0.0,250.5
106289,2024-01-22,Desk Lamp,Furniture,North,Online,3,25.42,0.0,76.26
106288,2024-01-22,Office Chair,Furniture,South,Online,1,154.08,0.0,154.08
106287,2024-01-22,Wireless Mouse,Electronics,South,In-Store,1,18.39,0.0,18.39
106286,2024-01-22,Dumbbell Set,Fitness,South,In-Store,1,78.52,0.15,78.52
106285,2024-01-22,Water Bottle,Fitness,South,Online,1,12.85,0.0,12.85
106284,2024-01-22,Running Shoes,Fitness,North,In-Store,1,78.66,0.0,78.66
106283,2024-01-22,Mechanical Keyboard,Electronics,West,In-Store,1,64.99,0.0,64.99
106281,2024-01-22,Yoga Mat,Fitness,South,In-Store,1,19.87,0.1,19.87
106291,2024-01-22,Bluetooth Speaker,Electronics,East,Online,2,42.47,0.0,84.94
106314,2024-01-23,Bluetooth Speaker,Electronics,South,Online,1,44.42,0.0,44.42
106313,2024-01-23,Bluetooth Speaker,Electronics,South,In-Store,1,46.1,0.0,46.1
106311,2024-01-23,Desk Lamp,Furniture,South,Online,1,24.74,0.0,24.74
106310,2024-01-23,Dumbbell Set,Fitness,South,In-Store,2,88.76,0.0,177.52
106309,2024-01-23,Wireless Mouse,Electronics,South,In-Store,1,19.28,0.0,19.28
106312,2024-01-23,Dumbbell Set,Fitness,South,Online,2,93.56,0.0,187.12
106307,2024-01-23,Noise-Cancel Headphones,Electronics,North,Online,1,129.22,0.0,129.22
106306,2024-01-23,Fountain Pen,Stationery,Central,Online,1,19.77,0.0,19.77
106305,2024-01-23,Yoga Mat,Fitness,West,Online,1,22.49,0.0,22.49
106304,2024-01-23,Mechanical Keyboard,Electronics,Central,In-Store,1,66.38,0.0,66.38
106303,2024-01-23,USB-C Hub,Electronics,North,In-Store,2,30.21,0.0,60.42
106302,2024-01-23,Planner,Stationery,East,Online,2,15.56,0.0,31.12
106301,2024-01-23,Bluetooth Speaker,Electronics,South,Online,1,44.85,0.0,44.85
106308,2024-01-23,Planner,Stationery,West,Online,1,16.97,0.0,16.97
106325,2024-01-24,Yoga Mat,Fitness,East,Online,1,21.88,0.0,21.88
106324,2024-01-24,USB-C Hub,Electronics,East,Online,1,30.56,0.0,30.56
106323,2024-01-24,USB-C Hub,Electronics,West,Online,1,26.94,0.1,26.94
106322,2024-01-24,Planner,Stationery,North,In-Store,3,16.73,0.0,50.19
106320,2024-01-24,USB-C Hub,Electronics,North,Online,2,31.26,0.0,62.52
106319,2024-01-24,Running Shoes,Fitness,West,In-Store,1,71.6,0.0,71.6
106318,2024-01-24,Running Shoes,Fitness,North,Online,1,71.6,0.0,71.6
106317,2024-01-24,USB-C Hub,Electronics,North,Online,2,28.99,0.0,57.98
106316,2024-01-24,Resistance Bands,Fitness,West,Online,3,12.12,0.2,36.36
106315,2024-01-24,Mechanical Keyboard,Electronics,West,Online,1,65.72,0.0,65.72
106321,2024-01-24,Desk Lamp,Furniture,Central,In-Store,1,23.49,0.1,23.49
106334,2024-01-25,Fountain Pen,Stationery,North,In-Store,1,20.48,0.0,20.48
106337,2024-01-25,USB-C Hub,Electronics,Central,In-Store,1,30.23,0.0,30.23
106336,2024-01-25,Standing Desk,Furniture,South,Online,1,289.71,0.0,289.71
106335,2024-01-25,Notebook Set,Stationery,South,Online,2,8.99,0.0,17.98
106333,2024-01-25,Wireless Mouse,Electronics,South,In-Store,1,19.26,0.0,19.26
106327,2024-01-25,Resistance Bands,Fitness,East,In-Store,1,15.17,0.0,15.17
106331,2024-01-25,Dumbbell Set,Fitness,South,Online,1,83.83,0.0,83.83
106330,2024-01-25,Dumbbell Set,Fitness,North,Online,1,90.55,0.0,90.55
106329,2024-01-25,Standing Desk,Furniture,East,Online,1,308.33,0.0,308.33
106328,2024-01-25,Fountain Pen,Stationery,South,Online,1,20.13,0.0,20.13
106332,2024-01-25,Dumbbell Set,Fitness,North,Online,2,83.83,0.0,167.66
106326,2024-01-25,Resistance Bands,Fitness,Central,Online,1,15.17,0.0,15.17
106353,2024-01-26,USB-C Hub,Electronics,Central,Online,2,29.49,0.0,58.98
106352,2024-01-26,Mechanical Keyboard,Electronics,Central,In-Store,1,63.73,0.0,63.73
106351,2024-01-26,Fountain Pen,Stationery,North,Online,1,19.6,0.0,19.6
106349,2024-01-26,Mechanical Keyboard,Electronics,East,Online,2,58.39,0.1,116.78
106348,2024-01-26,USB-C Hub,Electronics,West,In-Store,1,29.69,0.0,29.69
106347,2024-01-26,Office Chair,Furniture,North,Online,1,150.08,0.0,150.08
106350,2024-01-26,Noise-Cancel Headphones,Electronics,Central,Online,2,111.25,0.15,222.5
106345,2024-01-26,Planner,Stationery,West,In-Store,2,15.66,0.0,31.32
106346,2024-01-26,Bluetooth Speaker,Electronics,South,In-Store,2,42.88,0.0,85.76
106339,2024-01-26,Running Shoes,Fitness,East,Online,1,70.86,0.0,70.86
106340,2024-01-26,Running Shoes,Fitness,South,Online,2,70.86,0.0,141.72
106341,2024-01-26,Notebook Set,Stationery,North,Online,1,9.05,0.0,9.05
106338,2024-01-26,Planner,Stationery,West,In-Store,1,14.88,0.0,14.88
106343,2024-01-26,Bluetooth Speaker,Electronics,South,Online,1,44.55,0.0,44.55
106344,2024-01-26,Yoga Mat,Fitness,North,In-Store,2,21.92,0.0,43.84
106342,2024-01-26,Standing Desk,Furniture,South,In-Store,1,313.42,0.0,313.42
106369,2024-01-27,Water Bottle,Fitness,West,Online,1,10.98,0.15,10.98
106380,2024-01-27,Notebook Set,Stationery,West,Online,4,8.8,0.0,35.2
106379,2024-01-27,Desk Lamp,Furniture,Central,Online,1,24.46,0.0,24.46
106377,2024-01-27,Resistance Bands,Fitness,East,Online,1,12.9,0.15,12.9
106376,2024-01-27,Resistance Bands,Fitness,South,In-Store,1,12.9,0.15,12.9
106375,2024-01-27,Water Bottle,Fitness,South,Online,1,12.04,0.1,12.04
106374,2024-01-27,Water Bottle,Fitness,South,In-Store,1,12.04,0.1,12.04
106373,2024-01-27,Wireless Mouse,Electronics,South,In-Store,1,19.26,0.0,19.26
106372,2024-01-27,Noise-Cancel Headphones,Electronics,South,In-Store,2,138.01,0.0,276.02
106371,2024-01-27,Bookshelf,Furniture,West,Online,1,122.93,0.0,122.93
106370,2024-01-27,Wireless Mouse,Electronics,South,Online,1,19.34,0.0,19.34
106368,2024-01-27,Noise-Cancel Headphones,Electronics,Central,Online,1,111.4,0.15,111.4
106378,2024-01-27,Resistance Bands,Fitness,North,Online,1,14.95,0.0,14.95
106366,2024-01-27,Resistance Bands,Fitness,North,Online,1,14.37,0.0,14.37
106354,2024-01-27,Bluetooth Speaker,Electronics,North,Online,1,45.75,0.0,45.75
106367,2024-01-27,Resistance Bands,Fitness,Central,Online,2,14.37,0.0,28.74
106355,2024-01-27,Mechanical Keyboard,Electronics,West,In-Store,1,63.59,0.0,63.59
106356,2024-01-27,Notebook Set,Stationery,East,Online,1,7.55,0.15,7.55
106358,2024-01-27,Noise-Cancel Headphones,Electronics,Central,In-Store,2,132.93,0.0,265.86
106359,2024-01-27,Mechanical Keyboard,Electronics,South,Online,1,66.45,0.0,66.45
106357,2024-01-27,Running Shoes,Fitness,North,Online,4,72.14,0.0,288.56
106361,2024-01-27,Mechanical Keyboard,Electronics,West,Online,1,53.2,0.2,53.2
106362,2024-01-27,Wireless Mouse,Electronics,East,Online,1,16.52,0.15,16.52
106363,2024-01-27,Fountain Pen,Stationery,West,In-Store,1,20.7,0.0,20.7
106364,2024-01-27,Notebook Set,Stationery,East,In-Store,1,8.62,0.0,8.62
106365,2024-01-27,Mechanical Keyboard,Electronics,West,In-Store,1,59.42,0.1,59.42
106360,2024-01-27,Running Shoes,Fitness,East,Online,2,71.21,0.0,142.42
106390,2024-01-28,Office Chair,Furniture,South,In-Store,1,157.22,0.0,157.22
106393,2024-01-28,Notebook Set,Stationery,South,Online,1,8.8,0.0,8.8
106392,2024-01-28,Bluetooth Speaker,Electronics,East,In-Store,2,47.31,0.0,94.62
106391,2024-01-28,Notebook Set,Stationery,South,Online,1,9.54,0.0,9.54
106389,2024-01-28,Yoga Mat,Fitness,East,Online,3,22.09,0.0,66.27
106385,2024-01-28,Bookshelf,Furniture,Central,In-Store,1,113.32,0.0,113.32
106387,2024-01-28,Water Bottle,Fitness,East,In-Store,1,13.41,0.0,13.41
106386,2024-01-28,Notebook Set,Stationery,West,In-Store,1,8.7,0.0,8.7
106384,2024-01-28,Bookshelf,Furniture,Central,Online,1,120.89,0.0,120.89
106383,2024-01-28,Standing Desk,Furniture,Central,Online,1,303.54,0.0,303.54
106382,2024-01-28,Running Shoes,Fitness,Central,Online,2,69.77,0.1,139.54
106381,2024-01-28,Planner,Stationery,South,Online,2,16.11,0.0,32.22
106388,2024-01-28,Water Bottle,Fitness,East,Online,2,13.41,0.0,26.82
106404,2024-01-29,Yoga Mat,Fitness,Central,In-Store,1,19.71,0.1,19.71
106409,2024-01-29,Running Shoes,Fitness,North,Online,1,73.16,0.0,73.16
106408,2024-01-29,Running Shoes,Fitness,North,Online,2,73.16,0.0,146.32
106407,2024-01-29,Planner,Stationery,South,In-Store,2,16.77,0.0,33.54
106406,2024-01-29,Fountain Pen,Stationery,Central,Online,1,20.19,0.0,20.19
106405,2024-01-29,Resistance Bands,Fitness,West,In-Store,2,14.34,0.0,28.68
106403,2024-01-29,Water Bottle,Fitness,Central,In-Store,2,13.01,0.0,26.02
106396,2024-01-29,Fountain Pen,Stationery,East,Online,2,20.65,0.0,41.3
106401,2024-01-29,Bookshelf,Furniture,Central,Online,1,126.15,0.0,126.15
106400,2024-01-29,Office Chair,Furniture,Central,In-Store,1,148.81,0.0,148.81
106399,2024-01-29,Water Bottle,Fitness,East,Online,1,13.63,0.0,13.63
106398,2024-01-29,Yoga Mat,Fitness,South,Online,1,19.55,0.1,19.55
106397,2024-01-29,Yoga Mat,Fitness,Central,Online,1,19.55,0.1,19.55
106395,2024-01-29,Desk Lamp,Furniture,Central,Online,1,19.05,0.2,19.05
106402,2024-01-29,Water Bottle,Fitness,West,Online,1,13.01,0.0,13.01
106394,2024-01-29,Office Chair,Furniture,West,In-Store,2,151.59,0.0,303.18
106426,2024-01-30,Bluetooth Speaker,Electronics,East,In-Store,1,38.05,0.2,38.05
106427,2024-01-30,Planner,Stationery,North,Online,1,15.78,0.0,15.78
106428,2024-01-30,Yoga Mat,Fitness,West,Online,1,20.82,0.0,20.82
106429,2024-01-30,Yoga Mat,Fitness,Central,Online,2,20.82,0.0,41.64
106430,2024-01-30,Resistance Bands,Fitness,North,In-Store,1,12.72,0.1,12.72
106433,2024-01-30,Wireless Mouse,Electronics,West,Online,1,15.23,0.2,15.23
106432,2024-01-30,Mechanical Keyboard,Electronics,North,Online,1,65.69,0.0,65.69
106434,2024-01-30,Dumbbell Set,Fitness,East,Online,2,78.43,0.15,156.86
106435,2024-01-30,Dumbbell Set,Fitness,East,Online,1,78.43,0.15,78.43
106425,2024-01-30,USB-C Hub,Electronics,South,Online,2,30.29,0.0,60.58
106431,2024-01-30,Standing Desk,Furniture,North,Online,1,294.63,0.0,294.63
106424,2024-01-30,Dumbbell Set,Fitness,South,Online,2,94.77,0.0,189.54
106415,2024-01-30,Mechanical Keyboard,Electronics,East,Online,2,63.68,0.0,127.36
106422,2024-01-30,Dumbbell Set,Fitness,North,Online,1,77.72,0.15,77.72
106423,2024-01-30,Dumbbell Set,Fitness,West,Online,1,94.77,0.0,94.77
106411,2024-01-30,Resistance Bands,Fitness,South,Online,2,14.84,0.0,29.68
106412,2024-01-30,Planner,Stationery,East,In-Store,2,15.79,0.0,31.58
106413,2024-01-30,USB-C Hub,Electronics,South,In-Store,1,29.29,0.0,29.29
106414,2024-01-30,Office Chair,Furniture,North,Online,1,146.47,0.0,146.47
106410,2024-01-30,Notebook Set,Stationery,South,Online,2,8.83,0.0,17.66
106417,2024-01-30,Water Bottle,Fitness,Central,Online,1,12.46,0.0,12.46
106418,2024-01-30,Water Bottle,Fitness,West,Online,1,12.46,0.0,12.46
106419,2024-01-30,Resistance Bands,Fitness,Central,Online,1,12.18,0.15,12.18
106420,2024-01-30,Dumbbell Set,Fitness,East,Online,1,91.67,0.0,91.67
106421,2024-01-30,Planner,Stationery,West,In-Store,1,15.1,0.0,15.1
106416,2024-01-30,Resistance Bands,Fitness,South,In-Store,1,14.58,0.0,14.58
106451,2024-01-31,Bookshelf,Furniture,North,Online,2,111.52,0.0,223.04
106452,2024-01-31,Resistance Bands,Fitness,East,Online,1,14.59,0.0,14.59
106453,2024-01-31,Resistance Bands,Fitness,West,Online,1,14.59,0.0,14.59
106454,2024-01-31,Water Bottle,Fitness,Central,In-Store,2,13.75,0.0,27.5
106457,2024-01-31,Mechanical Keyboard,Electronics,North,Online,2,60.2,0.1,120.4
106456,2024-01-31,Notebook Set,Stationery,North,Online,2,8.79,0.0,17.58
106458,2024-01-31,Noise-Cancel Headphones,Electronics,South,Online,2,124.7,0.0,249.4
106459,2024-01-31,Standing Desk,Furniture,East,Online,1,282.41,0.0,282.41
106450,2024-01-31,Wireless Mouse,Electronics,North,Online,1,18.16,0.0,18.16
106455,2024-01-31,Wireless Mouse,Electronics,West,In-Store,1,18.99,0.0,18.99
106449,2024-01-31,Desk Lamp,Furniture,East,In-Store,1,25.81,0.0,25.81
106447,2024-01-31,Yoga Mat,Fitness,East,In-Store,2,22.5,0.0,45.0
106438,2024-01-31,Wireless Mouse,Electronics,West,Online,1,19.84,0.0,19.84
106446,2024-01-31,Yoga Mat,Fitness,North,Online,1,22.5,0.0,22.5
106445,2024-01-31,Fountain Pen,Stationery,North,Online,1,20.04,0.0,20.04
106444,2024-01-31,Water Bottle,Fitness,North,Online,1,11.28,0.15,11.28
106443,2024-01-31,Water Bottle,Fitness,East,Online,2,11.28,0.15,22.56
106442,2024-01-31,Noise-Cancel Headphones,Electronics,Central,Online,1,131.26,0.0,131.26
106441,2024-01-31,Mechanical Keyboard,Electronics,East,In-Store,1,64.14,0.0,64.14
106440,2024-01-31,Running Shoes,Fitness,South,Online,1,73.6,0.0,73.6
106439,2024-01-31,Running Shoes,Fitness,Central,Online,1,73.6,0.0,73.6
106448,2024-01-31,Yoga Mat,Fitness,Central,Online,1,21.46,0.0,21.46
106437,2024-01-31,Office Chair,Furniture,West,Online,1,157.19,0.0,157.19
106436,2024-01-31,Standing Desk,Furniture,East,Online,1,299.05,0.0,299.05
106472,2024-02-01,Resistance Bands,Fitness,West,In-Store,1,15.34,0.0,15.34
106473,2024-02-01,Dumbbell Set,Fitness,South,Online,4,87.51,0.0,350.04
106474,2024-02-01,Desk Lamp,Furniture,East,In-Store,1,24.67,0.0,24.67
106471,2024-02-01,Dumbbell Set,Fitness,North,In-Store,2,90.69,0.0,181.38
106476,2024-02-01,Bluetooth Speaker,Electronics,South,In-Store,1,45.36,0.0,45.36
106477,2024-02-01,Dumbbell Set,Fitness,South,Online,3,86.4,0.0,259.2
106475,2024-02-01,Bluetooth Speaker,Electronics,South,Online,3,36.43,0.15,109.29
106470,2024-02-01,Wireless Mouse,Electronics,North,In-Store,1,18.27,0.0,18.27
106466,2024-02-01,Resistance Bands,Fitness,North,In-Store,1,14.69,0.0,14.69
106468,2024-02-01,Office Chair,Furniture,Central,Online,1,144.91,0.0,144.91
106461,2024-02-01,Noise-Cancel Headphones,Electronics,Central,Online,1,127.65,0.0,127.65
106462,2024-02-01,Bluetooth Speaker,Electronics,West,Online,1,42.14,0.1,42.14
106463,2024-02-01,Dumbbell Set,Fitness,North,In-Store,1,87.93,0.0,87.93
106469,2024-02-01,Wireless Mouse,Electronics,South,In-Store,2,20.28,0.0,40.56
106465,2024-02-01,Bluetooth Speaker,Electronics,South,In-Store,1,45.03,0.0,45.03
106460,2024-02-01,Mechanical Keyboard,Electronics,South,Online,1,65.85,0.0,65.85
106467,2024-02-01,Yoga Mat,Fitness,South,Online,2,22.1,0.0,44.2
106464,2024-02-01,USB-C Hub,Electronics,North,Online,2,27.39,0.0,54.78
106490,2024-02-02,Noise-Cancel Headphones,Electronics,East,Online,1,123.23,0.0,123.23
106496,2024-02-02,Dumbbell Set,Fitness,West,Online,1,87.27,0.0,87.27
106495,2024-02-02,Water Bottle,Fitness,South,In-Store,2,12.04,0.1,24.08
106494,2024-02-02,Notebook Set,Stationery,South,Online,1,7.06,0.2,7.06
106493,2024-02-02,Desk Lamp,Furniture,Central,In-Store,1,24.36,0.0,24.36
106492,2024-02-02,Noise-Cancel Headphones,Electronics,West,In-Store,2,127.15,0.0,254.3
106491,2024-02-02,Fountain Pen,Stationery,South,Online,1,19.62,0.0,19.62
106497,2024-02-02,Mechanical Keyboard,Electronics,North,Online,2,68.79,0.0,137.58
106489,2024-02-02,Noise-Cancel Headphones,Electronics,Central,In-Store,1,130.32,0.0,130.32
106487,2024-02-02,Mechanical Keyboard,Electronics,East,Online,2,64.89,0.0,129.78
106488,2024-02-02,Planner,Stationery,Central,In-Store,1,15.67,0.0,15.67
106479,2024-02-02,Office Chair,Furniture,South,Online,1,131.14,0.15,131.14
106480,2024-02-02,Yoga Mat,Fitness,South,In-Store,1,21.67,0.0,21.67
106481,2024-02-02,Dumbbell Set,Fitness,West,Online,1,85.88,0.0,85.88
106478,2024-02-02,Bookshelf,Furniture,Central,Online,2,119.18,0.0,238.36
106483,2024-02-02,Resistance Bands,Fitness,South,In-Store,2,14.16,0.0,28.32
106484,2024-02-02,Resistance Bands,Fitness,North,Online,2,14.16,0.0,28.32
106485,2024-02-02,Bookshelf,Furniture,East,In-Store,1,,0.0,113.37
106486,2024-02-02,Bookshelf,Furniture,East,Online,1,121.29,0.0,121.29
106482,2024-02-02,Standing Desk,Furniture,West,In-Store,2,299.1,0.0,598.2
106519,2024-02-03,Office Chair,Furniture,North,In-Store,2,157.3,0.0,314.6
106518,2024-02-03,Bluetooth Speaker,Electronics,East,Online,2,47.0,0.0,94.0
106517,2024-02-03,Notebook Set,Stationery,North,Online,1,9.03,0.0,9.03
106516,2024-02-03,Mechanical Keyboard,Electronics,South,In-Store,2,65.28,0.0,130.56
106515,2024-02-03,Fountain Pen,Stationery,South,Online,2,19.46,0.0,38.92
106514,2024-02-03,Resistance Bands,Fitness,North,In-Store,1,14.76,0.0,14.76
106513,2024-02-03,USB-C Hub,Electronics,Central,Online,1,29.37,0.0,29.37
106511,2024-02-03,Noise-Cancel Headphones,Electronics,West,Online,1,124.92,0.0,124.92
106510,2024-02-03,Wireless Mouse,Electronics,East,In-Store,1,19.49,0.0,19.49
106512,2024-02-03,Bluetooth Speaker,Electronics,West,Online,2,44.76,0.0,89.52
106508,2024-02-03,Fountain Pen,Stationery,West,In-Store,1,19.01,0.0,19.01
106498,2024-02-03,Office Chair,Furniture,North,In-Store,1,132.34,0.1,132.34
106499,2024-02-03,USB-C Hub,Electronics,South,In-Store,1,28.66,0.0,28.66
106500,2024-02-03,Noise-Cancel Headphones,Electronics,North,In-Store,1,125.15,0.0,125.15
106501,2024-02-03,Dumbbell Set,Fitness,North,Online,4,90.68,0.0,362.72
106502,2024-02-03,Standing Desk,Furniture,East,Online,1,300.99,0.0,300.99
106509,2024-02-03,Wireless Mouse,Electronics,North,In-Store,1,18.6,0.0,18.6
106504,2024-02-03,Bookshelf,Furniture,Central,Online,2,104.21,0.15,208.42
106505,2024-02-03,Wireless Mouse,Electronics,North,Online,2,18.84,0.0,37.68
106506,2024-02-03,Office Chair,Furniture,South,Online,1,127.1,0.15,127.1
106507,2024-02-03,Yoga Mat,Fitness,South,Online,1,21.73,0.0,21.73
106503,2024-02-03,Bookshelf,Furniture,West,In-Store,1,99.33,0.15,99.33
106542,2024-02-04,Dumbbell Set,Fitness,Central,In-Store,1,92.04,0.0,92.04
106541,2024-02-04,Bookshelf,Furniture,West,Online,1,100.48,0.15,100.48
106540,2024-02-04,Running Shoes,Fitness,East,Online,1,74.69,0.0,74.69
106539,2024-02-04,Wireless Mouse,Electronics,West,Online,2,18.64,0.0,37.28
106538,2024-02-04,Fountain Pen,Stationery,West,In-Store,2,20.86,0.0,41.72
106537,2024-02-04,Mechanical Keyboard,Electronics,Central,Online,1,53.71,0.2,53.71
106536,2024-02-04,Office Chair,Furniture,East,In-Store,1,137.31,0.1,137.31
106535,2024-02-04,Noise-Cancel Headphones,Electronics,East,Online,3,129.45,0.0,388.35
106533,2024-02-04,Desk Lamp,Furniture,East,In-Store,1,25.67,0.0,25.67
106532,2024-02-04,Resistance Bands,Fitness,Central,In-Store,1,14.99,0.0,14.99
106534,2024-02-04,Standing Desk,Furniture,South,Online,1,307.2,0.0,307.2
106530,2024-02-04,Noise-Cancel Headphones,Electronics,East,In-Store,1,130.28,0.0,130.28
106520,2024-02-04,Planner,Stationery,South,Online,1,14.56,0.1,14.56
106522,2024-02-04,USB-C Hub,Electronics,North,In-Store,1,28.94,0.0,28.94
106523,2024-02-04,Running Shoes,Fitness,West,Online,1,76.54,0.0,76.54
106524,2024-02-04,Bluetooth Speaker,Electronics,South,Online,1,37.38,0.15,37.38
106521,2024-02-04,Water Bottle,Fitness,East,Online,1,13.29,0.0,13.29
106526,2024-02-04,Water Bottle,Fitness,West,In-Store,2,12.8,0.0,25.6
106527,2024-02-04,Yoga Mat,Fitness,Central,In-Store,1,23.02,0.0,23.02
106528,2024-02-04,Fountain Pen,Stationery,South,In-Store,1,19.44,0.0,19.44
106529,2024-02-04,Desk Lamp,Furniture,North,Online,1,24.51,0.0,24.51
106525,2024-02-04,Planner,Stationery,West,Online,2,15.5,0.0,31.0
106531,2024-02-04,Bluetooth Speaker,Electronics,West,In-Store,2,41.25,0.1,82.5
106555,2024-02-05,Planner,Stationery,Central,Online,1,16.14,0.0,16.14
106562,2024-02-05,Noise-Cancel Headphones,Electronics,East,In-Store,1,133.91,0.0,133.91
106561,2024-02-05,Noise-Cancel Headphones,Electronics,East,Online,1,128.86,0.0,128.86
106560,2024-02-05,Resistance Bands,Fitness,Central,In-Store,2,12.5,0.15,25.0
106559,2024-02-05,Resistance Bands,Fitness,West,In-Store,4,12.5,0.15,50.0
106558,2024-02-05,Wireless Mouse,Electronics,East,Online,1,15.54,0.2,15.54
106557,2024-02-05,Dumbbell Set,Fitness,West,In-Store,1,89.37,0.0,89.37
106556,2024-02-05,Resistance Bands,Fitness,West,Online,1,14.18,0.0,14.18
106554,2024-02-05,Wireless Mouse,Electronics,North,Online,1,19.39,0.0,19.39
106552,2024-02-05,Dumbbell Set,Fitness,Central,Online,1,80.99,0.1,80.99
106553,2024-02-05,Mechanical Keyboard,Electronics,West,Online,1,65.44,0.0,65.44
106543,2024-02-05,Dumbbell Set,Fitness,North,In-Store,1,87.3,0.0,87.3
106545,2024-02-05,Planner,Stationery,West,Online,1,16.15,0.0,16.15
106546,2024-02-05,Bookshelf,Furniture,North,Online,4,129.07,0.0,516.28
106544,2024-02-05,Wireless Mouse,Electronics,North,In-Store,2,18.54,0.0,37.08
106548,2024-02-05,USB-C Hub,Electronics,North,Online,2,29.95,0.0,59.9
106549,2024-02-05,Office Chair,Furniture,West,Online,1,148.39,0.0,148.39
106550,2024-02-05,USB-C Hub,Electronics,Central,Online,2,30.13,0.0,60.26
106551,2024-02-05,Dumbbell Set,Fitness,Central,Online,1,80.99,0.1,80.99
106547,2024-02-05,Planner,Stationery,South,In-Store,1,16.36,0.0,16.36
106573,2024-02-06,Noise-Cancel Headphones,Electronics,Central,Online,1,129.94,0.0,129.94
106578,2024-02-06,Dumbbell Set,Fitness,North,Online,1,92.36,0.0,92.36
106577,2024-02-06,Bluetooth Speaker,Electronics,North,Online,2,39.57,0.1,79.14
106575,2024-02-06,Running Shoes,Fitness,South,Online,2,71.62,0.0,143.24
106574,2024-02-06,Running Shoes,Fitness,South,Online,2,71.62,0.0,143.24
106572,2024-02-06,Standing Desk,Furniture,North,In-Store,2,254.57,0.1,509.14
106576,2024-02-06,Bluetooth Speaker,Electronics,North,In-Store,1,44.47,0.0,44.47
106570,2024-02-06,Planner,Stationery,East,In-Store,1,14.77,0.1,14.77
106569,2024-02-06,Bookshelf,Furniture,South,In-Store,2,108.64,0.1,217.28
106568,2024-02-06,Notebook Set,Stationery,East,Online,1,8.8,0.0,8.8
106567,2024-02-06,Water Bottle,Fitness,South,In-Store,1,13.01,0.0,13.01
106566,2024-02-06,Running Shoes,Fitness,South,Online,1,72.82,0.0,72.82
106565,2024-02-06,Running Shoes,Fitness,West,Online,1,72.82,0.0,72.82
106564,2024-02-06,Standing Desk,Furniture,East,In-Store,1,308.41,0.0,308.41
106563,2024-02-06,Yoga Mat,Fitness,North,Online,1,22.02,0.0,22.02
106571,2024-02-06,Running Shoes,Fitness,South,Online,1,76.43,0.0,76.43
106592,2024-02-07,Yoga Mat,Fitness,South,In-Store,1,22.44,0.0,22.44
106591,2024-02-07,Noise-Cancel Headphones,Electronics,South,Online,2,133.21,0.0,266.42
106590,2024-02-07,Fountain Pen,Stationery,West,In-Store,1,16.46,0.15,16.46
106589,2024-02-07,Yoga Mat,Fitness,East,In-Store,1,22.32,0.0,22.32
106588,2024-02-07,Water Bottle,Fitness,West,Online,4,10.88,0.15,43.52
106587,2024-02-07,Desk Lamp,Furniture,North,Online,1,25.35,0.0,25.35
106585,2024-02-07,Noise-Cancel Headphones,Electronics,Central,Online,1,113.84,0.15,113.84
106584,2024-02-07,Desk Lamp,Furniture,East,Online,1,24.55,0.0,24.55
106583,2024-02-07,Mechanical Keyboard,Electronics,South,Online,1,64.98,0.0,64.98
106582,2024-02-07,Mechanical Keyboard,Electronics,West,In-Store,4,63.53,0.0,254.12
106581,2024-02-07,Mechanical Keyboard,Electronics,West,Online,2,63.54,0.0,127.08
106580,2024-02-07,Desk Lamp,Furniture,East,Online,2,23.66,0.0,47.32
106579,2024-02-07,Planner,Stationery,West,Online,2,16.55,0.0,33.1
106586,2024-02-07,Noise-Cancel Headphones,Electronics,East,In-Store,1,130.66,0.0,130.66
106602,2024-02-08,Desk Lamp,Furniture,South,Online,2,26.13,0.0,52.26
106605,2024-02-08,Planner,Stationery,Central,Online,1,15.19,0.0,15.19
106604,2024-02-08,Water Bottle,Fitness,East,Online,1,13.5,0.0,13.5
106603,2024-02-08,Resistance Bands,Fitness,Central,In-Store,1,14.15,0.0,14.15
106601,2024-02-08,Planner,Stationery,West,Online,1,14.96,0.0,14.96
106593,2024-02-08,Wireless Mouse,Electronics,Central,Online,1,18.7,0.0,18.7
106599,2024-02-08,Resistance Bands,Fitness,East,Online,2,14.49,0.0,28.98
106598,2024-02-08,Resistance Bands,Fitness,South,In-Store,1,14.13,0.0,14.13
106597,2024-02-08,Resistance Bands,Fitness,North,Online,1,14.13,0.0,14.13
106596,2024-02-08,Standing Desk,Furniture,South,In-Store,1,301.08,0.0,301.08
106595,2024-02-08,Resistance Bands,Fitness,South,Online,1,14.11,0.0,14.11
106600,2024-02-08,Standing Desk,Furniture,South,In-Store,1,295.11,0.0,295.11
106594,2024-02-08,Resistance Bands,Fitness,East,In-Store,1,14.11,0.0,14.11
106614,2024-02-09,USB-C Hub,Electronics,Central,In-Store,1,29.57,0.0,29.57
106612,2024-02-09,Running Shoes,Fitness,Central,In-Store,1,70.1,0.1,70.1
106611,2024-02-09,USB-C Hub,Electronics,North,Online,3,27.59,0.1,82.77
106613,2024-02-09,Running Shoes,Fitness,South,In-Store,2,70.1,0.1,140.2
106609,2024-02-09,Desk Lamp,Furniture,South,Online,1,24.09,0.0,24.09
106608,2024-02-09,USB-C Hub,Electronics,West,Online,2,29.44,0.0,58.88
106607,2024-02-09,Standing Desk,Furniture,South,Online,1,256.71,0.15,256.71
106606,2024-02-09,Mechanical Keyboard,Electronics,South,In-Store,2,67.14,0.0,134.28
106610,2024-02-09,Water Bottle,Fitness,South,In-Store,1,12.98,0.0,12.98
106627,2024-02-10,Noise-Cancel Headphones,Electronics,East,Online,1,135.48,0.0,135.48
106634,2024-02-10,USB-C Hub,Electronics,North,Online,1,29.71,0.0,29.71
106633,2024-02-10,Bluetooth Speaker,Electronics,Central,In-Store,2,46.08,0.0,92.16
106632,2024-02-10,Wireless Mouse,Electronics,West,Online,1,18.45,0.0,18.45
106631,2024-02-10,Notebook Set,Stationery,Central,Online,2,8.73,0.0,17.46
106630,2024-02-10,Desk Lamp,Furniture,South,Online,2,23.1,0.1,46.2
106629,2024-02-10,Yoga Mat,Fitness,North,Online,1,21.86,0.0,21.86
106628,2024-02-10,Noise-Cancel Headphones,Electronics,South,Online,1,127.8,0.0,127.8
106626,2024-02-10,Wireless Mouse,Electronics,Central,In-Store,2,16.85,0.1,33.7
106622,2024-02-10,Standing Desk,Furniture,South,Online,2,312.62,0.0,625.24
106624,2024-02-10,USB-C Hub,Electronics,East,Online,1,28.22,0.0,28.22
106615,2024-02-10,Desk Lamp,Furniture,East,Online,1,25.25,0.0,25.25
106625,2024-02-10,Noise-Cancel Headphones,Electronics,East,In-Store,2,135.47,0.0,270.94
106617,2024-02-10,Mechanical Keyboard,Electronics,Central,In-Store,1,56.78,0.1,56.78
106618,2024-02-10,Standing Desk,Furniture,West,In-Store,3,290.35,0.0,871.05
106616,2024-02-10,USB-C Hub,Electronics,South,Online,1,30.1,0.0,30.1
106620,2024-02-10,Running Shoes,Fitness,South,Online,2,63.88,0.15,127.76
106621,2024-02-10,Standing Desk,Furniture,South,Online,1,299.25,0.0,299.25
106623,2024-02-10,Standing Desk,Furniture,East,Online,2,289.22,0.0,578.44
106619,2024-02-10,Fountain Pen,Stationery,West,Online,2,20.77,0.0,41.54
106645,2024-02-11,Noise-Cancel Headphones,Electronics,West,Online,1,130.56,0.0,130.56
106651,2024-02-11,Mechanical Keyboard,Electronics,Central,Online,2,52.54,0.2,105.08
106650,2024-02-11,Office Chair,Furniture,South,Online,1,121.72,0.2,121.72
106649,2024-02-11,Fountain Pen,Stationery,South,Online,1,19.43,0.0,19.43
106647,2024-02-11,Noise-Cancel Headphones,Electronics,West,Online,1,127.66,0.0,127.66
106646,2024-02-11,Bluetooth Speaker,Electronics,North,In-Store,1,44.48,0.0,44.48
106644,2024-02-11,Bookshelf,Furniture,East,In-Store,4,118.42,0.0,473.68
106648,2024-02-11,Bluetooth Speaker,Electronics,North,In-Store,1,47.5,0.0,47.5
106642,2024-02-11,Planner,Stationery,West,Online,1,15.31,0.0,15.31
106636,2024-02-11,Resistance Bands,Fitness,East,In-Store,2,14.96,0.0,29.92
106637,2024-02-11,Desk Lamp,Furniture,South,In-Store,1,21.92,0.1,21.92
106638,2024-02-11,Notebook Set,Stationery,North,In-Store,1,8.45,0.0,8.45
106643,2024-02-11,Yoga Mat,Fitness,North,In-Store,1,22.03,0.0,22.03
106635,2024-02-11,Resistance Bands,Fitness,East,In-Store,1,14.47,0.0,14.47
106640,2024-02-11,Noise-Cancel Headphones,Electronics,North,In-Store,1,129.73,0.0,129.73
106641,2024-02-11,Office Chair,Furniture,West,Online,3,145.77,0.0,437.31
106639,2024-02-11,Standing Desk,Furniture,Central,Online,1,284.72,0.0,284.72
106663,2024-02-12,Standing Desk,Furniture,North,In-Store,1,309.72,0.0,309.72
106669,2024-02-12,Desk Lamp,Furniture,North,In-Store,1,25.21,0.0,25.21
106668,2024-02-12,Wireless Mouse,Electronics,North,In-Store,1,16.12,0.15,16.12
106667,2024-02-12,Wireless Mouse,Electronics,Central,In-Store,1,18.52,0.0,18.52
106666,2024-02-12,Resistance Bands,Fitness,South,Online,2,14.32,0.0,28.64
106665,2024-02-12,Bluetooth Speaker,Electronics,North,In-Store,1,37.3,0.15,37.3
106664,2024-02-12,Desk Lamp,Furniture,South,Online,4,20.24,0.15,80.96
106662,2024-02-12,Dumbbell Set,Fitness,Central,Online,1,73.42,0.2,73.42
106661,2024-02-12,Wireless Mouse,Electronics,North,Online,1,19.34,0.0,19.34
106660,2024-02-12,Standing Desk,Furniture,East,Online,1,305.67,0.0,305.67
106659,2024-02-12,Desk Lamp,Furniture,Central,In-Store,2,23.98,0.0,47.96
106658,2024-02-12,Notebook Set,Stationery,East,In-Store,1,7.81,0.1,7.81
106657,2024-02-12,Yoga Mat,Fitness,South,In-Store,2,18.57,0.15,37.14
106656,2024-02-12,Resistance Bands,Fitness,South,In-Store,2,13.55,0.1,27.1
106655,2024-02-12,Yoga Mat,Fitness,West,Online,1,22.75,0.0,22.75
106654,2024-02-12,Running Shoes,Fitness,South,In-Store,1,77.04,0.0,77.04
106653,2024-02-12,Dumbbell Set,Fitness,South,Online,1,89.99,0.0,89.99
106652,2024-02-12,Yoga Mat,Fitness,South,Online,1,22.41,0.0,22.41
106685,2024-02-13,Dumbbell Set,Fitness,West,Online,1,89.64,0.0,89.64
106684,2024-02-13,Dumbbell Set,Fitness,South,Online,1,89.64,0.0,89.64
106683,2024-02-13,Yoga Mat,Fitness,North,In-Store,3,21.08,0.0,63.24
106682,2024-02-13,Fountain Pen,Stationery,Central,Online,1,16.47,0.15,16.47
106681,2024-02-13,Planner,Stationery,East,Online,2,15.3,0.0,30.6
106680,2024-02-13,Fountain Pen,Stationery,North,In-Store,2,19.83,0.0,39.66
106679,2024-02-13,Office Chair,Furniture,East,Online,1,141.87,0.0,141.87
106670,2024-02-13,Desk Lamp,Furniture,Central,Online,2,24.05,0.0,48.1
106677,2024-02-13,Desk Lamp,Furniture,Central,Online,1,24.82,0.0,24.82
106676,2024-02-13,Noise-Cancel Headphones,Electronics,West,Online,3,129.56,0.0,388.68
106675,2024-02-13,Fountain Pen,Stationery,North,Online,4,20.12,0.0,80.48
106674,2024-02-13,Mechanical Keyboard,Electronics,East,In-Store,1,66.08,0.0,66.08
106673,2024-02-13,Bookshelf,Furniture,South,In-Store,1,113.32,0.0,113.32
106672,2024-02-13,Bluetooth Speaker,Electronics,East,In-Store,3,45.24,0.0,135.72
106671,2024-02-13,Wireless Mouse,Electronics,East,In-Store,1,19.26,0.0,19.26
106678,2024-02-13,Yoga Mat,Fitness,West,In-Store,1,22.41,0.0,22.41
106700,2024-02-14,USB-C Hub,Electronics,Central,Online,1,31.53,0.0,31.53
106701,2024-02-14,Running Shoes,Fitness,East,Online,1,73.28,0.0,73.28
106702,2024-02-14,Standing Desk,Furniture,North,In-Store,1,286.18,0.0,286.18
106706,2024-02-14,Desk Lamp,Furniture,West,Online,2,25.88,0.0,51.76
106704,2024-02-14,Bookshelf,Furniture,East,Online,2,112.52,0.0,225.04
106705,2024-02-14,Wireless Mouse,Electronics,South,Online,1,18.85,0.0,18.85
106699,2024-02-14,Resistance Bands,Fitness,East,In-Store,3,15.15,0.0,45.45
106703,2024-02-14,Desk Lamp,Furniture,East,In-Store,2,22.87,0.1,45.74
106698,2024-02-14,Notebook Set,Stationery,South,In-Store,1,9.25,0.0,9.25
106691,2024-02-14,Bluetooth Speaker,Electronics,North,Online,1,45.5,0.0,45.5
106696,2024-02-14,Office Chair,Furniture,South,In-Store,2,126.42,0.1,252.84
106687,2024-02-14,Dumbbell Set,Fitness,North,Online,1,91.23,0.0,91.23
106688,2024-02-14,Bluetooth Speaker,Electronics,North,Online,1,47.1,0.0,47.1
106689,2024-02-14,Dumbbell Set,Fitness,South,Online,1,93.37,0.0,93.37
106690,2024-02-14,Fountain Pen,Stationery,East,In-Store,1,21.21,0.0,21.21
106697,2024-02-14,Resistance Bands,Fitness,South,Online,2,14.25,0.0,28.5
106692,2024-02-14,Running Shoes,Fitness,South,In-Store,1,78.85,0.0,78.85
106693,2024-02-14,Running Shoes,Fitness,West,Online,1,78.85,0.0,78.85
106694,2024-02-14,USB-C Hub,Electronics,South,Online,1,28.8,0.0,28.8
106686,2024-02-14,Yoga Mat,Fitness,Central,In-Store,1,22.87,0.0,22.87
106695,2024-02-14,Mechanical Keyboard,Electronics,East,In-Store,1,66.62,0.0,66.62
106716,2024-02-15,Running Shoes,Fitness,North,Online,1,61.71,0.15,61.71
106715,2024-02-15,Fountain Pen,Stationery,West,Online,1,20.62,0.0,20.62
106714,2024-02-15,Desk Lamp,Furniture,South,In-Store,2,25.98,0.0,51.96
106713,2024-02-15,Mechanical Keyboard,Electronics,North,Online,1,61.88,0.0,61.88
106711,2024-02-15,Fountain Pen,Stationery,North,Online,1,19.85,0.0,19.85
106710,2024-02-15,Standing Desk,Furniture,North,In-Store,1,239.08,0.15,239.08
106709,2024-02-15,Dumbbell Set,Fitness,Central,Online,1,75.78,0.15,75.78
106708,2024-02-15,Office Chair,Furniture,North,Online,1,137.68,0.1,137.68
106707,2024-02-15,Wireless Mouse,Electronics,East,Online,1,16.97,0.1,16.97
106712,2024-02-15,Dumbbell Set,Fitness,Central,Online,1,89.39,0.0,89.39
106725,2024-02-16,Wireless Mouse,Electronics,South,In-Store,1,19.13,0.0,19.13
106728,2024-02-16,Resistance Bands,Fitness,West,In-Store,2,14.57,0.0,29.14
106727,2024-02-16,Standing Desk,Furniture,West,Online,1,320.03,0.0,320.03
106726,2024-02-16,Bookshelf,Furniture,South,Online,1,115.02,0.0,115.02
106724,2024-02-16,Bluetooth Speaker,Electronics,South,Online,1,45.14,0.0,45.14
106721,2024-02-16,Yoga Mat,Fitness,East,Online,2,22.68,0.0,45.36
106722,2024-02-16,Bookshelf,Furniture,West,In-Store,2,120.24,0.0,240.48
106720,2024-02-16,Bluetooth Speaker,Electronics,Central,Online,2,45.53,0.0,91.06
106719,2024-02-16,Water Bottle,Fitness,South,Online,1,13.14,0.0,13.14
106717,2024-02-16,Bookshelf,Furniture,South,Online,1,120.39,0.0,120.39
106723,2024-02-16,Planner,Stationery,North,In-Store,1,15.21,0.0,15.21
106718,2024-02-16,Dumbbell Set,Fitness,East,Online,2,88.54,0.0,177.08
106741,2024-02-17,Fountain Pen,Stationery,North,Online,2,18.74,0.0,37.48
106749,2024-02-17,Water Bottle,Fitness,West,Online,1,11.83,0.15,11.83
106748,2024-02-17,Notebook Set,Stationery,South,In-Store,1,8.99,0.0,8.99
106747,2024-02-17,Bookshelf,Furniture,Central,Online,1,118.52,0.0,118.52
106746,2024-02-17,Planner,Stationery,South,Online,1,16.61,0.0,16.61
106745,2024-02-17,Wireless Mouse,Electronics,Central,In-Store,1,16.1,0.15,16.1
106744,2024-02-17,USB-C Hub,Electronics,North,Online,1,30.42,0.0,30.42
106743,2024-02-17,Standing Desk,Furniture,East,Online,1,297.82,0.0,297.82
106742,2024-02-17,Mechanical Keyboard,Electronics,West,Online,2,62.93,0.0,125.86
106739,2024-02-17,Noise-Cancel Headphones,Electronics,North,In-Store,1,117.32,0.1,117.32
106738,2024-02-17,Wireless Mouse,Electronics,East,Online,1,19.4,0.0,19.4
106737,2024-02-17,Running Shoes,Fitness,North,In-Store,1,76.83,0.0,76.83
106736,2024-02-17,Yoga Mat,Fitness,South,Online,4,18.48,0.15,73.92
106735,2024-02-17,Standing Desk,Furniture,Central,Online,1,310.57,0.0,310.57
106734,2024-02-17,USB-C Hub,Electronics,East,In-Store,1,29.17,0.0,29.17
106733,2024-02-17,Noise-Cancel Headphones,Electronics,East,Online,4,128.71,0.0,514.84
106732,2024-02-17,Running Shoes,Fitness,South,In-Store,3,73.51,0.0,220.53
106731,2024-02-17,Desk Lamp,Furniture,South,In-Store,1,24.6,0.0,24.6
106730,2024-02-17,Wireless Mouse,Electronics,West,Online,2,19.24,0.0,38.48
106729,2024-02-17,Planner,Stationery,Central,In-Store,1,16.28,0.0,16.28
106740,2024-02-17,Noise-Cancel Headphones,Electronics,West,Online,2,107.5,0.2,215.0
106765,2024-02-18,Running Shoes,Fitness,South,Online,1,75.53,0.0,75.53
106766,2024-02-18,Wireless Mouse,Electronics,West,Online,1,18.97,0.0,18.97
106767,2024-02-18,Dumbbell Set,Fitness,East,Online,1,90.06,0.0,90.06
106768,2024-02-18,Fountain Pen,Stationery,East,Online,1,20.03,0.0,20.03
106774,2024-02-18,Water Bottle,Fitness,West,Online,1,12.73,0.0,12.73
106770,2024-02-18,Water Bottle,Fitness,East,In-Store,3,13.41,0.0,40.23
106771,2024-02-18,Bluetooth Speaker,Electronics,West,Online,1,43.85,0.0,43.85
106772,2024-02-18,Yoga Mat,Fitness,East,Online,1,22.48,0.0,22.48
106773,2024-02-18,Water Bottle,Fitness,North,Online,1,12.73,0.0,12.73
106769,2024-02-18,Water Bottle,Fitness,Central,In-Store,1,12.84,0.0,12.84
106764,2024-02-18,Desk Lamp,Furniture,East,Online,1,25.35,0.0,25.35
106761,2024-02-18,Resistance Bands,Fitness,Central,Online,1,14.38,0.0,14.38
106762,2024-02-18,Running Shoes,Fitness,Central,Online,1,74.61,0.0,74.61
106750,2024-02-18,Bookshelf,Furniture,South,Online,1,120.67,0.0,120.67
106751,2024-02-18,Noise-Cancel Headphones,Electronics,North,Online,1,130.8,0.0,130.8
106752,2024-02-18,Dumbbell Set,Fitness,West,In-Store,2,86.43,0.0,172.86
106763,2024-02-18,Running Shoes,Fitness,South,In-Store,2,74.61,0.0,149.22
106754,2024-02-18,Notebook Set,Stationery,South,Online,1,8.63,0.0,8.63
106753,2024-02-18,Dumbbell Set,Fitness,North,In-Store,2,86.43,0.0,172.86
106756,2024-02-18,Bluetooth Speaker,Electronics,South,Online,2,46.06,0.0,92.12
106757,2024-02-18,Planner,Stationery,North,In-Store,2,16.08,0.0,32.16
106758,2024-02-18,Bookshelf,Furniture,West,In-Store,1,117.82,0.0,117.82
106759,2024-02-18,Wireless Mouse,Electronics,East,Online,1,14.69,0.2,14.69
106760,2024-02-18,Resistance Bands,Fitness,North,Online,1,14.38,0.0,14.38
106755,2024-02-18,Standing Desk,Furniture,East,Online,1,270.39,0.1,270.39
106785,2024-02-19,USB-C Hub,Electronics,Central,In-Store,2,28.76,0.0,57.52
106788,2024-02-19,Desk Lamp,Furniture,Central,Online,2,24.02,0.0,48.04
106787,2024-02-19,Standing Desk,Furniture,North,In-Store,1,245.48,0.15,245.48
106786,2024-02-19,USB-C Hub,Electronics,Central,Online,1,29.06,0.0,29.06
106783,2024-02-19,Fountain Pen,Stationery,West,Online,1,20.3,0.0,20.3
106784,2024-02-19,Bluetooth Speaker,Electronics,South,Online,1,45.55,0.0,45.55
106781,2024-02-19,USB-C Hub,Electronics,South,Online,1,29.57,0.0,29.57
106775,2024-02-19,Water Bottle,Fitness,North,In-Store,2,12.81,0.0,25.62
106780,2024-02-19,Desk Lamp,Furniture,North,Online,1,25.76,0.0,25.76
106779,2024-02-19,Mechanical Keyboard,Electronics,Central,Online,1,63.78,0.0,63.78
106778,2024-02-19,Noise-Cancel Headphones,Electronics,South,Online,2,129.28,0.0,258.56
106777,2024-02-19,Noise-Cancel Headphones,Electronics,East,Online,1,131.66,0.0,131.66
106776,2024-02-19,Office Chair,Furniture,North,Online,1,150.96,0.0,150.96
106782,2024-02-19,Fountain Pen,Stationery,South,In-Store,1,19.28,0.0,19.28
106806,2024-02-20,Planner,Stationery,West,Online,1,15.55,0.0,15.55
106805,2024-02-20,Wireless Mouse,Electronics,South,In-Store,2,18.77,0.0,37.54
106804,2024-02-20,Wireless Mouse,Electronics,East,Online,1,18.59,0.0,18.59
106803,2024-02-20,Yoga Mat,Fitness,South,In-Store,1,22.01,0.0,22.01
106802,2024-02-20,Standing Desk,Furniture,South,Online,1,291.88,0.0,291.88
106801,2024-02-20,USB-C Hub,Electronics,South,Online,1,25.4,0.15,25.4
106800,2024-02-20,Dumbbell Set,Fitness,East,In-Store,1,86.58,0.0,86.58
106799,2024-02-20,Water Bottle,Fitness,South,Online,1,11.32,0.1,11.32
106807,2024-02-20,Fountain Pen,Stationery,Central,In-Store,2,19.4,0.0,38.8
106797,2024-02-20,Bookshelf,Furniture,North,Online,1,124.13,0.0,124.13
106796,2024-02-20,Fountain Pen,Stationery,Central,Online,1,17.36,0.15,17.36
106795,2024-02-20,Notebook Set,Stationery,Central,Online,1,7.48,0.15,7.48
106794,2024-02-20,Dumbbell Set,Fitness,East,In-Store,1,79.68,0.1,79.68
106793,2024-02-20,Bookshelf,Furniture,South,Online,2,90.78,0.2,181.56
106792,2024-02-20,Dumbbell Set,Fitness,Central,In-Store,2,87.27,0.0,174.54
106791,2024-02-20,Running Shoes,Fitness,North,Online,1,78.28,0.0,78.28
106789,2024-02-20,Wireless Mouse,Electronics,East,In-Store,1,20.26,0.0,20.26
106790,2024-02-20,Planner,Stationery,South,Online,1,14.19,0.1,14.19
106798,2024-02-20,Bookshelf,Furniture,North,Online,1,120.37,0.0,120.37
106820,2024-02-21,Standing Desk,Furniture,North,Online,2,302.37,0.0,604.74
106819,2024-02-21,Noise-Cancel Headphones,Electronics,South,Online,4,131.76,0.0,527.04
106818,2024-02-21,Water Bottle,Fitness,South,In-Store,2,10.45,0.2,20.9
106817,2024-02-21,Resistance Bands,Fitness,North,Online,1,14.19,0.0,14.19
106816,2024-02-21,Mechanical Keyboard,Electronics,North,Online,2,62.76,0.0,125.52
106815,2024-02-21,USB-C Hub,Electronics,West,Online,2,29.77,0.0,59.54
106813,2024-02-21,USB-C Hub,Electronics,East,Online,1,28.96,0.0,28.96
106812,2024-02-21,Noise-Cancel Headphones,Electronics,South,In-Store,2,133.69,0.0,267.38
106811,2024-02-21,Dumbbell Set,Fitness,East,Online,4,75.88,0.1,303.52
106810,2024-02-21,Mechanical Keyboard,Electronics,West,Online,2,64.1,0.0,128.2
106809,2024-02-21,Fountain Pen,Stationery,East,Online,2,17.29,0.15,34.58
106808,2024-02-21,Wireless Mouse,Electronics,East,Online,1,16.85,0.1,16.85
106814,2024-02-21,USB-C Hub,Electronics,West,Online,3,31.0,0.0,93.0
106834,2024-02-22,Running Shoes,Fitness,North,In-Store,2,61.58,0.15,123.16
106841,2024-02-22,Bookshelf,Furniture,West,In-Store,1,112.27,0.1,112.27
106840,2024-02-22,Desk Lamp,Furniture,West,Online,2,24.22,0.0,48.44
106839,2024-02-22,Water Bottle,Fitness,West,Online,1,12.36,0.1,12.36
106838,2024-02-22,Mechanical Keyboard,Electronics,South,In-Store,1,62.15,0.0,62.15
106837,2024-02-22,Mechanical Keyboard,Electronics,Central,Online,1,67.97,0.0,67.97
106836,2024-02-22,Noise-Cancel Headphones,Electronics,East,Online,1,127.87,0.0,127.87
106835,2024-02-22,Running Shoes,Fitness,East,In-Store,1,61.58,0.15,61.58
106833,2024-02-22,Desk Lamp,Furniture,Central,Online,1,25.86,0.0,25.86
106830,2024-02-22,USB-C Hub,Electronics,West,In-Store,1,32.45,0.0,32.45
106831,2024-02-22,USB-C Hub,Electronics,Central,In-Store,1,27.77,0.0,27.77
106821,2024-02-22,Standing Desk,Furniture,West,Online,1,316.39,0.0,316.39
106829,2024-02-22,Office Chair,Furniture,North,In-Store,1,130.54,0.15,130.54
106828,2024-02-22,Standing Desk,Furniture,South,Online,1,309.29,0.0,309.29
106827,2024-02-22,Yoga Mat,Fitness,North,Online,1,20.86,0.0,20.86
106826,2024-02-22,Bluetooth Speaker,Electronics,Central,In-Store,1,45.61,0.0,45.61
106825,2024-02-22,Bluetooth Speaker,Electronics,North,In-Store,2,43.99,0.0,87.98
106824,2024-02-22,Resistance Bands,Fitness,West,Online,1,13.22,0.1,13.22
106823,2024-02-22,Wireless Mouse,Electronics,North,Online,2,19.19,0.0,38.38
106832,2024-02-22,Water Bottle,Fitness,North,Online,1,12.83,0.0,12.83
106822,2024-02-22,Mechanical Keyboard,Electronics,West,In-Store,2,63.45,0.0,126.9
106849,2024-02-23,Water Bottle,Fitness,East,Online,2,12.78,0.0,25.56
106848,2024-02-23,Notebook Set,Stationery,South,Online,1,9.26,0.0,9.26
106847,2024-02-23,Running Shoes,Fitness,North,In-Store,2,75.24,0.0,150.48
106846,2024-02-23,Noise-Cancel Headphones,Electronics,North,In-Store,1,133.89,0.0,133.89
106845,2024-02-23,Planner,Stationery,North,In-Store,2,16.3,0.0,32.6
106844,2024-02-23,Office Chair,Furniture,West,In-Store,1,144.79,0.0,144.79
106843,2024-02-23,Mechanical Keyboard,Electronics,South,In-Store,1,64.57,0.0,64.57
106842,2024-02-23,Notebook Set,Stationery,West,Online,1,8.26,0.0,8.26
106868,2024-02-24,Wireless Mouse,Electronics,East,In-Store,2,18.41,0.0,36.82
106867,2024-02-24,Fountain Pen,Stationery,North,Online,1,17.77,0.15,17.77
106866,2024-02-24,Running Shoes,Fitness,Central,Online,1,76.39,0.0,76.39
106865,2024-02-24,Resistance Bands,Fitness,West,In-Store,1,13.89,0.0,13.89
106864,2024-02-24,Resistance Bands,Fitness,Central,Online,1,13.89,0.0,13.89
106863,2024-02-24,Yoga Mat,Fitness,West,Online,1,21.96,0.0,21.96
106862,2024-02-24,Resistance Bands,Fitness,North,Online,1,14.98,0.0,14.98
106861,2024-02-24,Resistance Bands,Fitness,East,Online,2,14.98,0.0,29.96
106855,2024-02-24,Bookshelf,Furniture,West,In-Store,1,123.93,0.0,123.93
106859,2024-02-24,Dumbbell Set,Fitness,South,In-Store,1,89.6,0.0,89.6
106860,2024-02-24,Dumbbell Set,Fitness,East,Online,1,89.6,0.0,89.6
106851,2024-02-24,Notebook Set,Stationery,South,Online,1,9.1,0.0,9.1
106852,2024-02-24,Noise-Cancel Headphones,Electronics,North,Online,2,135.85,0.0,271.7
106853,2024-02-24,USB-C Hub,Electronics,South,In-Store,1,29.34,0.0,29.34
106850,2024-02-24,Wireless Mouse,Electronics,Central,Online,2,19.25,0.0,38.5
106856,2024-02-24,Standing Desk,Furniture,West,Online,2,294.47,0.0,588.94
106857,2024-02-24,Noise-Cancel Headphones,Electronics,Central,Online,1,132.52,0.0,132.52
106858,2024-02-24,Office Chair,Furniture,East,In-Store,1,142.98,0.0,142.98
106854,2024-02-24,Noise-Cancel Headphones,Electronics,West,Online,1,122.63,0.0,122.63
106886,2024-02-25,Bluetooth Speaker,Electronics,Central,In-Store,1,45.96,0.0,45.96
106885,2024-02-25,Notebook Set,Stationery,North,Online,3,8.93,0.0,26.79
106884,2024-02-25,Resistance Bands,Fitness,North,Online,1,14.47,0.0,14.47
106883,2024-02-25,Planner,Stationery,North,In-Store,1,16.38,0.0,16.38
106882,2024-02-25,Running Shoes,Fitness,South,Online,3,75.0,0.0,225.0
106880,2024-02-25,Desk Lamp,Furniture,South,In-Store,2,24.55,0.0,49.1
106881,2024-02-25,Wireless Mouse,Electronics,North,In-Store,2,15.76,0.15,31.52
106879,2024-02-25,Water Bottle,Fitness,South,Online,1,11.86,0.1,11.86
106875,2024-02-25,Desk Lamp,Furniture,East,In-Store,2,25.77,0.0,51.54
106877,2024-02-25,Water Bottle,Fitness,East,In-Store,2,12.73,0.0,25.46
106876,2024-02-25,Yoga Mat,Fitness,North,In-Store,2,20.3,0.0,40.6
106874,2024-02-25,Resistance Bands,Fitness,South,Online,1,14.42,0.0,14.42
106873,2024-02-25,Planner,Stationery,Central,Online,1,15.72,0.0,15.72
106872,2024-02-25,Office Chair,Furniture,North,In-Store,2,145.93,0.0,291.86
106871,2024-02-25,Planner,Stationery,East,In-Store,1,15.44,0.0,15.44
106870,2024-02-25,Dumbbell Set,Fitness,South,Online,1,81.8,0.1,81.8
106869,2024-02-25,Bookshelf,Furniture,East,In-Store,2,107.42,0.1,214.84
106878,2024-02-25,Mechanical Keyboard,Electronics,South,Online,1,63.54,0.0,63.54
106898,2024-02-26,Notebook Set,Stationery,Central,In-Store,1,7.17,0.2,7.17
106897,2024-02-26,Notebook Set,Stationery,Central,In-Store,2,9.11,0.0,18.22
106896,2024-02-26,Noise-Cancel Headphones,Electronics,South,Online,1,133.51,0.0,133.51
106895,2024-02-26,Resistance Bands,Fitness,North,Online,1,14.95,0.0,14.95
106894,2024-02-26,Planner,Stationery,West,In-Store,2,15.39,0.0,30.78
106893,2024-02-26,Noise-Cancel Headphones,Electronics,East,Online,1,131.31,0.0,131.31
106892,2024-02-26,Desk Lamp,Furniture,South,Online,1,26.45,0.0,26.45
106891,2024-02-26,Bluetooth Speaker,Electronics,South,Online,1,47.28,0.0,47.28
106890,2024-02-26,Resistance Bands,Fitness,East,In-Store,1,14.22,0.0,14.22
106889,2024-02-26,Mechanical Keyboard,Electronics,West,In-Store,3,63.58,0.0,190.74
106888,2024-02-26,Bookshelf,Furniture,West,Online,1,117.63,0.0,117.63
106887,2024-02-26,Bookshelf,Furniture,West,Online,1,119.16,0.0,119.16
106912,2024-02-27,Bluetooth Speaker,Electronics,South,In-Store,3,44.87,0.0,134.61
106911,2024-02-27,Dumbbell Set,Fitness,South,Online,1,78.83,0.1,78.83
106910,2024-02-27,Dumbbell Set,Fitness,West,Online,2,78.83,0.1,157.66
106909,2024-02-27,Wireless Mouse,Electronics,North,Online,1,19.49,0.0,19.49
106908,2024-02-27,Fountain Pen,Stationery,North,Online,1,20.37,0.0,20.37
106907,2024-02-27,USB-C Hub,Electronics,West,In-Store,1,30.67,0.0,30.67
106906,2024-02-27,Bookshelf,Furniture,West,Online,1,97.5,0.2,97.5
106905,2024-02-27,Dumbbell Set,Fitness,West,In-Store,1,91.75,0.0,91.75
106904,2024-02-27,Fountain Pen,Stationery,West,Online,1,19.3,0.0,19.3
106903,2024-02-27,Wireless Mouse,Electronics,North,In-Store,1,19.28,0.0,19.28
106902,2024-02-27,Office Chair,Furniture,West,In-Store,1,153.23,0.0,153.23
106901,2024-02-27,Yoga Mat,Fitness,West,In-Store,1,22.35,0.0,22.35
106899,2024-02-27,Mechanical Keyboard,Electronics,Central,Online,1,67.63,0.0,67.63
106900,2024-02-27,Yoga Mat,Fitness,South,In-Store,1,22.35,0.0,22.35
106922,2024-02-28,Wireless Mouse,Electronics,East,In-Store,1,19.12,0.0,19.12
106921,2024-02-28,Mechanical Keyboard,Electronics,South,Online,1,65.41,0.0,65.41
106919,2024-02-28,Fountain Pen,Stationery,South,Online,1,20.12,0.0,20.12
106920,2024-02-28,Noise-Cancel Headphones,Electronics,North,Online,2,129.25,0.0,258.5
106917,2024-02-28,Running Shoes,Fitness,West,In-Store,1,71.03,0.1,71.03
106916,2024-02-28,Resistance Bands,Fitness,South,In-Store,1,12.83,0.1,12.83
106915,2024-02-28,Fountain Pen,Stationery,East,Online,1,19.07,0.0,19.07
106914,2024-02-28,Bookshelf,Furniture,South,In-Store,1,123.75,0.0,123.75
106913,2024-02-28,Planner,Stationery,North,In-Store,1,16.67,0.0,16.67
106918,2024-02-28,Office Chair,Furniture,Central,Online,2,130.21,0.1,260.42
106934,2024-02-29,Standing Desk,Furniture,North,In-Store,2,299.23,0.0,598.46
106940,2024-02-29,Wireless Mouse,Electronics,North,Online,1,19.97,0.0,19.97
106939,2024-02-29,Mechanical Keyboard,Electronics,West,In-Store,2,54.56,0.15,109.12
106938,2024-02-29,Running Shoes,Fitness,Central,Online,1,80.22,0.0,80.22
106937,2024-02-29,Noise-Cancel Headphones,Electronics,South,In-Store,1,125.88,0.0,125.88
106936,2024-02-29,USB-C Hub,Electronics,East,Online,1,29.93,0.0,29.93
106935,2024-02-29,Office Chair,Furniture,East,In-Store,1,150.55,0.0,150.55
106933,2024-02-29,Yoga Mat,Fitness,East,In-Store,1,21.75,0.0,21.75
106924,2024-02-29,Noise-Cancel Headphones,Electronics,West,Online,2,109.36,0.15,218.72
106931,2024-02-29,Running Shoes,Fitness,South,In-Store,1,68.09,0.1,68.09
106930,2024-02-29,Running Shoes,Fitness,North,Online,1,70.56,0.0,70.56
106929,2024-02-29,Yoga Mat,Fitness,East,Online,1,21.81,0.0,21.81
106928,2024-02-29,Water Bottle,Fitness,South,Online,2,12.73,0.0,25.46
106927,2024-02-29,Water Bottle,Fitness,West,Online,4,12.73,0.0,50.92
106926,2024-02-29,USB-C Hub,Electronics,South,Online,1,22.99,0.2,22.99
106925,2024-02-29,Running Shoes,Fitness,Central,Online,2,73.02,0.0,146.04
106923,2024-02-29,Office Chair,Furniture,Central,Online,2,127.36,0.15,254.72
106932,2024-02-29,Desk Lamp,Furniture,South,In-Store,2,20.07,0.2,40.14
106950,2024-03-01,Wireless Mouse,Electronics,North,In-Store,1,19.78,0.0,19.78
106949,2024-03-01,Standing Desk,Furniture,East,Online,2,283.76,0.0,567.52
106948,2024-03-01,Bookshelf,Furniture,South,Online,2,115.09,0.0,230.18
106947,2024-03-01,Planner,Stationery,Central,In-Store,1,14.03,0.1,14.03
106951,2024-03-01,Planner,Stationery,West,Online,1,16.14,0.0,16.14
106945,2024-03-01,Bluetooth Speaker,Electronics,South,In-Store,3,45.27,0.0,135.81
106944,2024-03-01,Mechanical Keyboard,Electronics,North,In-Store,2,62.09,0.0,124.18
106943,2024-03-01,Desk Lamp,Furniture,North,In-Store,1,24.99,0.0,24.99
106942,2024-03-01,Bookshelf,Furniture,East,Online,2,125.51,0.0,251.02
106941,2024-03-01,Office Chair,Furniture,Central,In-Store,2,152.2,0.0,304.4
106946,2024-03-01,Yoga Mat,Fitness,Central,Online,1,20.58,0.0,20.58
106962,2024-03-02,Office Chair,Furniture,Central,In-Store,1,156.11,0.0,156.11
106961,2024-03-02,Dumbbell Set,Fitness,Central,In-Store,1,93.16,0.0,93.16
106960,2024-03-02,Resistance Bands,Fitness,North,Online,1,13.75,0.1,13.75
106959,2024-03-02,Notebook Set,Stationery,Central,In-Store,2,9.75,0.0,19.5
106958,2024-03-02,Bluetooth Speaker,Electronics,East,In-Store,1,36.23,0.15,36.23
106956,2024-03-02,Dumbbell Set,Fitness,East,Online,1,90.79,0.0,90.79
106955,2024-03-02,Noise-Cancel Headphones,Electronics,West,In-Store,1,124.88,0.0,124.88
106954,2024-03-02,Notebook Set,Stationery,South,Online,2,8.86,0.0,17.72
106953,2024-03-02,Wireless Mouse,Electronics,North,In-Store,1,18.04,0.0,18.04
106952,2024-03-02,Office Chair,Furniture,Central,In-Store,1,150.46,0.0,150.46
106957,2024-03-02,Notebook Set,Stationery,West,In-Store,1,9.3,0.0,9.3
106971,2024-03-03,Water Bottle,Fitness,South,Online,1,13.26,0.0,13.26
106973,2024-03-03,Standing Desk,Furniture,South,Online,1,290.2,0.0,290.2
106972,2024-03-03,Resistance Bands,Fitness,South,In-Store,2,14.55,0.0,29.1
106970,2024-03-03,Water Bottle,Fitness,Central,Online,2,12.72,0.0,25.44
106964,2024-03-03,Bluetooth Speaker,Electronics,East,Online,2,44.31,0.0,88.62
106968,2024-03-03,Yoga Mat,Fitness,East,Online,1,22.71,0.0,22.71
106967,2024-03-03,Bluetooth Speaker,Electronics,West,In-Store,3,46.06,0.0,138.18
106966,2024-03-03,Bookshelf,Furniture,East,In-Store,2,110.5,0.0,221.0
106965,2024-03-03,Yoga Mat,Fitness,South,Online,1,21.5,0.0,21.5
106963,2024-03-03,Desk Lamp,Furniture,South,In-Store,2,23.8,0.1,47.6
106969,2024-03-03,Bookshelf,Furniture,South,In-Store,1,106.28,0.1,106.28
106990,2024-03-04,USB-C Hub,Electronics,East,Online,1,30.15,0.0,30.15
106989,2024-03-04,Water Bottle,Fitness,North,Online,2,10.96,0.1,21.92
106988,2024-03-04,Water Bottle,Fitness,East,In-Store,1,12.4,0.0,12.4
106987,2024-03-04,Desk Lamp,Furniture,East,In-Store,1,24.64,0.0,24.64
106986,2024-03-04,Bluetooth Speaker,Electronics,South,Online,1,45.68,0.0,45.68
106985,2024-03-04,Wireless Mouse,Electronics,South,In-Store,1,18.69,0.0,18.69
106983,2024-03-04,Running Shoes,Fitness,North,In-Store,1,64.74,0.1,64.74
106984,2024-03-04,Wireless Mouse,Electronics,North,Online,1,14.81,0.2,14.81
106981,2024-03-04,Mechanical Keyboard,Electronics,North,In-Store,1,63.6,0.0,63.6
106980,2024-03-04,Resistance Bands,Fitness,Central,Online,1,11.66,0.2,11.66
106979,2024-03-04,Wireless Mouse,Electronics,South,Online,1,19.39,0.0,19.39
106978,2024-03-04,Planner,Stationery,East,Online,2,16.72,0.0,33.44
106977,2024-03-04,Noise-Cancel Headphones,Electronics,South,In-Store,1,136.12,0.0,136.12
106976,2024-03-04,Dumbbell Set,Fitness,West,Online,2,87.28,0.0,174.56
106975,2024-03-04,Noise-Cancel Headphones,Electronics,North,In-Store,1,128.79,0.0,128.79
106974,2024-03-04,Bluetooth Speaker,Electronics,North,Online,1,45.09,0.0,45.09
106982,2024-03-04,Desk Lamp,Furniture,West,Online,1,24.94,0.0,24.94
107001,2024-03-05,Standing Desk,Furniture,East,Online,1,241.58,0.2,241.58
107006,2024-03-05,Noise-Cancel Headphones,Electronics,West,In-Store,1,129.31,0.0,129.31
107005,2024-03-05,Standing Desk,Furniture,Central,Online,1,248.4,0.15,248.4
107004,2024-03-05,Dumbbell Set,Fitness,East,In-Store,4,91.33,0.0,365.32
107003,2024-03-05,Mechanical Keyboard,Electronics,West,Online,1,56.64,0.1,56.64
107002,2024-03-05,Bookshelf,Furniture,Central,Online,1,118.68,0.0,118.68
107000,2024-03-05,Dumbbell Set,Fitness,East,Online,1,89.76,0.0,89.76
106992,2024-03-05,Fountain Pen,Stationery,West,In-Store,2,19.45,0.0,38.9
106998,2024-03-05,Desk Lamp,Furniture,North,In-Store,1,24.85,0.0,24.85
106997,2024-03-05,Standing Desk,Furniture,South,In-Store,1,298.55,0.0,298.55
106996,2024-03-05,Planner,Stationery,South,In-Store,1,15.83,0.0,15.83
106995,2024-03-05,Yoga Mat,Fitness,South,In-Store,1,22.2,0.0,22.2
106994,2024-03-05,Water Bottle,Fitness,West,Online,1,13.12,0.0,13.12
106993,2024-03-05,Mechanical Keyboard,Electronics,East,Online,1,65.83,0.0,65.83
106991,2024-03-05,Dumbbell Set,Fitness,South,Online,1,86.61,0.0,86.61
106999,2024-03-05,Water Bottle,Fitness,North,Online,1,12.92,0.0,12.92
107016,2024-03-06,Dumbbell Set,Fitness,East,In-Store,2,93.26,0.0,186.52
107020,2024-03-06,Noise-Cancel Headphones,Electronics,North,Online,2,124.72,0.0,249.44
107019,2024-03-06,Wireless Mouse,Electronics,East,Online,3,18.26,0.0,54.78
107018,2024-03-06,USB-C Hub,Electronics,East,Online,1,30.27,0.0,30.27
107017,2024-03-06,Bookshelf,Furniture,East,Online,2,103.45,0.1,206.9
107015,2024-03-06,Water Bottle,Fitness,East,In-Store,1,10.51,0.2,10.51
107013,2024-03-06,Standing Desk,Furniture,East,In-Store,2,266.99,0.1,533.98
107012,2024-03-06,Water Bottle,Fitness,Central,Online,2,12.87,0.0,25.74
107011,2024-03-06,Resistance Bands,Fitness,West,In-Store,1,14.11,0.0,14.11
107010,2024-03-06,Running Shoes,Fitness,Central,In-Store,3,60.93,0.2,182.79
107009,2024-03-06,USB-C Hub,Electronics,East,Online,1,29.07,0.0,29.07
107014,2024-03-06,Office Chair,Furniture,West,In-Store,2,151.11,0.0,302.22
107008,2024-03-06,Standing Desk,Furniture,East,In-Store,1,306.51,0.0,306.51
107007,2024-03-06,Standing Desk,Furniture,South,In-Store,1,289.04,0.0,289.04
107033,2024-03-07,Resistance Bands,Fitness,West,Online,1,14.2,0.0,14.2
107032,2024-03-07,Planner,Stationery,Central,Online,1,15.9,0.0,15.9
107031,2024-03-07,Standing Desk,Furniture,Central,Online,1,300.8,0.0,300.8
107030,2024-03-07,Yoga Mat,Fitness,West,Online,1,22.08,0.0,22.08
107029,2024-03-07,Dumbbell Set,Fitness,West,Online,1,87.86,0.0,87.86
107028,2024-03-07,Noise-Cancel Headphones,Electronics,North,Online,1,115.99,0.1,115.99
107027,2024-03-07,Planner,Stationery,East,Online,1,15.71,0.0,15.71
107026,2024-03-07,Bluetooth Speaker,Electronics,North,In-Store,1,40.86,0.1,40.86
107025,2024-03-07,Noise-Cancel Headphones,Electronics,West,In-Store,2,133.66,0.0,267.32
107024,2024-03-07,Planner,Stationery,North,Online,1,13.98,0.1,13.98
107023,2024-03-07,Bluetooth Speaker,Electronics,West,In-Store,1,47.09,0.0,47.09
107022,2024-03-07,Standing Desk,Furniture,East,Online,2,311.72,0.0,623.44
107021,2024-03-07,Standing Desk,Furniture,North,In-Store,1,256.95,0.15,256.95
107046,2024-03-08,USB-C Hub,Electronics,Central,In-Store,1,31.03,0.0,31.03
107045,2024-03-08,Office Chair,Furniture,Central,Online,1,131.65,0.1,131.65
107044,2024-03-08,Running Shoes,Fitness,North,Online,1,76.18,0.0,76.18
107043,2024-03-08,Mechanical Keyboard,Electronics,East,In-Store,2,67.19,0.0,134.38
107042,2024-03-08,Yoga Mat,Fitness,West,Online,1,18.75,0.15,18.75
107036,2024-03-08,Dumbbell Set,Fitness,West,In-Store,3,90.9,0.0,272.7
107040,2024-03-08,Bluetooth Speaker,Electronics,North,Online,1,44.43,0.0,44.43
107039,2024-03-08,Resistance Bands,Fitness,North,In-Store,2,14.71,0.0,29.42
107038,2024-03-08,Fountain Pen,Stationery,North,Online,2,19.46,0.0,38.92
107037,2024-03-08,Fountain Pen,Stationery,West,In-Store,1,18.73,0.0,18.73
107035,2024-03-08,Water Bottle,Fitness,Central,In-Store,1,12.92,0.0,12.92
107034,2024-03-08,Resistance Bands,Fitness,Central,Online,1,13.92,0.0,13.92
107041,2024-03-08,Water Bottle,Fitness,North,Online,1,13.55,0.0,13.55
107062,2024-03-09,Bluetooth Speaker,Electronics,North,Online,1,47.3,0.0,47.3
107061,2024-03-09,Fountain Pen,Stationery,North,In-Store,1,19.22,0.0,19.22
107063,2024-03-09,USB-C Hub,Electronics,North,In-Store,1,30.31,0.0,30.31
107060,2024-03-09,Desk Lamp,Furniture,East,In-Store,2,22.04,0.1,44.08
107065,2024-03-09,Bluetooth Speaker,Electronics,Central,In-Store,2,46.04,0.0,92.08
107066,2024-03-09,Bookshelf,Furniture,South,Online,1,118.94,0.0,118.94
107067,2024-03-09,Standing Desk,Furniture,North,Online,3,293.51,0.0,880.53
107064,2024-03-09,Mechanical Keyboard,Electronics,North,In-Store,2,63.79,0.0,127.58
107059,2024-03-09,Standing Desk,Furniture,North,Online,1,291.33,0.0,291.33
107056,2024-03-09,Bluetooth Speaker,Electronics,North,Online,1,43.37,0.0,43.37
107057,2024-03-09,Water Bottle,Fitness,Central,In-Store,1,13.06,0.0,13.06
107047,2024-03-09,Desk Lamp,Furniture,East,Online,3,25.21,0.0,75.63
107055,2024-03-09,Bluetooth Speaker,Electronics,Central,Online,1,45.35,0.0,45.35
107054,2024-03-09,Notebook Set,Stationery,Central,Online,1,9.01,0.0,9.01
107053,2024-03-09,Notebook Set,Stationery,East,Online,1,9.48,0.0,9.48
107052,2024-03-09,Planner,Stationery,West,Online,1,13.12,0.15,13.12
107051,2024-03-09,Standing Desk,Furniture,East,In-Store,1,301.95,0.0,301.95
107050,2024-03-09,Resistance Bands,Fitness,South,Online,1,13.02,0.1,13.02
107049,2024-03-09,Bookshelf,Furniture,South,Online,2,100.35,0.2,200.7
107048,2024-03-09,Planner,Stationery,South,Online,1,,0.2,13.35
107058,2024-03-09,Fountain Pen,Stationery,West,Online,2,19.83,0.0,39.66
107077,2024-03-10,Yoga Mat,Fitness,West,In-Store,1,21.58,0.0,21.58
107076,2024-03-10,Dumbbell Set,Fitness,North,In-Store,2,93.43,0.0,186.86
107075,2024-03-10,Water Bottle,Fitness,West,In-Store,2,11.76,0.1,23.52
107074,2024-03-10,Fountain Pen,Stationery,Central,In-Store,1,16.18,0.2,16.18
107073,2024-03-10,Planner,Stationery,North,In-Store,3,15.51,0.0,46.53
107072,2024-03-10,Desk Lamp,Furniture,West,Online,1,24.96,0.0,24.96
107071,2024-03-10,Bluetooth Speaker,Electronics,West,In-Store,1,47.85,0.0,47.85
107070,2024-03-10,Running Shoes,Fitness,South,Online,2,76.61,0.0,153.22
107069,2024-03-10,Bookshelf,Furniture,East,Online,1,104.39,0.1,104.39
107068,2024-03-10,Bookshelf,Furniture,North,In-Store,1,124.45,0.0,124.45
107097,2024-03-11,Dumbbell Set,Fitness,Central,Online,3,78.51,0.1,235.53
107096,2024-03-11,Mechanical Keyboard,Electronics,North,In-Store,2,67.39,0.0,134.78
107095,2024-03-11,Noise-Cancel Headphones,Electronics,North,In-Store,2,111.47,0.2,222.94
107094,2024-03-11,Dumbbell Set,Fitness,Central,Online,2,88.51,0.0,177.02
107093,2024-03-11,Bluetooth Speaker,Electronics,South,In-Store,1,45.77,0.0,45.77
107092,2024-03-11,Resistance Bands,Fitness,East,Online,1,11.86,0.15,11.86
107091,2024-03-11,Resistance Bands,Fitness,South,In-Store,1,13.78,0.0,13.78
107090,2024-03-11,Bookshelf,Furniture,South,Online,3,96.17,0.2,288.51
107089,2024-03-11,Mechanical Keyboard,Electronics,South,In-Store,1,63.66,0.0,63.66
107081,2024-03-11,Fountain Pen,Stationery,North,Online,1,19.99,0.0,19.99
107087,2024-03-11,Mechanical Keyboard,Electronics,East,Online,1,54.11,0.15,54.11
107086,2024-03-11,Office Chair,Furniture,East,Online,1,147.41,0.0,147.41
107085,2024-03-11,Dumbbell Set,Fitness,West,Online,1,91.98,0.0,91.98
107084,2024-03-11,Standing Desk,Furniture,North,In-Store,1,306.22,0.0,306.22
107083,2024-03-11,Running Shoes,Fitness,South,In-Store,2,72.94,0.0,145.88
107082,2024-03-11,Desk Lamp,Furniture,South,In-Store,3,25.87,0.0,77.61
107080,2024-03-11,Planner,Stationery,West,In-Store,1,16.05,0.0,16.05
107079,2024-03-11,Notebook Set,Stationery,North,Online,1,9.64,0.0,9.64
107078,2024-03-11,Noise-Cancel Headphones,Electronics,North,In-Store,1,133.98,0.0,133.98
107088,2024-03-11,Resistance Bands,Fitness,East,Online,1,12.74,0.15,12.74
107106,2024-03-12,Bookshelf,Furniture,North,Online,1,120.72,0.0,120.72
107109,2024-03-12,Desk Lamp,Furniture,North,In-Store,1,25.87,0.0,25.87
107108,2024-03-12,Office Chair,Furniture,Central,In-Store,1,149.46,0.0,149.46
107107,2024-03-12,Resistance Bands,Fitness,South,In-Store,4,13.92,0.0,55.68
107105,2024-03-12,Dumbbell Set,Fitness,South,In-Store,2,89.16,0.0,178.32
107101,2024-03-12,Fountain Pen,Stationery,North,Online,1,20.96,0.0,20.96
107103,2024-03-12,Yoga Mat,Fitness,South,Online,2,21.53,0.0,43.06
107102,2024-03-12,Resistance Bands,Fitness,East,Online,1,13.79,0.0,13.79
107100,2024-03-12,Standing Desk,Furniture,South,Online,1,294.2,0.0,294.2
107099,2024-03-12,Notebook Set,Stationery,South,Online,1,9.24,0.0,9.24
107104,2024-03-12,Wireless Mouse,Electronics,East,In-Store,1,19.61,0.0,19.61
107098,2024-03-12,USB-C Hub,Electronics,East,Online,1,30.07,0.0,30.07
107122,2024-03-13,Desk Lamp,Furniture,West,In-Store,1,24.71,0.0,24.71
107121,2024-03-13,Wireless Mouse,Electronics,Central,In-Store,3,18.97,0.0,56.91
107120,2024-03-13,Standing Desk,Furniture,Central,Online,1,303.7,0.0,303.7
107119,2024-03-13,Resistance Bands,Fitness,Central,In-Store,2,15.25,0.0,30.5
107117,2024-03-13,Running Shoes,Fitness,West,Online,2,72.75,0.0,145.5
107118,2024-03-13,Wireless Mouse,Electronics,South,Online,2,18.32,0.0,36.64
107115,2024-03-13,Mechanical Keyboard,Electronics,Central,In-Store,1,64.47,0.0,64.47
107114,2024-03-13,Notebook Set,Stationery,North,In-Store,1,8.8,0.0,8.8
107113,2024-03-13,Running Shoes,Fitness,East,Online,1,76.83,0.0,76.83
107112,2024-03-13,Noise-Cancel Headphones,Electronics,East,In-Store,1,111.63,0.15,111.63
107111,2024-03-13,Bluetooth Speaker,Electronics,South,Online,2,39.39,0.15,78.78
107110,2024-03-13,USB-C Hub,Electronics,North,Online,1,30.63,0.0,30.63
107116,2024-03-13,Noise-Cancel Headphones,Electronics,South,Online,4,129.81,0.0,519.24
107132,2024-03-14,Planner,Stationery,South,In-Store,2,16.56,0.0,33.12
107136,2024-03-14,Wireless Mouse,Electronics,East,Online,2,17.31,0.0,34.62
107135,2024-03-14,Notebook Set,Stationery,South,Online,3,8.97,0.0,26.91
107134,2024-03-14,Desk Lamp,Furniture,East,Online,2,25.53,0.0,51.06
107133,2024-03-14,Resistance Bands,Fitness,East,In-Store,1,12.82,0.1,12.82
107131,2024-03-14,Wireless Mouse,Electronics,Central,Online,1,18.97,0.0,18.97
107124,2024-03-14,Planner,Stationery,Central,In-Store,2,16.13,0.0,32.26
107129,2024-03-14,Running Shoes,Fitness,South,In-Store,1,69.17,0.1,69.17
107128,2024-03-14,Resistance Bands,Fitness,North,In-Store,4,14.28,0.0,57.12
107127,2024-03-14,Yoga Mat,Fitness,East,Online,2,21.99,0.0,43.98
107126,2024-03-14,Yoga Mat,Fitness,South,Online,1,22.19,0.0,22.19
107125,2024-03-14,Planner,Stationery,West,In-Store,1,15.0,0.1,15.0
107123,2024-03-14,Resistance Bands,Fitness,South,In-Store,1,14.55,0.0,14.55
107130,2024-03-14,USB-C Hub,Electronics,East,Online,1,30.71,0.0,30.71
107145,2024-03-15,Yoga Mat,Fitness,West,Online,1,20.74,0.1,20.74
107148,2024-03-15,Noise-Cancel Headphones,Electronics,West,In-Store,2,100.0,0.2,200.0
107147,2024-03-15,Dumbbell Set,Fitness,Central,In-Store,1,90.47,0.0,90.47
107146,2024-03-15,Bookshelf,Furniture,West,Online,2,121.2,0.0,242.4
107144,2024-03-15,Fountain Pen,Stationery,East,Online,4,20.28,0.0,81.12
107149,2024-03-15,Yoga Mat,Fitness,East,Online,2,18.92,0.15,37.84
107142,2024-03-15,Planner,Stationery,North,In-Store,1,16.24,0.0,16.24
107141,2024-03-15,USB-C Hub,Electronics,North,In-Store,1,29.26,0.0,29.26
107140,2024-03-15,Notebook Set,Stationery,North,In-Store,1,9.89,0.0,9.89
107139,2024-03-15,Resistance Bands,Fitness,South,In-Store,1,14.91,0.0,14.91
107138,2024-03-15,Noise-Cancel Headphones,Electronics,East,Online,1,112.36,0.15,112.36
107143,2024-03-15,Office Chair,Furniture,East,Online,2,160.05,0.0,320.1
107137,2024-03-15,Wireless Mouse,Electronics,Central,Online,2,18.31,0.0,36.62
107165,2024-03-16,Dumbbell Set,Fitness,East,In-Store,2,90.89,0.0,181.78
107164,2024-03-16,Mechanical Keyboard,Electronics,West,In-Store,2,66.57,0.0,133.14
107163,2024-03-16,Resistance Bands,Fitness,South,Online,1,14.78,0.0,14.78
107162,2024-03-16,Running Shoes,Fitness,North,Online,2,56.94,0.2,113.88
107161,2024-03-16,Resistance Bands,Fitness,South,Online,1,14.56,0.0,14.56
107159,2024-03-16,Water Bottle,Fitness,South,Online,1,13.04,0.0,13.04
107160,2024-03-16,Desk Lamp,Furniture,North,Online,2,25.73,0.0,51.46
107157,2024-03-16,Notebook Set,Stationery,West,In-Store,1,9.56,0.0,9.56
107158,2024-03-16,Fountain Pen,Stationery,North,In-Store,1,17.43,0.15,17.43
107151,2024-03-16,Office Chair,Furniture,North,Online,1,148.56,0.0,148.56
107152,2024-03-16,Water Bottle,Fitness,Central,In-Store,1,12.19,0.0,12.19
107153,2024-03-16,Running Shoes,Fitness,North,Online,1,61.47,0.2,61.47
107150,2024-03-16,Water Bottle,Fitness,Central,In-Store,1,12.68,0.0,12.68
107155,2024-03-16,Running Shoes,Fitness,East,Online,2,74.21,0.0,148.42
107156,2024-03-16,Office Chair,Furniture,South,In-Store,1,149.79,0.0,149.79
107154,2024-03-16,Fountain Pen,Stationery,South,In-Store,1,19.99,0.0,19.99
107177,2024-03-17,Wireless Mouse,Electronics,South,In-Store,2,20.33,0.0,40.66
107183,2024-03-17,Dumbbell Set,Fitness,Central,Online,1,94.04,0.0,94.04
107182,2024-03-17,Fountain Pen,Stationery,Central,Online,2,21.43,0.0,42.86
107181,2024-03-17,Resistance Bands,Fitness,Central,Online,3,15.24,0.0,45.72
107180,2024-03-17,Noise-Cancel Headphones,Electronics,Central,Online,1,129.93,0.0,129.93
107179,2024-03-17,Wireless Mouse,Electronics,East,Online,1,16.69,0.1,16.69
107178,2024-03-17,Resistance Bands,Fitness,East,Online,2,14.03,0.0,28.06
107176,2024-03-17,Bluetooth Speaker,Electronics,Central,Online,3,46.7,0.0,140.1
107168,2024-03-17,Wireless Mouse,Electronics,North,Online,3,19.73,0.0,59.19
107174,2024-03-17,Planner,Stationery,East,Online,1,16.02,0.0,16.02
107173,2024-03-17,Running Shoes,Fitness,East,Online,1,68.32,0.1,68.32
107172,2024-03-17,Bluetooth Speaker,Electronics,North,Online,2,36.81,0.2,73.62
107171,2024-03-17,Mechanical Keyboard,Electronics,South,Online,2,65.77,0.0,131.54
107170,2024-03-17,Desk Lamp,Furniture,North,Online,1,24.26,0.0,24.26
107169,2024-03-17,Planner,Stationery,West,Online,1,15.5,0.0,15.5
107167,2024-03-17,Noise-Cancel Headphones,Electronics,East,In-Store,1,130.91,0.0,130.91
107166,2024-03-17,Fountain Pen,Stationery,South,Online,1,20.95,0.0,20.95
107175,2024-03-17,Office Chair,Furniture,Central,In-Store,1,151.39,0.0,151.39
107194,2024-03-18,Yoga Mat,Fitness,East,In-Store,1,22.03,0.0,22.03
107198,2024-03-18,Wireless Mouse,Electronics,South,Online,1,19.8,0.0,19.8
107197,2024-03-18,Office Chair,Furniture,Central,Online,1,141.96,0.0,141.96
107196,2024-03-18,Standing Desk,Furniture,East,In-Store,1,246.37,0.15,246.37
107195,2024-03-18,Bookshelf,Furniture,Central,Online,1,119.09,0.0,119.09
107193,2024-03-18,Bluetooth Speaker,Electronics,West,Online,1,41.46,0.1,41.46
107192,2024-03-18,Office Chair,Furniture,South,Online,3,155.69,0.0,467.07
107191,2024-03-18,Dumbbell Set,Fitness,East,In-Store,1,91.79,0.0,91.79
107190,2024-03-18,Office Chair,Furniture,North,In-Store,2,148.03,0.0,296.06
107189,2024-03-18,Standing Desk,Furniture,West,Online,1,302.14,0.0,302.14
107188,2024-03-18,Mechanical Keyboard,Electronics,South,Online,1,67.47,0.0,67.47
107187,2024-03-18,Mechanical Keyboard,Electronics,West,In-Store,1,65.29,0.0,65.29
107186,2024-03-18,Desk Lamp,Furniture,Central,Online,2,25.77,0.0,51.54
107184,2024-03-18,Desk Lamp,Furniture,East,In-Store,2,20.28,0.15,40.56
107185,2024-03-18,Office Chair,Furniture,South,Online,2,154.43,0.0,308.86
107215,2024-03-19,USB-C Hub,Electronics,Central,In-Store,1,23.92,0.15,23.92
107214,2024-03-19,Desk Lamp,Furniture,South,Online,1,24.36,0.0,24.36
107213,2024-03-19,Fountain Pen,Stationery,West,In-Store,1,20.86,0.0,20.86
107212,2024-03-19,Yoga Mat,Fitness,North,Online,2,23.0,0.0,46.0
107211,2024-03-19,Bluetooth Speaker,Electronics,East,Online,1,38.78,0.1,38.78
107210,2024-03-19,Resistance Bands,Fitness,South,In-Store,1,14.96,0.0,14.96
107209,2024-03-19,Office Chair,Furniture,East,Online,1,153.74,0.0,153.74
107216,2024-03-19,Mechanical Keyboard,Electronics,North,Online,1,57.6,0.15,57.6
107207,2024-03-19,Wireless Mouse,Electronics,South,Online,1,18.44,0.1,18.44
107206,2024-03-19,Running Shoes,Fitness,West,In-Store,1,63.67,0.15,63.67
107205,2024-03-19,Notebook Set,Stationery,South,In-Store,1,9.03,0.0,9.03
107204,2024-03-19,Fountain Pen,Stationery,South,Online,1,20.06,0.0,20.06
107203,2024-03-19,Running Shoes,Fitness,North,In-Store,3,74.58,0.0,223.74
107202,2024-03-19,Dumbbell Set,Fitness,South,Online,2,85.22,0.0,170.44
107201,2024-03-19,Standing Desk,Furniture,East,Online,2,295.55,0.0,591.1
107199,2024-03-19,USB-C Hub,Electronics,North,Online,1,29.3,0.0,29.3
107200,2024-03-19,Desk Lamp,Furniture,South,Online,1,25.42,0.0,25.42
107208,2024-03-19,Standing Desk,Furniture,West,Online,1,269.8,0.1,269.8
107230,2024-03-20,Notebook Set,Stationery,West,Online,1,8.85,0.0,8.85
107229,2024-03-20,Running Shoes,Fitness,East,Online,2,81.78,0.0,163.56
107228,2024-03-20,Resistance Bands,Fitness,North,Online,1,13.89,0.0,13.89
107227,2024-03-20,Planner,Stationery,South,In-Store,2,15.96,0.0,31.92
107226,2024-03-20,Wireless Mouse,Electronics,West,Online,1,19.09,0.0,19.09
107225,2024-03-20,Mechanical Keyboard,Electronics,South,Online,1,59.14,0.1,59.14
107224,2024-03-20,Mechanical Keyboard,Electronics,North,Online,2,63.91,0.0,127.82
107222,2024-03-20,Fountain Pen,Stationery,Central,Online,1,19.48,0.0,19.48
107221,2024-03-20,Wireless Mouse,Electronics,North,Online,2,16.11,0.15,32.22
107220,2024-03-20,Resistance Bands,Fitness,South,In-Store,1,15.06,0.0,15.06
107219,2024-03-20,Desk Lamp,Furniture,Central,Online,2,24.22,0.0,48.44
107218,2024-03-20,Mechanical Keyboard,Electronics,Central,Online,3,66.72,0.0,200.16
107217,2024-03-20,Water Bottle,Fitness,South,In-Store,1,10.59,0.15,10.59
107223,2024-03-20,Fountain Pen,Stationery,East,Online,1,19.35,0.0,19.35
107249,2024-03-21,Resistance Bands,Fitness,Central,Online,4,14.17,0.0,56.68
107248,2024-03-21,Planner,Stationery,East,Online,2,14.36,0.1,28.72
107247,2024-03-21,Wireless Mouse,Electronics,West,Online,2,16.94,0.1,33.88
107246,2024-03-21,Running Shoes,Fitness,Central,Online,1,78.59,0.0,78.59
107243,2024-03-21,Fountain Pen,Stationery,North,Online,1,18.92,0.0,18.92
107245,2024-03-21,Noise-Cancel Headphones,Electronics,North,In-Store,2,126.52,0.0,253.04
107244,2024-03-21,USB-C Hub,Electronics,East,Online,1,30.53,0.0,30.53
107242,2024-03-21,Standing Desk,Furniture,North,In-Store,1,267.52,0.1,267.52
107236,2024-03-21,Desk Lamp,Furniture,North,Online,1,23.99,0.0,23.99
107240,2024-03-21,Yoga Mat,Fitness,East,Online,1,21.66,0.0,21.66
107239,2024-03-21,Notebook Set,Stationery,East,Online,3,9.23,0.0,27.69
107238,2024-03-21,Desk Lamp,Furniture,North,Online,2,25.03,0.0,50.06
107237,2024-03-21,Bluetooth Speaker,Electronics,South,In-Store,1,47.34,0.0,47.34
107235,2024-03-21,USB-C Hub,Electronics,West,Online,1,30.67,0.0,30.67
107234,2024-03-21,Noise-Cancel Headphones,Electronics,Central,Online,2,109.11,0.15,218.22
107233,2024-03-21,Mechanical Keyboard,Electronics,West,Online,1,65.42,0.0,65.42
107232,2024-03-21,Standing Desk,Furniture,Central,In-Store,1,298.39,0.0,298.39
107241,2024-03-21,Bookshelf,Furniture,North,Online,1,121.75,0.0,121.75
107231,2024-03-21,Water Bottle,Fitness,West,In-Store,3,13.26,0.0,39.78
107264,2024-03-22,Mechanical Keyboard,Electronics,West,Online,1,63.03,0.0,63.03
107263,2024-03-22,Bluetooth Speaker,Electronics,Central,Online,2,40.42,0.1,80.84
107262,2024-03-22,Yoga Mat,Fitness,West,Online,1,22.38,0.0,22.38
107261,2024-03-22,Standing Desk,Furniture,North,In-Store,1,301.37,0.0,301.37
107260,2024-03-22,Yoga Mat,Fitness,East,In-Store,4,21.19,0.0,84.76
107259,2024-03-22,Dumbbell Set,Fitness,North,Online,1,90.57,0.0,90.57
107265,2024-03-22,Water Bottle,Fitness,South,In-Store,1,12.94,0.0,12.94
107257,2024-03-22,Fountain Pen,Stationery,South,Online,1,20.85,0.0,20.85
107256,2024-03-22,Office Chair,Furniture,North,Online,1,126.18,0.15,126.18
107255,2024-03-22,Notebook Set,Stationery,West,In-Store,1,7.73,0.15,7.73
107254,2024-03-22,Resistance Bands,Fitness,East,In-Store,1,14.69,0.0,14.69
107253,2024-03-22,USB-C Hub,Electronics,East,Online,4,29.78,0.0,119.12
107252,2024-03-22,Office Chair,Furniture,West,In-Store,1,138.93,0.0,138.93
107250,2024-03-22,Office Chair,Furniture,South,Online,1,131.43,0.1,131.43
107251,2024-03-22,Desk Lamp,Furniture,South,Online,1,25.47,0.0,25.47
107258,2024-03-22,Water Bottle,Fitness,West,Online,1,13.47,0.0,13.47
107279,2024-03-23,Dumbbell Set,Fitness,West,Online,2,89.93,0.0,179.86
107278,2024-03-23,Yoga Mat,Fitness,North,Online,1,21.44,0.0,21.44
107277,2024-03-23,Standing Desk,Furniture,South,Online,1,284.54,0.0,284.54
107276,2024-03-23,Desk Lamp,Furniture,Central,Online,1,24.71,0.0,24.71
107275,2024-03-23,Noise-Cancel Headphones,Electronics,East,Online,1,132.86,0.0,132.86
107274,2024-03-23,Mechanical Keyboard,Electronics,East,Online,1,63.24,0.0,63.24
107273,2024-03-23,Bookshelf,Furniture,West,In-Store,2,107.83,0.1,215.66
107271,2024-03-23,Office Chair,Furniture,North,Online,1,147.17,0.0,147.17
107270,2024-03-23,Yoga Mat,Fitness,North,Online,1,22.19,0.0,22.19
107269,2024-03-23,Bluetooth Speaker,Electronics,Central,Online,1,46.14,0.0,46.14
107268,2024-03-23,Water Bottle,Fitness,North,In-Store,1,11.11,0.15,11.11
107267,2024-03-23,Bookshelf,Furniture,North,Online,1,121.21,0.0,121.21
107266,2024-03-23,Resistance Bands,Fitness,East,In-Store,1,14.37,0.0,14.37
107272,2024-03-23,Bookshelf,Furniture,North,Online,1,108.52,0.1,108.52
107295,2024-03-24,USB-C Hub,Electronics,North,Online,2,28.37,0.0,56.74
107294,2024-03-24,Standing Desk,Furniture,South,Online,1,315.47,0.0,315.47
107293,2024-03-24,Bluetooth Speaker,Electronics,South,Online,1,45.65,0.0,45.65
107292,2024-03-24,Running Shoes,Fitness,South,Online,2,67.32,0.1,134.64
107290,2024-03-24,Dumbbell Set,Fitness,Central,In-Store,1,93.34,0.0,93.34
107291,2024-03-24,Wireless Mouse,Electronics,West,In-Store,2,18.21,0.0,36.42
107289,2024-03-24,Office Chair,Furniture,South,In-Store,4,148.13,0.0,592.52
107285,2024-03-24,USB-C Hub,Electronics,Central,In-Store,1,31.31,0.0,31.31
107287,2024-03-24,Planner,Stationery,Central,In-Store,2,15.09,0.0,30.18
107286,2024-03-24,Desk Lamp,Furniture,East,Online,1,24.99,0.0,24.99
107284,2024-03-24,Dumbbell Set,Fitness,East,In-Store,2,81.58,0.1,163.16
107283,2024-03-24,Bluetooth Speaker,Electronics,West,Online,1,44.8,0.0,44.8
107282,2024-03-24,Noise-Cancel Headphones,Electronics,West,Online,1,129.46,0.0,129.46
107281,2024-03-24,Notebook Set,Stationery,South,Online,1,9.48,0.0,9.48
107280,2024-03-24,Notebook Set,Stationery,South,Online,4,9.29,0.0,37.16
107288,2024-03-24,Dumbbell Set,Fitness,North,In-Store,1,73.36,0.15,73.36
107311,2024-03-25,Desk Lamp,Furniture,East,Online,1,21.9,0.1,21.9
107310,2024-03-25,Fountain Pen,Stationery,South,Online,1,20.07,0.0,20.07
107308,2024-03-25,Standing Desk,Furniture,East,In-Store,1,301.16,0.0,301.16
107307,2024-03-25,Water Bottle,Fitness,South,Online,1,12.87,0.0,12.87
107306,2024-03-25,Dumbbell Set,Fitness,East,Online,1,93.83,0.0,93.83
107305,2024-03-25,Desk Lamp,Furniture,South,In-Store,1,25.85,0.0,25.85
107309,2024-03-25,Yoga Mat,Fitness,Central,Online,1,17.81,0.2,17.81
107303,2024-03-25,Standing Desk,Furniture,South,In-Store,3,309.47,0.0,928.41
107302,2024-03-25,USB-C Hub,Electronics,South,Online,2,29.97,0.0,59.94
107301,2024-03-25,Wireless Mouse,Electronics,North,Online,2,19.12,0.0,38.24
107300,2024-03-25,Bluetooth Speaker,Electronics,South,In-Store,1,36.21,0.2,36.21
107299,2024-03-25,Wireless Mouse,Electronics,North,Online,3,18.52,0.0,55.56
107298,2024-03-25,Planner,Stationery,North,Online,4,16.03,0.0,64.12
107297,2024-03-25,Yoga Mat,Fitness,South,In-Store,2,20.15,0.1,40.3
107296,2024-03-25,Desk Lamp,Furniture,South,Online,2,24.99,0.0,49.98
107304,2024-03-25,Noise-Cancel Headphones,Electronics,East,Online,2,124.65,0.0,249.3
107320,2024-03-26,Noise-Cancel Headphones,Electronics,Central,Online,3,129.56,0.0,388.68
107319,2024-03-26,Bookshelf,Furniture,South,Online,1,123.39,0.0,123.39
107318,2024-03-26,Planner,Stationery,Central,Online,1,16.29,0.0,16.29
107316,2024-03-26,Desk Lamp,Furniture,East,Online,3,21.97,0.1,65.91
107315,2024-03-26,Noise-Cancel Headphones,Electronics,North,Online,1,129.98,0.0,129.98
107314,2024-03-26,Notebook Set,Stationery,South,In-Store,1,9.16,0.0,9.16
107313,2024-03-26,Resistance Bands,Fitness,West,In-Store,2,14.5,0.0,29.0
107312,2024-03-26,Bookshelf,Furniture,East,Online,1,121.85,0.0,121.85
107317,2024-03-26,Water Bottle,Fitness,East,In-Store,2,13.05,0.0,26.1
107331,2024-03-27,Wireless Mouse,Electronics,West,In-Store,1,18.1,0.0,18.1
107335,2024-03-27,Office Chair,Furniture,South,In-Store,1,153.38,0.0,153.38
107334,2024-03-27,Bluetooth Speaker,Electronics,West,In-Store,3,45.21,0.0,135.63
107333,2024-03-27,Wireless Mouse,Electronics,South,Online,1,20.03,0.0,20.03
107332,2024-03-27,Running Shoes,Fitness,Central,Online,1,75.87,0.0,75.87
107330,2024-03-27,Noise-Cancel Headphones,Electronics,Central,In-Store,2,129.49,0.0,258.98
107322,2024-03-27,Noise-Cancel Headphones,Electronics,North,Online,2,129.4,0.0,258.8
107328,2024-03-27,Fountain Pen,Stationery,East,In-Store,2,19.87,0.0,39.74
107327,2024-03-27,Bluetooth Speaker,Electronics,East,Online,1,44.92,0.0,44.92
107326,2024-03-27,Dumbbell Set,Fitness,North,Online,1,85.91,0.0,85.91
107325,2024-03-27,Office Chair,Furniture,South,Online,1,150.11,0.0,150.11
107324,2024-03-27,Notebook Set,Stationery,East,Online,2,9.17,0.0,18.34
107323,2024-03-27,Bluetooth Speaker,Electronics,West,Online,2,43.81,0.0,87.62
107321,2024-03-27,Office Chair,Furniture,South,Online,3,146.6,0.0,439.8
107329,2024-03-27,Standing Desk,Furniture,East,In-Store,1,306.85,0.0,306.85
107349,2024-03-28,Notebook Set,Stationery,Central,In-Store,1,7.51,0.15,7.51
107348,2024-03-28,Bluetooth Speaker,Electronics,East,Online,1,47.09,0.0,47.09
107347,2024-03-28,Standing Desk,Furniture,East,Online,2,273.91,0.1,547.82
107346,2024-03-28,Office Chair,Furniture,North,Online,1,159.2,0.0,159.2
107345,2024-03-28,USB-C Hub,Electronics,North,Online,1,30.62,0.0,30.62
107344,2024-03-28,Mechanical Keyboard,Electronics,South,Online,2,68.39,0.0,136.78
107341,2024-03-28,Noise-Cancel Headphones,Electronics,North,Online,1,129.8,0.0,129.8
107342,2024-03-28,Bluetooth Speaker,Electronics,South,In-Store,1,43.02,0.0,43.02
107340,2024-03-28,Noise-Cancel Headphones,Electronics,East,In-Store,2,134.6,0.0,269.2
107339,2024-03-28,USB-C Hub,Electronics,South,Online,1,29.47,0.0,29.47
107338,2024-03-28,Yoga Mat,Fitness,East,Online,1,22.71,0.0,22.71
107337,2024-03-28,Running Shoes,Fitness,East,In-Store,1,73.08,0.0,73.08
107336,2024-03-28,Office Chair,Furniture,East,Online,1,147.66,0.0,147.66
107343,2024-03-28,USB-C Hub,Electronics,West,In-Store,2,23.73,0.15,47.46
107357,2024-03-29,Running Shoes,Fitness,North,Online,1,78.97,0.0,78.97
107356,2024-03-29,Planner,Stationery,South,Online,1,14.81,0.1,14.81
107355,2024-03-29,Standing Desk,Furniture,North,Online,1,306.19,0.0,306.19
107353,2024-03-29,Water Bottle,Fitness,South,In-Store,2,10.61,0.15,21.22
107352,2024-03-29,Bookshelf,Furniture,West,In-Store,1,117.66,0.0,117.66
107350,2024-03-29,USB-C Hub,Electronics,East,Online,2,28.8,0.0,57.6
107351,2024-03-29,Dumbbell Set,Fitness,West,Online,2,88.5,0.0,177.0
107354,2024-03-29,Running Shoes,Fitness,East,Online,1,73.84,0.0,73.84
107368,2024-03-30,Noise-Cancel Headphones,Electronics,South,Online,1,115.23,0.1,115.23
107373,2024-03-30,Notebook Set,Stationery,Central,Online,1,9.03,0.0,9.03
107372,2024-03-30,Yoga Mat,Fitness,Central,In-Store,2,21.84,0.0,43.68
107371,2024-03-30,Desk Lamp,Furniture,West,Online,1,20.41,0.2,20.41
107370,2024-03-30,USB-C Hub,Electronics,South,Online,2,30.37,0.0,60.74
107369,2024-03-30,Bookshelf,Furniture,West,In-Store,1,120.68,0.0,120.68
107367,2024-03-30,Running Shoes,Fitness,North,In-Store,2,75.52,0.0,151.04
107366,2024-03-30,USB-C Hub,Electronics,South,Online,1,30.91,0.0,30.91
107365,2024-03-30,Wireless Mouse,Electronics,North,In-Store,1,18.33,0.0,18.33
107364,2024-03-30,Fountain Pen,Stationery,South,Online,1,20.31,0.0,20.31
107363,2024-03-30,Desk Lamp,Furniture,West,Online,1,25.61,0.0,25.61
107362,2024-03-30,Resistance Bands,Fitness,West,In-Store,1,14.78,0.0,14.78
107361,2024-03-30,Standing Desk,Furniture,North,Online,1,247.51,0.15,247.51
107360,2024-03-30,Water Bottle,Fitness,South,In-Store,1,11.64,0.1,11.64
107359,2024-03-30,Fountain Pen,Stationery,West,Online,1,19.98,0.0,19.98
107358,2024-03-30,Planner,Stationery,Central,In-Store,1,15.48,0.0,15.48
107384,2024-03-31,Desk Lamp,Furniture,South,Online,1,20.26,0.2,20.26
107385,2024-03-31,Water Bottle,Fitness,West,Online,2,12.81,0.0,25.62
107383,2024-03-31,Standing Desk,Furniture,North,In-Store,1,293.38,0.0,293.38
107387,2024-03-31,Running Shoes,Fitness,Central,Online,1,74.38,0.0,74.38
107386,2024-03-31,Notebook Set,Stationery,East,Online,1,8.93,0.0,8.93
107382,2024-03-31,Mechanical Keyboard,Electronics,South,In-Store,1,65.06,0.0,65.06
107376,2024-03-31,Notebook Set,Stationery,South,In-Store,2,8.98,0.0,17.96
107380,2024-03-31,Fountain Pen,Stationery,North,Online,2,19.69,0.0,39.38
107379,2024-03-31,Bookshelf,Furniture,South,Online,1,124.09,0.0,124.09
107378,2024-03-31,Mechanical Keyboard,Electronics,East,Online,1,63.29,0.1,63.29
107377,2024-03-31,Yoga Mat,Fitness,West,Online,1,18.54,0.15,18.54
107374,2024-03-31,Running Shoes,Fitness,South,Online,1,78.22,0.0,78.22
107381,2024-03-31,Mechanical Keyboard,Electronics,North,In-Store,1,66.0,0.0,66.0
107375,2024-03-31,Office Chair,Furniture,South,Online,3,144.34,0.0,433.02
107400,2024-04-01,Yoga Mat,Fitness,North,In-Store,1,19.92,0.1,19.92
107399,2024-04-01,Office Chair,Furniture,Central,In-Store,1,147.47,0.0,147.47
107398,2024-04-01,Office Chair,Furniture,West,In-Store,1,152.33,0.0,152.33
107397,2024-04-01,Office Chair,Furniture,North,Online,1,152.43,0.0,152.43
107395,2024-04-01,Planner,Stationery,West,Online,1,13.07,0.2,13.07
107396,2024-04-01,Noise-Cancel Headphones,Electronics,South,In-Store,1,126.06,0.0,126.06
107393,2024-04-01,Wireless Mouse,Electronics,West,In-Store,1,19.15,0.0,19.15
107392,2024-04-01,Bookshelf,Furniture,South,Online,2,110.58,0.1,221.16
107391,2024-04-01,Planner,Stationery,North,Online,1,16.11,0.0,16.11
107390,2024-04-01,Desk Lamp,Furniture,East,In-Store,1,20.35,0.15,20.35
107389,2024-04-01,Bookshelf,Furniture,East,Online,1,129.83,0.0,129.83
107388,2024-04-01,Standing Desk,Furniture,East,Online,2,312.78,0.0,625.56
107394,2024-04-01,Resistance Bands,Fitness,North,In-Store,1,12.55,0.15,12.55
107412,2024-04-02,Office Chair,Furniture,Central,Online,2,152.95,0.0,305.9
107418,2024-04-02,USB-C Hub,Electronics,West,Online,3,30.23,0.0,90.69
107417,2024-04-02,Notebook Set,Stationery,East,Online,1,8.63,0.0,8.63
107416,2024-04-02,Notebook Set,Stationery,South,Online,1,7.12,0.2,7.12
107415,2024-04-02,Office Chair,Furniture,North,In-Store,1,159.85,0.0,159.85
107414,2024-04-02,Fountain Pen,Stationery,Central,Online,2,20.01,0.0,40.02
107413,2024-04-02,Dumbbell Set,Fitness,South,Online,2,89.84,0.0,179.68
107411,2024-04-02,Dumbbell Set,Fitness,South,Online,1,94.7,0.0,94.7
107403,2024-04-02,Dumbbell Set,Fitness,South,Online,1,93.04,0.0,93.04
107409,2024-04-02,USB-C Hub,Electronics,East,Online,1,29.25,0.0,29.25
107408,2024-04-02,Noise-Cancel Headphones,Electronics,West,In-Store,1,128.66,0.0,128.66
107407,2024-04-02,Running Shoes,Fitness,South,In-Store,2,74.59,0.0,149.18
107406,2024-04-02,Office Chair,Furniture,South,Online,1,156.71,0.0,156.71
107405,2024-04-02,Standing Desk,Furniture,South,In-Store,1,300.28,0.0,300.28
107404,2024-04-02,Bookshelf,Furniture,South,Online,1,119.64,0.0,119.64
107402,2024-04-02,Yoga Mat,Fitness,West,Online,1,18.56,0.1,18.56
107401,2024-04-02,Running Shoes,Fitness,East,Online,1,70.9,0.0,70.9
107410,2024-04-02,USB-C Hub,Electronics,West,Online,2,31.29,0.0,62.58
107426,2024-04-03,Standing Desk,Furniture,South,Online,2,294.56,0.0,589.12
107427,2024-04-03,Water Bottle,Fitness,East,In-Store,1,13.35,0.0,13.35
107425,2024-04-03,Desk Lamp,Furniture,East,Online,1,24.78,0.0,24.78
107419,2024-04-03,Yoga Mat,Fitness,Central,In-Store,2,22.45,0.0,44.9
107423,2024-04-03,Wireless Mouse,Electronics,Central,Online,2,18.49,0.0,36.98
107422,2024-04-03,Notebook Set,Stationery,Central,Online,1,8.07,0.1,8.07
107421,2024-04-03,USB-C Hub,Electronics,West,In-Store,2,31.32,0.0,62.64
107420,2024-04-03,Bluetooth Speaker,Electronics,East,In-Store,1,39.53,0.15,39.53
107424,2024-04-03,Desk Lamp,Furniture,Central,In-Store,1,25.45,0.0,25.45
107438,2024-04-04,Desk Lamp,Furniture,West,Online,2,25.04,0.0,50.08
107437,2024-04-04,Running Shoes,Fitness,West,Online,2,66.51,0.1,133.02
107436,2024-04-04,Running Shoes,Fitness,North,In-Store,1,77.51,0.0,77.51
107434,2024-04-04,USB-C Hub,Electronics,South,In-Store,1,29.56,0.0,29.56
107435,2024-04-04,Bluetooth Speaker,Electronics,East,In-Store,1,43.77,0.0,43.77
107432,2024-04-04,Standing Desk,Furniture,West,In-Store,1,312.26,0.0,312.26
107431,2024-04-04,Resistance Bands,Fitness,North,Online,1,14.48,0.0,14.48
107430,2024-04-04,Water Bottle,Fitness,North,Online,1,13.37,0.0,13.37
107429,2024-04-04,Water Bottle,Fitness,North,Online,1,11.57,0.1,11.57
107428,2024-04-04,Mechanical Keyboard,Electronics,East,Online,1,64.21,0.0,64.21
107433,2024-04-04,Yoga Mat,Fitness,North,Online,1,19.51,0.1,19.51
107449,2024-04-05,Bluetooth Speaker,Electronics,East,Online,1,40.13,0.1,40.13
107453,2024-04-05,Standing Desk,Furniture,South,In-Store,1,286.89,0.0,286.89
107452,2024-04-05,Office Chair,Furniture,East,In-Store,1,152.25,0.0,152.25
107451,2024-04-05,USB-C Hub,Electronics,North,Online,1,30.31,0.0,30.31
107450,2024-04-05,Noise-Cancel Headphones,Electronics,West,In-Store,1,131.2,0.0,131.2
107448,2024-04-05,USB-C Hub,Electronics,Central,Online,1,26.57,0.1,26.57
107443,2024-04-05,Wireless Mouse,Electronics,South,Online,4,18.72,0.0,74.88
107446,2024-04-05,Standing Desk,Furniture,North,Online,2,318.88,0.0,637.76
107445,2024-04-05,Wireless Mouse,Electronics,North,In-Store,1,17.78,0.0,17.78
107444,2024-04-05,Office Chair,Furniture,West,Online,2,149.3,0.0,298.6
107442,2024-04-05,Running Shoes,Fitness,West,In-Store,3,75.49,0.0,226.47
107441,2024-04-05,Dumbbell Set,Fitness,North,In-Store,1,92.36,0.0,92.36
107440,2024-04-05,Standing Desk,Furniture,West,Online,2,246.71,0.15,493.42
107439,2024-04-05,Mechanical Keyboard,Electronics,South,In-Store,1,65.8,0.0,65.8
107447,2024-04-05,Desk Lamp,Furniture,West,In-Store,1,24.87,0.0,24.87
107465,2024-04-06,Fountain Pen,Stationery,Central,In-Store,1,20.33,0.0,20.33
107471,2024-04-06,Bookshelf,Furniture,West,Online,1,119.23,0.0,119.23
107470,2024-04-06,Water Bottle,Fitness,East,In-Store,1,12.84,0.0,12.84
107469,2024-04-06,Running Shoes,Fitness,Central,Online,1,62.36,0.15,62.36
107468,2024-04-06,Dumbbell Set,Fitness,North,Online,2,89.36,0.0,178.72
107467,2024-04-06,Bluetooth Speaker,Electronics,Central,Online,2,39.74,0.1,79.48
107464,2024-04-06,USB-C Hub,Electronics,Central,Online,2,26.94,0.1,53.88
107466,2024-04-06,Wireless Mouse,Electronics,South,Online,1,15.38,0.2,15.38
107462,2024-04-06,Planner,Stationery,North,In-Store,1,15.44,0.0,15.44
107463,2024-04-06,Fountain Pen,Stationery,South,Online,1,21.08,0.0,21.08
107455,2024-04-06,Mechanical Keyboard,Electronics,East,Online,2,64.97,0.0,129.94
107456,2024-04-06,Noise-Cancel Headphones,Electronics,South,In-Store,1,129.73,0.0,129.73
107457,2024-04-06,Fountain Pen,Stationery,West,In-Store,2,16.37,0.2,32.74
107454,2024-04-06,Yoga Mat,Fitness,North,Online,1,21.56,0.0,21.56
107459,2024-04-06,Noise-Cancel Headphones,Electronics,North,Online,2,126.24,0.0,252.48
107460,2024-04-06,Resistance Bands,Fitness,South,Online,1,11.38,0.2,11.38
107461,2024-04-06,Dumbbell Set,Fitness,East,Online,2,90.27,0.0,180.54
107458,2024-04-06,Dumbbell Set,Fitness,East,Online,1,80.69,0.15,80.69
107482,2024-04-07,Fountain Pen,Stationery,East,Online,2,19.59,0.0,39.18
107488,2024-04-07,Dumbbell Set,Fitness,South,Online,1,89.89,0.0,89.89
107487,2024-04-07,Noise-Cancel Headphones,Electronics,Central,Online,2,112.59,0.1,225.18
107485,2024-04-07,Bluetooth Speaker,Electronics,South,In-Store,1,45.47,0.0,45.47
107484,2024-04-07,Bluetooth Speaker,Electronics,East,Online,1,45.04,0.0,45.04
107483,2024-04-07,Bluetooth Speaker,Electronics,Central,Online,1,47.24,0.0,47.24
107481,2024-04-07,Mechanical Keyboard,Electronics,North,Online,1,54.86,0.1,54.86
107486,2024-04-07,Yoga Mat,Fitness,South,Online,1,20.17,0.1,20.17
107479,2024-04-07,Yoga Mat,Fitness,West,Online,3,20.75,0.0,62.25
107478,2024-04-07,Notebook Set,Stationery,Central,Online,1,9.02,0.0,9.02
107477,2024-04-07,Yoga Mat,Fitness,East,Online,3,21.89,0.0,65.67
107476,2024-04-07,Office Chair,Furniture,West,Online,1,146.24,0.0,146.24
107475,2024-04-07,Notebook Set,Stationery,West,Online,1,7.67,0.1,7.67
107474,2024-04-07,Standing Desk,Furniture,Central,Online,1,304.19,0.0,304.19
107473,2024-04-07,Notebook Set,Stationery,East,Online,1,8.8,0.0,8.8
107472,2024-04-07,Mechanical Keyboard,Electronics,Central,Online,1,66.15,0.0,66.15
107480,2024-04-07,Running Shoes,Fitness,West,Online,1,66.97,0.1,66.97
107503,2024-04-08,USB-C Hub,Electronics,West,Online,2,28.58,0.0,57.16
107502,2024-04-08,Notebook Set,Stationery,North,In-Store,1,8.76,0.0,8.76
107501,2024-04-08,Bookshelf,Furniture,West,In-Store,4,110.92,0.1,443.68
107500,2024-04-08,Desk Lamp,Furniture,North,Online,1,24.54,0.0,24.54
107499,2024-04-08,Bookshelf,Furniture,North,In-Store,2,126.46,0.0,252.92
107498,2024-04-08,Yoga Mat,Fitness,East,Online,1,21.86,0.0,21.86
107495,2024-04-08,Noise-Cancel Headphones,Electronics,Central,In-Store,1,123.99,0.0,123.99
107496,2024-04-08,Fountain Pen,Stationery,East,Online,2,17.79,0.1,35.58
107494,2024-04-08,Resistance Bands,Fitness,East,In-Store,1,14.57,0.0,14.57
107493,2024-04-08,Dumbbell Set,Fitness,South,In-Store,1,77.86,0.1,77.86
107492,2024-04-08,Notebook Set,Stationery,North,Online,2,8.85,0.0,17.7
107491,2024-04-08,Dumbbell Set,Fitness,Central,Online,2,89.25,0.0,178.5
107490,2024-04-08,Bluetooth Speaker,Electronics,East,Online,1,44.0,0.0,44.0
107489,2024-04-08,Water Bottle,Fitness,West,Online,1,13.17,0.0,13.17
107497,2024-04-08,Water Bottle,Fitness,West,Online,1,11.19,0.15,11.19
107511,2024-04-09,Bookshelf,Furniture,West,Online,1,108.15,0.1,108.15
107512,2024-04-09,Yoga Mat,Fitness,South,In-Store,1,22.67,0.0,22.67
107509,2024-04-09,Notebook Set,Stationery,East,Online,1,8.89,0.0,8.89
107510,2024-04-09,Fountain Pen,Stationery,South,In-Store,1,20.52,0.0,20.52
107505,2024-04-09,Desk Lamp,Furniture,South,Online,2,25.6,0.0,51.2
107504,2024-04-09,Planner,Stationery,East,In-Store,2,12.57,0.2,25.14
107508,2024-04-09,Resistance Bands,Fitness,West,Online,1,14.55,0.0,14.55
107506,2024-04-09,Mechanical Keyboard,Electronics,Central,Online,3,66.15,0.0,198.45
107507,2024-04-09,Fountain Pen,Stationery,Central,In-Store,2,20.39,0.0,40.78
107513,2024-04-10,Notebook Set,Stationery,South,Online,1,9.25,0.0,9.25
107527,2024-04-10,Bookshelf,Furniture,South,In-Store,2,93.62,0.2,187.24
107526,2024-04-10,Office Chair,Furniture,North,In-Store,1,149.3,0.0,149.3
107525,2024-04-10,Office Chair,Furniture,South,In-Store,2,146.0,0.0,292.0
107523,2024-04-10,Wireless Mouse,Electronics,West,In-Store,1,16.83,0.1,16.83
107522,2024-04-10,Running Shoes,Fitness,East,Online,1,64.84,0.15,64.84
107524,2024-04-10,USB-C Hub,Electronics,West,Online,2,30.93,0.0,61.86
107520,2024-04-10,Yoga Mat,Fitness,North,Online,1,20.02,0.1,20.02
107519,2024-04-10,Fountain Pen,Stationery,North,Online,2,20.14,0.0,40.28
107518,2024-04-10,Bluetooth Speaker,Electronics,East,Online,1,46.9,0.0,46.9
107517,2024-04-10,Fountain Pen,Stationery,East,Online,1,20.48,0.0,20.48
107516,2024-04-10,Bluetooth Speaker,Electronics,East,Online,2,44.17,0.0,88.34
107515,2024-04-10,Office Chair,Furniture,North,In-Store,3,149.98,0.0,449.94
107514,2024-04-10,Office Chair,Furniture,West,Online,1,153.11,0.0,153.11
107521,2024-04-10,USB-C Hub,Electronics,West,Online,1,29.87,0.0,29.87
107539,2024-04-11,Fountain Pen,Stationery,South,Online,1,19.76,0.0,19.76
107544,2024-04-11,Running Shoes,Fitness,West,In-Store,2,75.36,0.0,150.72
107543,2024-04-11,Noise-Cancel Headphones,Electronics,South,In-Store,2,129.81,0.0,259.62
107542,2024-04-11,Water Bottle,Fitness,North,In-Store,1,13.44,0.0,13.44
107541,2024-04-11,Resistance Bands,Fitness,North,Online,1,14.13,0.0,14.13
107540,2024-04-11,Notebook Set,Stationery,North,In-Store,1,9.14,0.0,9.14
107538,2024-04-11,Office Chair,Furniture,East,Online,1,156.24,0.0,156.24
107532,2024-04-11,Yoga Mat,Fitness,South,Online,1,21.82,0.0,21.82
107536,2024-04-11,Mechanical Keyboard,Electronics,Central,Online,2,66.02,0.0,132.04
107535,2024-04-11,Standing Desk,Furniture,South,Online,2,289.01,0.0,578.02
107534,2024-04-11,Yoga Mat,Fitness,West,Online,1,23.22,0.0,23.22
107533,2024-04-11,Planner,Stationery,West,In-Store,1,15.77,0.0,15.77
107530,2024-04-11,Bookshelf,Furniture,East,Online,4,123.43,0.0,493.72
107529,2024-04-11,Planner,Stationery,West,Online,1,16.11,0.0,16.11
107528,2024-04-11,Running Shoes,Fitness,Central,In-Store,1,76.8,0.0,76.8
107537,2024-04-11,Bookshelf,Furniture,East,Online,1,96.34,0.2,96.34
107531,2024-04-11,Bookshelf,Furniture,Central,Online,1,124.85,0.0,124.85
107559,2024-04-12,Office Chair,Furniture,North,Online,1,160.31,0.0,160.31
107558,2024-04-12,Standing Desk,Furniture,West,In-Store,1,292.6,0.0,292.6
107557,2024-04-12,Fountain Pen,Stationery,South,Online,2,19.67,0.0,39.34
107556,2024-04-12,Planner,Stationery,South,Online,2,15.64,0.0,31.28
107555,2024-04-12,USB-C Hub,Electronics,North,In-Store,1,30.31,0.0,30.31
107554,2024-04-12,Dumbbell Set,Fitness,South,In-Store,1,94.64,0.0,94.64
107553,2024-04-12,Standing Desk,Furniture,South,Online,1,300.93,0.0,300.93
107550,2024-04-12,Fountain Pen,Stationery,North,In-Store,1,14.96,0.2,14.96
107552,2024-04-12,Mechanical Keyboard,Electronics,South,Online,1,66.01,0.0,66.01
107545,2024-04-12,Planner,Stationery,East,Online,1,14.36,0.1,14.36
107546,2024-04-12,Standing Desk,Furniture,East,In-Store,1,292.28,0.0,292.28
107551,2024-04-12,Mechanical Keyboard,Electronics,South,Online,1,66.07,0.0,66.07
107548,2024-04-12,Mechanical Keyboard,Electronics,North,Online,1,63.24,0.0,63.24
107547,2024-04-12,Standing Desk,Furniture,North,Online,1,299.13,0.0,299.13
107549,2024-04-12,Bookshelf,Furniture,West,Online,1,117.86,0.0,117.86
107580,2024-04-13,Bookshelf,Furniture,North,In-Store,2,116.05,0.0,232.1
107579,2024-04-13,Wireless Mouse,Electronics,North,Online,1,19.06,0.0,19.06
107578,2024-04-13,Bluetooth Speaker,Electronics,East,Online,1,48.08,0.0,48.08
107577,2024-04-13,Yoga Mat,Fitness,East,Online,2,23.54,0.0,47.08
107576,2024-04-13,Desk Lamp,Furniture,East,Online,1,21.47,0.15,21.47
107574,2024-04-13,Resistance Bands,Fitness,South,Online,2,12.05,0.15,24.1
107572,2024-04-13,Noise-Cancel Headphones,Electronics,West,In-Store,3,130.61,0.0,391.83
107571,2024-04-13,Yoga Mat,Fitness,East,Online,1,22.18,0.0,22.18
107575,2024-04-13,Bookshelf,Furniture,East,Online,1,119.03,0.0,119.03
107569,2024-04-13,Bluetooth Speaker,Electronics,North,Online,4,43.63,0.0,174.52
107570,2024-04-13,Resistance Bands,Fitness,South,In-Store,1,15.02,0.0,15.02
107560,2024-04-13,Office Chair,Furniture,North,Online,2,148.25,0.0,296.5
107561,2024-04-13,Noise-Cancel Headphones,Electronics,East,Online,1,128.57,0.0,128.57
107562,2024-04-13,Notebook Set,Stationery,East,Online,1,9.25,0.0,9.25
107563,2024-04-13,Desk Lamp,Furniture,Central,Online,3,24.78,0.0,74.34
107573,2024-04-13,Water Bottle,Fitness,West,In-Store,1,12.73,0.0,12.73
107565,2024-04-13,Planner,Stationery,Central,In-Store,1,14.75,0.0,14.75
107566,2024-04-13,Desk Lamp,Furniture,West,In-Store,1,22.89,0.1,22.89
107567,2024-04-13,Mechanical Keyboard,Electronics,Central,In-Store,1,58.73,0.1,58.73
107568,2024-04-13,Yoga Mat,Fitness,South,In-Store,1,21.02,0.0,21.02
107564,2024-04-13,Yoga Mat,Fitness,North,In-Store,2,22.15,0.0,44.3
107582,2024-04-14,Desk Lamp,Furniture,East,Online,2,24.81,0.0,49.62
107583,2024-04-14,Running Shoes,Fitness,West,Online,1,70.96,0.0,70.96
107584,2024-04-14,Desk Lamp,Furniture,West,Online,1,22.61,0.0,22.61
107585,2024-04-14,Dumbbell Set,Fitness,Central,Online,1,89.6,0.0,89.6
107586,2024-04-14,Bookshelf,Furniture,East,In-Store,1,121.67,0.0,121.67
107587,2024-04-14,Wireless Mouse,Electronics,North,In-Store,1,19.2,0.0,19.2
107588,2024-04-14,Resistance Bands,Fitness,North,Online,3,13.1,0.1,39.3
107589,2024-04-14,Noise-Cancel Headphones,Electronics,East,In-Store,1,131.06,0.0,131.06
107590,2024-04-14,Mechanical Keyboard,Electronics,South,In-Store,1,57.07,0.15,57.07
107581,2024-04-14,Resistance Bands,Fitness,South,Online,1,14.81,0.0,14.81
107600,2024-04-15,USB-C Hub,Electronics,West,In-Store,1,29.85,0.0,29.85
107599,2024-04-15,Noise-Cancel Headphones,Electronics,North,Online,1,109.82,0.2,109.82
107601,2024-04-15,Water Bottle,Fitness,East,Online,2,13.11,0.0,26.22
107597,2024-04-15,Noise-Cancel Headphones,Electronics,North,In-Store,2,127.3,0.0,254.6
107598,2024-04-15,Planner,Stationery,East,Online,1,16.17,0.0,16.17
107591,2024-04-15,Bookshelf,Furniture,North,Online,1,121.25,0.0,121.25
107595,2024-04-15,Wireless Mouse,Electronics,North,Online,1,20.24,0.0,20.24
107594,2024-04-15,Office Chair,Furniture,East,Online,3,149.7,0.0,449.1
107593,2024-04-15,Bookshelf,Furniture,North,Online,1,115.84,0.0,115.84
107592,2024-04-15,Water Bottle,Fitness,Central,In-Store,1,13.0,0.0,13.0
107596,2024-04-15,Planner,Stationery,West,Online,4,12.67,0.2,50.68
107615,2024-04-16,Noise-Cancel Headphones,Electronics,West,In-Store,1,120.28,0.1,120.28
107614,2024-04-16,Standing Desk,Furniture,North,In-Store,1,292.9,0.0,292.9
107613,2024-04-16,Resistance Bands,Fitness,South,Online,2,13.77,0.1,27.54
107612,2024-04-16,USB-C Hub,Electronics,West,Online,1,28.57,0.0,28.57
107611,2024-04-16,Standing Desk,Furniture,East,Online,1,257.98,0.1,257.98
107610,2024-04-16,Notebook Set,Stationery,South,Online,1,8.81,0.0,8.81
107616,2024-04-16,Resistance Bands,Fitness,East,Online,1,14.42,0.0,14.42
107608,2024-04-16,Dumbbell Set,Fitness,South,Online,1,86.37,0.0,86.37
107607,2024-04-16,Bookshelf,Furniture,West,Online,1,123.57,0.0,123.57
107606,2024-04-16,Office Chair,Furniture,West,In-Store,1,154.04,0.0,154.04
107605,2024-04-16,Fountain Pen,Stationery,North,Online,1,19.72,0.0,19.72
107604,2024-04-16,Standing Desk,Furniture,East,In-Store,1,275.75,0.1,275.75
107602,2024-04-16,Planner,Stationery,East,Online,2,15.57,0.0,31.14
107603,2024-04-16,USB-C Hub,Electronics,North,Online,1,28.39,0.0,28.39
107609,2024-04-16,Yoga Mat,Fitness,East,In-Store,1,21.8,0.0,21.8
107626,2024-04-17,Mechanical Keyboard,Electronics,South,Online,1,63.05,0.0,63.05
107625,2024-04-17,Bookshelf,Furniture,South,Online,2,125.44,0.0,250.88
107624,2024-04-17,Mechanical Keyboard,Electronics,West,Online,1,63.5,0.0,63.5
107623,2024-04-17,Water Bottle,Fitness,East,Online,1,13.03,0.0,13.03
107622,2024-04-17,Dumbbell Set,Fitness,South,In-Store,1,92.09,0.0,92.09
107620,2024-04-17,Mechanical Keyboard,Electronics,South,Online,1,65.37,0.0,65.37
107619,2024-04-17,Noise-Cancel Headphones,Electronics,South,Online,1,120.51,0.0,120.51
107618,2024-04-17,Noise-Cancel Headphones,Electronics,North,Online,2,127.81,0.0,255.62
107617,2024-04-17,Desk Lamp,Furniture,Central,Online,2,24.22,0.0,48.44
107621,2024-04-17,Mechanical Keyboard,Electronics,West,Online,1,63.28,0.0,63.28
107641,2024-04-18,Bookshelf,Furniture,Central,In-Store,1,120.28,0.0,120.28
107636,2024-04-18,Mechanical Keyboard,Electronics,East,Online,2,65.32,0.0,130.64
107639,2024-04-18,Mechanical Keyboard,Electronics,North,Online,1,61.36,0.0,61.36
107638,2024-04-18,Desk Lamp,Furniture,East,In-Store,1,22.95,0.1,22.95
107637,2024-04-18,Wireless Mouse,Electronics,North,Online,2,18.76,0.0,37.52
107635,2024-04-18,Mechanical Keyboard,Electronics,South,In-Store,2,56.64,0.15,113.28
107642,2024-04-18,Office Chair,Furniture,West,Online,1,146.25,0.0,146.25
107633,2024-04-18,Mechanical Keyboard,Electronics,West,In-Store,1,66.3,0.0,66.3
107634,2024-04-18,Bookshelf,Furniture,East,In-Store,2,118.04,0.0,236.08
107627,2024-04-18,Bookshelf,Furniture,East,Online,1,98.99,0.2,98.99
107628,2024-04-18,Notebook Set,Stationery,South,Online,1,9.31,0.0,9.31
107640,2024-04-18,Yoga Mat,Fitness,South,Online,1,22.87,0.0,22.87
107630,2024-04-18,Running Shoes,Fitness,South,Online,1,73.23,0.0,73.23
107631,2024-04-18,Desk Lamp,Furniture,West,In-Store,1,25.08,0.0,25.08
107629,2024-04-18,Wireless Mouse,Electronics,West,Online,1,18.81,0.0,18.81
107632,2024-04-18,Noise-Cancel Headphones,Electronics,South,Online,1,125.72,0.0,125.72
107661,2024-04-19,USB-C Hub,Electronics,East,In-Store,1,29.6,0.0,29.6
107660,2024-04-19,USB-C Hub,Electronics,Central,Online,1,27.19,0.1,27.19
107658,2024-04-19,Running Shoes,Fitness,East,In-Store,1,64.6,0.15,64.6
107657,2024-04-19,Office Chair,Furniture,North,Online,1,147.04,0.0,147.04
107656,2024-04-19,Standing Desk,Furniture,South,Online,1,303.34,0.0,303.34
107655,2024-04-19,Mechanical Keyboard,Electronics,West,Online,1,69.89,0.0,69.89
107654,2024-04-19,Bluetooth Speaker,Electronics,Central,Online,1,42.76,0.0,42.76
107653,2024-04-19,Standing Desk,Furniture,Central,Online,2,293.96,0.0,587.92
107659,2024-04-19,Fountain Pen,Stationery,Central,Online,1,18.37,0.1,18.37
107651,2024-04-19,Mechanical Keyboard,Electronics,East,Online,1,64.07,0.0,64.07
107650,2024-04-19,Mechanical Keyboard,Electronics,South,Online,2,64.75,0.0,129.5
107649,2024-04-19,Running Shoes,Fitness,South,In-Store,2,76.26,0.0,152.52
107648,2024-04-19,Standing Desk,Furniture,South,Online,3,301.39,0.0,904.17
107647,2024-04-19,Desk Lamp,Furniture,South,Online,2,24.69,0.0,49.38
107646,2024-04-19,Resistance Bands,Fitness,Central,In-Store,1,14.75,0.0,14.75
107645,2024-04-19,Noise-Cancel Headphones,Electronics,South,In-Store,1,115.55,0.1,115.55
107644,2024-04-19,Water Bottle,Fitness,West,In-Store,1,12.96,0.0,12.96
107643,2024-04-19,Resistance Bands,Fitness,South,Online,2,14.61,0.0,29.22
107652,2024-04-19,Bluetooth Speaker,Electronics,West,Online,1,47.12,0.0,47.12
107675,2024-04-20,Dumbbell Set,Fitness,South,In-Store,1,93.79,0.0,93.79
107676,2024-04-20,Fountain Pen,Stationery,East,In-Store,1,20.2,0.0,20.2
107677,2024-04-20,Fountain Pen,Stationery,East,Online,1,21.48,0.0,21.48
107681,2024-04-20,Yoga Mat,Fitness,Central,In-Store,1,21.63,0.0,21.63
107679,2024-04-20,Bluetooth Speaker,Electronics,West,Online,2,41.64,0.1,83.28
107680,2024-04-20,USB-C Hub,Electronics,South,In-Store,3,27.24,0.1,81.72
107674,2024-04-20,Dumbbell Set,Fitness,West,Online,2,,0.2,148.16
107678,2024-04-20,Bluetooth Speaker,Electronics,South,In-Store,1,44.03,0.0,44.03
107673,2024-04-20,Noise-Cancel Headphones,Electronics,North,Online,1,120.14,0.1,120.14
107668,2024-04-20,Mechanical Keyboard,Electronics,Central,In-Store,1,63.37,0.0,63.37
107671,2024-04-20,Desk Lamp,Furniture,Central,Online,1,25.05,0.0,25.05
107670,2024-04-20,USB-C Hub,Electronics,East,In-Store,1,25.19,0.2,25.19
107669,2024-04-20,Yoga Mat,Fitness,North,In-Store,1,18.14,0.15,18.14
107667,2024-04-20,Dumbbell Set,Fitness,North,In-Store,1,92.26,0.0,92.26
107666,2024-04-20,Fountain Pen,Stationery,South,In-Store,2,19.88,0.0,39.76
107665,2024-04-20,Water Bottle,Fitness,South,In-Store,1,12.91,0.0,12.91
107664,2024-04-20,USB-C Hub,Electronics,South,In-Store,1,28.85,0.0,28.85
107663,2024-04-20,Dumbbell Set,Fitness,East,Online,1,94.79,0.0,94.79
107672,2024-04-20,Yoga Mat,Fitness,South,In-Store,1,20.0,0.0,20.0
107662,2024-04-20,Notebook Set,Stationery,North,In-Store,1,8.8,0.0,8.8
107697,2024-04-21,Noise-Cancel Headphones,Electronics,East,In-Store,1,133.57,0.0,133.57
107696,2024-04-21,Dumbbell Set,Fitness,Central,In-Store,2,88.2,0.0,176.4
107698,2024-04-21,Bluetooth Speaker,Electronics,South,Online,1,46.96,0.0,46.96
107694,2024-04-21,Water Bottle,Fitness,West,Online,1,12.9,0.0,12.9
107700,2024-04-21,Resistance Bands,Fitness,South,Online,1,14.67,0.0,14.67
107701,2024-04-21,Bluetooth Speaker,Electronics,East,In-Store,1,44.56,0.0,44.56
107699,2024-04-21,Notebook Set,Stationery,North,Online,3,7.84,0.1,23.52
107693,2024-04-21,Mechanical Keyboard,Electronics,North,Online,2,56.13,0.15,112.26
107695,2024-04-21,Running Shoes,Fitness,West,In-Store,1,64.07,0.15,64.07
107691,2024-04-21,Wireless Mouse,Electronics,West,Online,1,19.3,0.0,19.3
107690,2024-04-21,Planner,Stationery,West,Online,1,17.27,0.0,17.27
107682,2024-04-21,Fountain Pen,Stationery,East,Online,1,19.88,0.0,19.88
107689,2024-04-21,Desk Lamp,Furniture,South,Online,1,23.82,0.0,23.82
107688,2024-04-21,Mechanical Keyboard,Electronics,Central,In-Store,1,66.52,0.0,66.52
107687,2024-04-21,Dumbbell Set,Fitness,North,Online,1,79.71,0.1,79.71
107686,2024-04-21,Desk Lamp,Furniture,East,In-Store,1,24.33,0.0,24.33
107685,2024-04-21,Office Chair,Furniture,West,In-Store,1,147.07,0.0,147.07
107684,2024-04-21,Standing Desk,Furniture,Central,In-Store,1,299.84,0.0,299.84
107683,2024-04-21,Bluetooth Speaker,Electronics,North,Online,2,46.27,0.0,92.54
107692,2024-04-21,Planner,Stationery,West,Online,4,15.61,0.0,62.44
107708,2024-04-22,Office Chair,Furniture,North,Online,1,145.66,0.0,145.66
107707,2024-04-22,USB-C Hub,Electronics,West,Online,1,30.5,0.0,30.5
107704,2024-04-22,Yoga Mat,Fitness,South,Online,1,21.85,0.0,21.85
107705,2024-04-22,Bluetooth Speaker,Electronics,East,In-Store,1,43.58,0.0,43.58
107703,2024-04-22,Running Shoes,Fitness,North,Online,1,76.58,0.0,76.58
107702,2024-04-22,Fountain Pen,Stationery,South,In-Store,3,17.92,0.1,53.76
107706,2024-04-22,Bluetooth Speaker,Electronics,West,In-Store,2,45.42,0.0,90.84
107718,2024-04-23,Bluetooth Speaker,Electronics,Central,Online,2,43.85,0.0,87.7
107721,2024-04-23,Resistance Bands,Fitness,South,In-Store,1,15.09,0.0,15.09
107720,2024-04-23,Running Shoes,Fitness,East,Online,1,75.66,0.0,75.66
107719,2024-04-23,Office Chair,Furniture,North,In-Store,1,139.32,0.0,139.32
107717,2024-04-23,Wireless Mouse,Electronics,West,In-Store,1,19.66,0.0,19.66
107715,2024-04-23,Noise-Cancel Headphones,Electronics,North,Online,4,134.5,0.0,538.0
107714,2024-04-23,Desk Lamp,Furniture,South,Online,1,24.59,0.0,24.59
107713,2024-04-23,Bluetooth Speaker,Electronics,South,Online,2,44.68,0.0,89.36
107712,2024-04-23,Resistance Bands,Fitness,Central,Online,2,13.68,0.0,27.36
107711,2024-04-23,Water Bottle,Fitness,West,Online,1,12.32,0.0,12.32
107710,2024-04-23,Office Chair,Furniture,East,Online,1,151.03,0.0,151.03
107709,2024-04-23,Mechanical Keyboard,Electronics,East,Online,1,66.74,0.0,66.74
107716,2024-04-23,Water Bottle,Fitness,West,In-Store,1,13.25,0.0,13.25
107727,2024-04-24,USB-C Hub,Electronics,South,Online,3,29.4,0.0,88.2
107731,2024-04-24,Bookshelf,Furniture,Central,Online,2,117.28,0.0,234.56
107730,2024-04-24,Bookshelf,Furniture,Central,Online,2,108.96,0.1,217.92
107729,2024-04-24,Wireless Mouse,Electronics,North,Online,1,17.84,0.0,17.84
107725,2024-04-24,Bluetooth Speaker,Electronics,South,Online,1,47.64,0.0,47.64
107726,2024-04-24,Dumbbell Set,Fitness,North,Online,1,87.04,0.0,87.04
107724,2024-04-24,Standing Desk,Furniture,South,In-Store,1,294.95,0.0,294.95
107723,2024-04-24,Office Chair,Furniture,East,Online,2,161.44,0.0,322.88
107722,2024-04-24,Running Shoes,Fitness,East,In-Store,2,76.18,0.0,152.36
107728,2024-04-24,Mechanical Keyboard,Electronics,Central,Online,2,64.89,0.0,129.78
107742,2024-04-25,Dumbbell Set,Fitness,West,Online,1,92.94,0.0,92.94
107741,2024-04-25,Notebook Set,Stationery,North,In-Store,1,8.98,0.0,8.98
107744,2024-04-25,USB-C Hub,Electronics,South,Online,1,29.43,0.0,29.43
107743,2024-04-25,Planner,Stationery,West,In-Store,1,15.49,0.0,15.49
107740,2024-04-25,Resistance Bands,Fitness,West,Online,1,14.55,0.0,14.55
107737,2024-04-25,Dumbbell Set,Fitness,South,In-Store,3,72.98,0.2,218.94
107738,2024-04-25,Planner,Stationery,East,In-Store,4,16.47,0.0,65.88
107732,2024-04-25,Dumbbell Set,Fitness,West,In-Store,2,88.78,0.0,177.56
107736,2024-04-25,Office Chair,Furniture,North,Online,1,145.76,0.0,145.76
107735,2024-04-25,Running Shoes,Fitness,North,In-Store,1,78.23,0.0,78.23
107734,2024-04-25,Notebook Set,Stationery,East,In-Store,2,9.17,0.0,18.34
107739,2024-04-25,Office Chair,Furniture,East,Online,1,146.18,0.0,146.18
107733,2024-04-25,Fountain Pen,Stationery,West,Online,1,20.68,0.0,20.68
107753,2024-04-26,Desk Lamp,Furniture,South,In-Store,1,26.08,0.0,26.08
107751,2024-04-26,Noise-Cancel Headphones,Electronics,North,Online,1,129.77,0.0,129.77
107750,2024-04-26,Dumbbell Set,Fitness,South,Online,4,91.83,0.0,367.32
107752,2024-04-26,Standing Desk,Furniture,East,In-Store,1,289.25,0.0,289.25
107748,2024-04-26,Mechanical Keyboard,Electronics,East,Online,1,60.86,0.1,60.86
107747,2024-04-26,Bluetooth Speaker,Electronics,South,Online,1,47.11,0.0,47.11
107746,2024-04-26,Running Shoes,Fitness,East,In-Store,1,79.05,0.0,79.05
107745,2024-04-26,Wireless Mouse,Electronics,West,Online,1,18.98,0.0,18.98
107749,2024-04-26,Noise-Cancel Headphones,Electronics,West,In-Store,1,118.81,0.1,118.81
107767,2024-04-27,Standing Desk,Furniture,South,Online,4,303.06,0.0,1212.24
107775,2024-04-27,Yoga Mat,Fitness,West,Online,2,21.52,0.0,43.04
107774,2024-04-27,Office Chair,Furniture,South,Online,1,149.82,0.0,149.82
107773,2024-04-27,Running Shoes,Fitness,East,In-Store,1,78.93,0.0,78.93
107772,2024-04-27,Dumbbell Set,Fitness,North,In-Store,1,80.24,0.1,80.24
107771,2024-04-27,Bluetooth Speaker,Electronics,South,In-Store,1,43.37,0.0,43.37
107770,2024-04-27,Fountain Pen,Stationery,East,In-Store,1,17.53,0.15,17.53
107769,2024-04-27,Mechanical Keyboard,Electronics,East,Online,1,64.59,0.0,64.59
107768,2024-04-27,Notebook Set,Stationery,Central,Online,1,7.94,0.1,7.94
107766,2024-04-27,Planner,Stationery,Central,Online,1,16.77,0.0,16.77
107760,2024-04-27,Running Shoes,Fitness,North,Online,4,76.07,0.0,304.28
107764,2024-04-27,Noise-Cancel Headphones,Electronics,East,In-Store,1,124.69,0.0,124.69
107763,2024-04-27,Mechanical Keyboard,Electronics,South,In-Store,1,69.56,0.0,69.56
107762,2024-04-27,Noise-Cancel Headphones,Electronics,South,In-Store,1,108.67,0.15,108.67
107761,2024-04-27,Water Bottle,Fitness,South,Online,1,12.31,0.0,12.31
107759,2024-04-27,Standing Desk,Furniture,East,In-Store,1,293.71,0.0,293.71
107758,2024-04-27,Noise-Cancel Headphones,Electronics,South,In-Store,1,132.91,0.0,132.91
107757,2024-04-27,Desk Lamp,Furniture,Central,In-Store,1,20.17,0.2,20.17
107756,2024-04-27,Mechanical Keyboard,Electronics,North,Online,2,63.37,0.0,126.74
107755,2024-04-27,Resistance Bands,Fitness,Central,Online,1,13.83,0.0,13.83
107754,2024-04-27,Bookshelf,Furniture,East,Online,3,120.56,0.0,361.68
107765,2024-04-27,Notebook Set,Stationery,West,Online,1,9.01,0.0,9.01
107784,2024-04-28,USB-C Hub,Electronics,North,In-Store,2,31.53,0.0,63.06
107787,2024-04-28,Notebook Set,Stationery,East,Online,1,8.91,0.0,8.91
107785,2024-04-28,Noise-Cancel Headphones,Electronics,East,Online,1,129.76,0.0,129.76
107783,2024-04-28,Resistance Bands,Fitness,Central,Online,2,12.51,0.15,25.02
107786,2024-04-28,Office Chair,Furniture,East,Online,3,150.83,0.0,452.49
107781,2024-04-28,USB-C Hub,Electronics,Central,In-Store,1,29.68,0.0,29.68
107777,2024-04-28,Resistance Bands,Fitness,West,Online,1,14.17,0.0,14.17
107778,2024-04-28,Dumbbell Set,Fitness,South,Online,2,86.77,0.0,173.54
107782,2024-04-28,Running Shoes,Fitness,East,Online,1,79.26,0.0,79.26
107779,2024-04-28,Bookshelf,Furniture,West,In-Store,1,124.61,0.0,124.61
107780,2024-04-28,Water Bottle,Fitness,East,In-Store,1,12.76,0.0,12.76
107776,2024-04-28,Office Chair,Furniture,South,Online,1,153.66,0.0,153.66
107788,2024-04-29,Bluetooth Speaker,Electronics,East,Online,1,45.63,0.0,45.63
107789,2024-04-29,Bookshelf,Furniture,West,Online,1,127.01,0.0,127.01
107790,2024-04-29,Wireless Mouse,Electronics,East,In-Store,3,19.02,0.0,57.06
107791,2024-04-29,Water Bottle,Fitness,South,Online,3,12.42,0.0,37.26
107792,2024-04-29,Noise-Cancel Headphones,Electronics,North,Online,1,136.62,0.0,136.62
107793,2024-04-29,Office Chair,Furniture,West,Online,1,158.99,0.0,158.99
107794,2024-04-29,Mechanical Keyboard,Electronics,East,Online,1,65.62,0.0,65.62
107810,2024-04-30,Dumbbell Set,Fitness,West,Online,1,91.89,0.0,91.89
107809,2024-04-30,Dumbbell Set,Fitness,West,In-Store,3,87.38,0.0,262.14
107807,2024-04-30,Desk Lamp,Furniture,North,In-Store,1,24.93,0.0,24.93
107805,2024-04-30,Yoga Mat,Fitness,Central,Online,1,22.08,0.0,22.08
107804,2024-04-30,Running Shoes,Fitness,North,Online,1,72.81,0.0,72.81
107803,2024-04-30,Planner,Stationery,West,In-Store,2,12.74,0.2,25.48
107808,2024-04-30,Notebook Set,Stationery,Central,Online,1,9.57,0.0,9.57
107801,2024-04-30,Bookshelf,Furniture,South,Online,2,123.91,0.0,247.82
107795,2024-04-30,Dumbbell Set,Fitness,South,Online,1,86.86,0.0,86.86
107802,2024-04-30,Standing Desk,Furniture,North,In-Store,1,317.56,0.0,317.56
107796,2024-04-30,Dumbbell Set,Fitness,East,In-Store,1,89.06,0.0,89.06
107797,2024-04-30,Planner,Stationery,North,Online,2,15.99,0.0,31.98
107806,2024-04-30,Resistance Bands,Fitness,South,Online,4,13.65,0.0,54.6
107799,2024-04-30,Dumbbell Set,Fitness,North,In-Store,2,89.5,0.0,179.0
107800,2024-04-30,Water Bottle,Fitness,West,Online,1,11.59,0.15,11.59
107798,2024-04-30,Planner,Stationery,South,Online,2,15.71,0.0,31.42
107821,2024-05-01,Notebook Set,Stationery,West,Online,1,9.19,0.0,9.19
107820,2024-05-01,Planner,Stationery,Central,In-Store,1,13.56,0.15,13.56
107818,2024-05-01,Bookshelf,Furniture,West,Online,1,127.4,0.0,127.4
107817,2024-05-01,Standing Desk,Furniture,South,Online,1,300.12,0.0,300.12
107819,2024-05-01,Standing Desk,Furniture,North,Online,2,310.37,0.0,620.74
107815,2024-05-01,Yoga Mat,Fitness,East,In-Store,1,21.77,0.0,21.77
107814,2024-05-01,Noise-Cancel Headphones,Electronics,Central,Online,1,123.56,0.0,123.56
107813,2024-05-01,Bookshelf,Furniture,North,In-Store,1,124.52,0.0,124.52
107812,2024-05-01,Yoga Mat,Fitness,North,Online,2,22.6,0.0,45.2
107811,2024-05-01,Mechanical Keyboard,Electronics,West,Online,1,62.97,0.0,62.97
107816,2024-05-01,Notebook Set,Stationery,Central,Online,2,8.7,0.0,17.4
107837,2024-05-02,Resistance Bands,Fitness,East,Online,2,13.46,0.1,26.92
107836,2024-05-02,Running Shoes,Fitness,North,In-Store,1,77.33,0.0,77.33
107835,2024-05-02,Water Bottle,Fitness,East,Online,2,12.63,0.0,25.26
107834,2024-05-02,Wireless Mouse,Electronics,West,Online,1,18.36,0.0,18.36
107833,2024-05-02,Wireless Mouse,Electronics,West,Online,2,19.43,0.0,38.86
107832,2024-05-02,USB-C Hub,Electronics,West,In-Store,1,27.83,0.0,27.83
107831,2024-05-02,Fountain Pen,Stationery,Central,In-Store,1,20.34,0.0,20.34
107829,2024-05-02,Dumbbell Set,Fitness,East,Online,2,91.23,0.0,182.46
107828,2024-05-02,Notebook Set,Stationery,West,In-Store,2,9.05,0.0,18.1
107827,2024-05-02,Mechanical Keyboard,Electronics,North,In-Store,1,63.32,0.0,63.32
107826,2024-05-02,Standing Desk,Furniture,East,In-Store,2,308.01,0.0,616.02
107825,2024-05-02,Water Bottle,Fitness,South,Online,3,10.88,0.15,32.64
107824,2024-05-02,Standing Desk,Furniture,East,In-Store,1,297.55,0.0,297.55
107823,2024-05-02,Fountain Pen,Stationery,West,Online,1,20.5,0.0,20.5
107830,2024-05-02,Standing Desk,Furniture,West,Online,3,308.73,0.0,926.19
107822,2024-05-02,Yoga Mat,Fitness,West,Online,1,21.82,0.0,21.82
107851,2024-05-03,Dumbbell Set,Fitness,Central,Online,1,87.7,0.0,87.7
107850,2024-05-03,Bookshelf,Furniture,Central,In-Store,2,111.53,0.0,223.06
107849,2024-05-03,Notebook Set,Stationery,South,Online,1,9.3,0.0,9.3
107848,2024-05-03,Running Shoes,Fitness,North,Online,1,76.18,0.0,76.18
107847,2024-05-03,USB-C Hub,Electronics,Central,In-Store,1,25.13,0.15,25.13
107846,2024-05-03,Bookshelf,Furniture,South,In-Store,2,126.91,0.0,253.82
107844,2024-05-03,Water Bottle,Fitness,West,In-Store,3,12.37,0.0,37.11
107843,2024-05-03,USB-C Hub,Electronics,West,In-Store,1,29.35,0.0,29.35
107842,2024-05-03,Standing Desk,Furniture,Central,Online,1,313.93,0.0,313.93
107841,2024-05-03,Office Chair,Furniture,South,In-Store,1,152.02,0.0,152.02
107840,2024-05-03,Fountain Pen,Stationery,Central,Online,1,19.87,0.0,19.87
107839,2024-05-03,Notebook Set,Stationery,Central,Online,1,9.1,0.0,9.1
107838,2024-05-03,Planner,Stationery,South,Online,1,15.94,0.0,15.94
107845,2024-05-03,Standing Desk,Furniture,North,Online,1,295.5,0.0,295.5
107860,2024-05-04,Water Bottle,Fitness,West,In-Store,2,13.38,0.0,26.76
107862,2024-05-04,Resistance Bands,Fitness,North,In-Store,2,14.88,0.0,29.76
107861,2024-05-04,Resistance Bands,Fitness,South,Online,1,14.65,0.0,14.65
107859,2024-05-04,Resistance Bands,Fitness,South,Online,2,12.14,0.15,24.28
107855,2024-05-04,Fountain Pen,Stationery,North,Online,1,19.94,0.0,19.94
107857,2024-05-04,Mechanical Keyboard,Electronics,South,Online,1,63.67,0.0,63.67
107856,2024-05-04,Wireless Mouse,Electronics,South,Online,1,19.19,0.0,19.19
107854,2024-05-04,USB-C Hub,Electronics,East,In-Store,1,29.98,0.0,29.98
107853,2024-05-04,Yoga Mat,Fitness,South,In-Store,1,22.78,0.0,22.78
107852,2024-05-04,Dumbbell Set,Fitness,South,Online,1,93.3,0.0,93.3
107858,2024-05-04,Bookshelf,Furniture,South,Online,1,120.28,0.0,120.28
107872,2024-05-05,Planner,Stationery,East,Online,1,15.55,0.0,15.55
107871,2024-05-05,Bluetooth Speaker,Electronics,North,In-Store,1,42.76,0.0,42.76
107870,2024-05-05,Fountain Pen,Stationery,North,Online,1,19.37,0.0,19.37
107869,2024-05-05,Water Bottle,Fitness,West,Online,1,12.79,0.0,12.79
107867,2024-05-05,Wireless Mouse,Electronics,East,In-Store,3,18.26,0.0,54.78
107866,2024-05-05,Yoga Mat,Fitness,South,Online,1,21.91,0.0,21.91
107865,2024-05-05,USB-C Hub,Electronics,Central,In-Store,1,28.18,0.0,28.18
107864,2024-05-05,Bookshelf,Furniture,East,Online,1,101.04,0.15,101.04
107863,2024-05-05,Office Chair,Furniture,East,In-Store,1,141.2,0.1,141.2
107868,2024-05-05,Running Shoes,Fitness,South,In-Store,1,76.58,0.0,76.58
107886,2024-05-06,Resistance Bands,Fitness,East,Online,1,14.94,0.0,14.94
107885,2024-05-06,USB-C Hub,Electronics,North,Online,4,31.49,0.0,125.96
107882,2024-05-06,Notebook Set,Stationery,North,Online,1,9.03,0.0,9.03
107884,2024-05-06,Wireless Mouse,Electronics,East,Online,1,16.11,0.2,16.11
107883,2024-05-06,Resistance Bands,Fitness,North,Online,2,12.54,0.1,25.08
107881,2024-05-06,USB-C Hub,Electronics,North,In-Store,2,29.86,0.0,59.72
107876,2024-05-06,Bluetooth Speaker,Electronics,North,Online,1,45.09,0.0,45.09
107879,2024-05-06,USB-C Hub,Electronics,West,Online,2,24.14,0.15,48.28
107873,2024-05-06,Water Bottle,Fitness,West,In-Store,1,9.9,0.2,9.9
107874,2024-05-06,Resistance Bands,Fitness,West,Online,1,14.07,0.0,14.07
107880,2024-05-06,Mechanical Keyboard,Electronics,South,In-Store,1,65.02,0.0,65.02
107877,2024-05-06,Desk Lamp,Furniture,North,Online,1,24.32,0.0,24.32
107878,2024-05-06,USB-C Hub,Electronics,Central,Online,2,30.01,0.0,60.02
107875,2024-05-06,Desk Lamp,Furniture,South,Online,1,24.1,0.0,24.1
107887,2024-05-07,Office Chair,Furniture,East,Online,1,143.01,0.0,143.01
107888,2024-05-07,Bluetooth Speaker,Electronics,North,Online,2,45.99,0.0,91.98
107889,2024-05-07,Planner,Stationery,Central,In-Store,1,16.06,0.0,16.06
107890,2024-05-07,Wireless Mouse,Electronics,East,In-Store,1,19.7,0.0,19.7
107891,2024-05-07,Bookshelf,Furniture,South,In-Store,1,121.63,0.0,121.63
107892,2024-05-07,Bluetooth Speaker,Electronics,South,In-Store,1,47.23,0.0,47.23
107893,2024-05-07,Standing Desk,Furniture,South,In-Store,1,296.93,0.0,296.93
107894,2024-05-07,Desk Lamp,Furniture,North,Online,2,24.44,0.0,48.88
107905,2024-05-08,Wireless Mouse,Electronics,West,In-Store,1,18.57,0.0,18.57
107904,2024-05-08,Bookshelf,Furniture,North,Online,1,103.48,0.15,103.48
107903,2024-05-08,Dumbbell Set,Fitness,North,In-Store,2,88.26,0.0,176.52
107902,2024-05-08,Noise-Cancel Headphones,Electronics,South,Online,2,130.13,0.0,260.26
107897,2024-05-08,Standing Desk,Furniture,Central,Online,1,314.26,0.0,314.26
107900,2024-05-08,Mechanical Keyboard,Electronics,South,In-Store,1,65.17,0.0,65.17
107899,2024-05-08,Dumbbell Set,Fitness,Central,Online,2,71.95,0.2,143.9
107898,2024-05-08,Dumbbell Set,Fitness,South,In-Store,2,90.34,0.0,180.68
107896,2024-05-08,Dumbbell Set,Fitness,West,Online,1,94.23,0.0,94.23
107895,2024-05-08,Mechanical Keyboard,Electronics,East,Online,1,57.08,0.1,57.08
107901,2024-05-08,Running Shoes,Fitness,Central,Online,3,77.11,0.0,231.33
107912,2024-05-09,Noise-Cancel Headphones,Electronics,East,Online,1,134.68,0.0,134.68
107911,2024-05-09,Resistance Bands,Fitness,East,Online,1,13.77,0.0,13.77
107908,2024-05-09,Bluetooth Speaker,Electronics,East,Online,2,38.63,0.15,77.26
107909,2024-05-09,Running Shoes,Fitness,North,Online,1,76.75,0.0,76.75
107906,2024-05-09,USB-C Hub,Electronics,South,In-Store,1,30.96,0.0,30.96
107907,2024-05-09,Standing Desk,Furniture,East,Online,2,292.88,0.0,585.76
107910,2024-05-09,Mechanical Keyboard,Electronics,West,Online,1,62.58,0.0,62.58
107922,2024-05-10,Standing Desk,Furniture,South,In-Store,1,269.47,0.1,269.47
107921,2024-05-10,Bluetooth Speaker,Electronics,North,In-Store,2,40.85,0.1,81.7
107919,2024-05-10,Noise-Cancel Headphones,Electronics,South,Online,1,128.03,0.0,128.03
107920,2024-05-10,Water Bottle,Fitness,Central,Online,1,12.89,0.0,12.89
107917,2024-05-10,Dumbbell Set,Fitness,South,In-Store,2,84.76,0.0,169.52
107916,2024-05-10,Running Shoes,Fitness,South,Online,1,68.37,0.1,68.37
107915,2024-05-10,Wireless Mouse,Electronics,South,In-Store,1,18.12,0.0,18.12
107914,2024-05-10,Water Bottle,Fitness,West,Online,1,13.08,0.0,13.08
107913,2024-05-10,Notebook Set,Stationery,Central,In-Store,1,6.94,0.2,6.94
107918,2024-05-10,Noise-Cancel Headphones,Electronics,North,Online,1,126.59,0.0,126.59
107936,2024-05-11,Standing Desk,Furniture,North,Online,1,294.47,0.0,294.47
107935,2024-05-11,Desk Lamp,Furniture,East,Online,3,24.5,0.0,73.5
107934,2024-05-11,Fountain Pen,Stationery,South,In-Store,2,20.44,0.0,40.88
107932,2024-05-11,Bluetooth Speaker,Electronics,Central,Online,2,47.44,0.0,94.88
107933,2024-05-11,Noise-Cancel Headphones,Electronics,North,In-Store,1,125.82,0.0,125.82
107931,2024-05-11,Wireless Mouse,Electronics,East,Online,2,18.79,0.0,37.58
107927,2024-05-11,Water Bottle,Fitness,East,Online,1,11.28,0.1,11.28
107929,2024-05-11,Yoga Mat,Fitness,Central,Online,1,22.13,0.0,22.13
107923,2024-05-11,USB-C Hub,Electronics,South,In-Store,1,29.86,0.0,29.86
107930,2024-05-11,Running Shoes,Fitness,Central,Online,1,73.59,0.0,73.59
107924,2024-05-11,Running Shoes,Fitness,East,In-Store,2,76.64,0.0,153.28
107925,2024-05-11,Notebook Set,Stationery,South,In-Store,1,8.94,0.0,8.94
107928,2024-05-11,Water Bottle,Fitness,East,In-Store,1,12.27,0.0,12.27
107926,2024-05-11,Bookshelf,Furniture,West,Online,2,119.28,0.0,238.56
107937,2024-05-12,Standing Desk,Furniture,North,Online,3,297.05,0.0,891.15
107955,2024-05-12,Desk Lamp,Furniture,South,In-Store,1,25.29,0.0,25.29
107954,2024-05-12,Running Shoes,Fitness,South,Online,1,72.92,0.0,72.92
107952,2024-05-12,Bookshelf,Furniture,East,In-Store,1,120.63,0.0,120.63
107951,2024-05-12,Planner,Stationery,East,Online,1,15.71,0.0,15.71
107949,2024-05-12,Office Chair,Furniture,South,In-Store,1,145.04,0.0,145.04
107948,2024-05-12,Desk Lamp,Furniture,North,Online,2,25.05,0.0,50.1
107947,2024-05-12,Standing Desk,Furniture,South,Online,1,277.02,0.1,277.02
107953,2024-05-12,Running Shoes,Fitness,East,Online,1,72.6,0.0,72.6
107945,2024-05-12,Planner,Stationery,North,Online,1,16.23,0.0,16.23
107938,2024-05-12,Desk Lamp,Furniture,Central,Online,1,24.76,0.0,24.76
107946,2024-05-12,Running Shoes,Fitness,East,In-Store,1,73.49,0.0,73.49
107939,2024-05-12,Fountain Pen,Stationery,East,In-Store,2,20.16,0.0,40.32
107940,2024-05-12,Standing Desk,Furniture,South,Online,2,282.34,0.0,564.68
107950,2024-05-12,Yoga Mat,Fitness,North,Online,1,21.46,0.0,21.46
107941,2024-05-12,Fountain Pen,Stationery,South,In-Store,1,20.73,0.0,20.73
107942,2024-05-12,Standing Desk,Furniture,North,Online,1,291.86,0.0,291.86
107943,2024-05-12,Bluetooth Speaker,Electronics,East,Online,1,47.71,0.0,47.71
107944,2024-05-12,Bluetooth Speaker,Electronics,East,Online,2,45.64,0.0,91.28
107956,2024-05-13,Mechanical Keyboard,Electronics,East,Online,2,62.81,0.0,125.62
107957,2024-05-13,Bluetooth Speaker,Electronics,Central,Online,1,35.35,0.2,35.35
107959,2024-05-13,Dumbbell Set,Fitness,East,In-Store,2,80.82,0.1,161.64
107960,2024-05-13,Planner,Stationery,North,In-Store,1,15.71,0.0,15.71
107961,2024-05-13,Bluetooth Speaker,Electronics,East,In-Store,1,47.31,0.0,47.31
107962,2024-05-13,Bookshelf,Furniture,West,Online,1,109.22,0.1,109.22
107963,2024-05-13,Planner,Stationery,South,In-Store,1,15.84,0.0,15.84
107964,2024-05-13,Water Bottle,Fitness,West,In-Store,1,12.87,0.0,12.87
107958,2024-05-13,Bluetooth Speaker,Electronics,West,Online,2,46.26,0.0,92.52
107974,2024-05-14,Office Chair,Furniture,Central,In-Store,1,153.58,0.0,153.58
107973,2024-05-14,Wireless Mouse,Electronics,Central,In-Store,2,15.47,0.2,30.94
107972,2024-05-14,Wireless Mouse,Electronics,West,Online,1,19.02,0.0,19.02
107971,2024-05-14,Fountain Pen,Stationery,East,Online,2,20.11,0.0,40.22
107969,2024-05-14,Planner,Stationery,North,In-Store,2,16.25,0.0,32.5
107965,2024-05-14,Standing Desk,Furniture,South,In-Store,1,311.28,0.0,311.28
107966,2024-05-14,Yoga Mat,Fitness,West,In-Store,1,23.01,0.0,23.01
107970,2024-05-14,Desk Lamp,Furniture,North,In-Store,1,23.67,0.0,23.67
107967,2024-05-14,Bluetooth Speaker,Electronics,Central,Online,1,45.79,0.0,45.79
107968,2024-05-14,Yoga Mat,Fitness,Central,In-Store,2,22.61,0.0,45.22
107975,2024-05-15,USB-C Hub,Electronics,East,Online,1,30.66,0.0,30.66
107992,2024-05-15,Bookshelf,Furniture,North,Online,1,123.11,0.0,123.11
107991,2024-05-15,Notebook Set,Stationery,South,In-Store,1,8.95,0.0,8.95
107990,2024-05-15,Yoga Mat,Fitness,West,Online,1,20.23,0.1,20.23
107989,2024-05-15,Notebook Set,Stationery,West,Online,1,9.25,0.0,9.25
107987,2024-05-15,Desk Lamp,Furniture,West,In-Store,2,25.27,0.0,50.54
107986,2024-05-15,Yoga Mat,Fitness,Central,In-Store,2,17.23,0.2,34.46
107985,2024-05-15,Resistance Bands,Fitness,North,In-Store,1,14.77,0.0,14.77
107988,2024-05-15,Noise-Cancel Headphones,Electronics,Central,Online,1,133.57,0.0,133.57
107983,2024-05-15,Desk Lamp,Furniture,South,Online,4,25.78,0.0,103.12
107982,2024-05-15,Wireless Mouse,Electronics,West,In-Store,2,16.48,0.15,32.96
107981,2024-05-15,Desk Lamp,Furniture,West,Online,1,25.37,0.0,25.37
107980,2024-05-15,USB-C Hub,Electronics,North,Online,2,25.9,0.1,51.8
107979,2024-05-15,Standing Desk,Furniture,West,In-Store,1,303.92,0.0,303.92
107978,2024-05-15,Fountain Pen,Stationery,West,In-Store,1,19.69,0.0,19.69
107977,2024-05-15,USB-C Hub,Electronics,West,In-Store,1,24.7,0.2,24.7
107976,2024-05-15,Standing Desk,Furniture,East,Online,1,297.75,0.0,297.75
107984,2024-05-15,Planner,Stationery,East,Online,1,17.01,0.0,17.01
108003,2024-05-16,Notebook Set,Stationery,North,Online,1,8.02,0.1,8.02
108008,2024-05-16,Wireless Mouse,Electronics,South,In-Store,1,16.14,0.1,16.14
108007,2024-05-16,Bluetooth Speaker,Electronics,South,Online,2,45.9,0.0,91.8
108006,2024-05-16,Bookshelf,Furniture,East,Online,2,122.03,0.0,244.06
108005,2024-05-16,Notebook Set,Stationery,Central,In-Store,1,9.11,0.0,9.11
108004,2024-05-16,Office Chair,Furniture,North,In-Store,1,155.94,0.0,155.94
108002,2024-05-16,Bluetooth Speaker,Electronics,West,Online,4,45.88,0.0,183.52
107995,2024-05-16,Bluetooth Speaker,Electronics,West,In-Store,1,45.62,0.0,45.62
108000,2024-05-16,Mechanical Keyboard,Electronics,East,In-Store,2,64.56,0.0,129.12
107999,2024-05-16,Resistance Bands,Fitness,North,Online,2,15.22,0.0,30.44
107998,2024-05-16,Dumbbell Set,Fitness,North,Online,1,90.92,0.0,90.92
107997,2024-05-16,Mechanical Keyboard,Electronics,North,Online,2,63.3,0.0,126.6
107996,2024-05-16,Office Chair,Furniture,West,Online,1,125.02,0.15,125.02
107994,2024-05-16,Running Shoes,Fitness,East,Online,4,72.56,0.0,290.24
108001,2024-05-16,Fountain Pen,Stationery,East,In-Store,4,20.07,0.0,80.28
107993,2024-05-16,Notebook Set,Stationery,South,Online,2,8.57,0.1,17.14
108016,2024-05-17,Standing Desk,Furniture,West,Online,1,312.95,0.0,312.95
108020,2024-05-17,Planner,Stationery,East,In-Store,2,16.14,0.0,32.28
108019,2024-05-17,Noise-Cancel Headphones,Electronics,North,Online,1,119.16,0.1,119.16
108018,2024-05-17,Bookshelf,Furniture,North,In-Store,2,123.56,0.0,247.12
108017,2024-05-17,Bluetooth Speaker,Electronics,Central,Online,1,46.67,0.0,46.67
108015,2024-05-17,Yoga Mat,Fitness,West,In-Store,1,17.94,0.15,17.94
108013,2024-05-17,Water Bottle,Fitness,Central,Online,1,12.6,0.0,12.6
108012,2024-05-17,Wireless Mouse,Electronics,Central,Online,1,19.71,0.0,19.71
108011,2024-05-17,Standing Desk,Furniture,North,Online,2,265.97,0.15,531.94
108010,2024-05-17,Notebook Set,Stationery,East,Online,1,,0.0,8.75
108009,2024-05-17,Water Bottle,Fitness,North,Online,1,12.84,0.0,12.84
108014,2024-05-17,Noise-Cancel Headphones,Electronics,North,Online,1,115.37,0.1,115.37
108031,2024-05-18,Wireless Mouse,Electronics,East,In-Store,1,18.94,0.0,18.94
108030,2024-05-18,Notebook Set,Stationery,East,Online,2,8.2,0.1,16.4
108029,2024-05-18,Wireless Mouse,Electronics,South,Online,1,16.04,0.15,16.04
108027,2024-05-18,Bluetooth Speaker,Electronics,South,Online,2,43.89,0.0,87.78
108028,2024-05-18,Mechanical Keyboard,Electronics,West,Online,4,52.28,0.15,209.12
108025,2024-05-18,Bluetooth Speaker,Electronics,West,Online,2,42.38,0.1,84.76
108024,2024-05-18,Desk Lamp,Furniture,West,Online,1,24.77,0.0,24.77
108023,2024-05-18,Resistance Bands,Fitness,East,Online,1,15.21,0.0,15.21
108022,2024-05-18,Wireless Mouse,Electronics,West,Online,1,15.69,0.15,15.69
108021,2024-05-18,Dumbbell Set,Fitness,North,Online,1,91.9,0.0,91.9
108026,2024-05-18,Bluetooth Speaker,Electronics,Central,Online,1,47.21,0.0,47.21
108045,2024-05-19,Bookshelf,Furniture,West,Online,1,120.97,0.0,120.97
108044,2024-05-19,USB-C Hub,Electronics,Central,In-Store,1,28.88,0.0,28.88
108043,2024-05-19,Office Chair,Furniture,South,In-Store,1,153.35,0.0,153.35
108042,2024-05-19,Bookshelf,Furniture,West,Online,1,102.56,0.15,102.56
108041,2024-05-19,Bluetooth Speaker,Electronics,South,Online,1,43.93,0.0,43.93
108040,2024-05-19,Planner,Stationery,Central,Online,2,14.2,0.15,28.4
108038,2024-05-19,Bluetooth Speaker,Electronics,North,Online,1,42.65,0.0,42.65
108037,2024-05-19,Dumbbell Set,Fitness,West,Online,2,84.09,0.0,168.18
108036,2024-05-19,Office Chair,Furniture,North,Online,2,143.87,0.1,287.74
108035,2024-05-19,Notebook Set,Stationery,East,In-Store,3,8.83,0.0,26.49
108034,2024-05-19,Mechanical Keyboard,Electronics,East,Online,1,62.67,0.0,62.67
108033,2024-05-19,Yoga Mat,Fitness,North,In-Store,1,21.82,0.0,21.82
108032,2024-05-19,Bookshelf,Furniture,West,Online,1,116.48,0.0,116.48
108039,2024-05-19,Bluetooth Speaker,Electronics,East,In-Store,2,45.52,0.0,91.04
108053,2024-05-20,Dumbbell Set,Fitness,North,Online,1,73.76,0.1,73.76
108052,2024-05-20,Standing Desk,Furniture,East,Online,1,288.87,0.0,288.87
108051,2024-05-20,Bluetooth Speaker,Electronics,South,In-Store,1,46.47,0.0,46.47
108050,2024-05-20,Mechanical Keyboard,Electronics,North,In-Store,1,52.18,0.2,52.18
108048,2024-05-20,Wireless Mouse,Electronics,East,Online,1,19.48,0.0,19.48
108047,2024-05-20,Mechanical Keyboard,Electronics,South,Online,1,62.03,0.0,62.03
108046,2024-05-20,Yoga Mat,Fitness,South,In-Store,1,21.05,0.0,21.05
108049,2024-05-20,Office Chair,Furniture,West,In-Store,1,150.94,0.0,150.94
108066,2024-05-21,Bluetooth Speaker,Electronics,Central,In-Store,1,45.99,0.0,45.99
108065,2024-05-21,Planner,Stationery,North,Online,1,16.61,0.0,16.61
108064,2024-05-21,Fountain Pen,Stationery,East,Online,1,20.44,0.0,20.44
108063,2024-05-21,Dumbbell Set,Fitness,Central,Online,2,89.45,0.0,178.9
108062,2024-05-21,Wireless Mouse,Electronics,South,Online,2,18.87,0.0,37.74
108058,2024-05-21,Standing Desk,Furniture,South,Online,1,269.91,0.0,269.91
108060,2024-05-21,Wireless Mouse,Electronics,West,In-Store,2,19.15,0.0,38.3
108059,2024-05-21,Bluetooth Speaker,Electronics,East,Online,3,45.53,0.0,136.59
108057,2024-05-21,Bluetooth Speaker,Electronics,North,In-Store,1,45.26,0.0,45.26
108056,2024-05-21,Mechanical Keyboard,Electronics,North,Online,1,64.76,0.0,64.76
108055,2024-05-21,Running Shoes,Fitness,North,In-Store,1,77.25,0.0,77.25
108054,2024-05-21,Standing Desk,Furniture,West,In-Store,4,296.33,0.0,1185.32
108061,2024-05-21,Running Shoes,Fitness,East,Online,1,76.4,0.0,76.4
108077,2024-05-22,Wireless Mouse,Electronics,West,In-Store,1,18.57,0.0,18.57
108076,2024-05-22,Yoga Mat,Fitness,South,Online,1,19.83,0.1,19.83
108075,2024-05-22,Dumbbell Set,Fitness,Central,Online,1,80.39,0.1,80.39
108073,2024-05-22,Office Chair,Furniture,South,Online,2,155.94,0.0,311.88
108074,2024-05-22,Standing Desk,Furniture,Central,In-Store,1,244.08,0.15,244.08
108071,2024-05-22,Mechanical Keyboard,Electronics,West,Online,2,66.58,0.0,133.16
108070,2024-05-22,Dumbbell Set,Fitness,East,In-Store,1,75.93,0.15,75.93
108069,2024-05-22,Water Bottle,Fitness,East,Online,1,10.2,0.15,10.2
108068,2024-05-22,Office Chair,Furniture,South,In-Store,1,140.81,0.0,140.81
108067,2024-05-22,Mechanical Keyboard,Electronics,North,Online,2,59.3,0.1,118.6
108072,2024-05-22,Mechanical Keyboard,Electronics,South,Online,1,55.37,0.15,55.37
108089,2024-05-23,Office Chair,Furniture,East,Online,3,149.11,0.0,447.33
108095,2024-05-23,Desk Lamp,Furniture,Central,Online,2,24.78,0.0,49.56
108094,2024-05-23,Planner,Stationery,East,Online,1,16.65,0.0,16.65
108093,2024-05-23,Resistance Bands,Fitness,West,In-Store,1,14.22,0.0,14.22
108092,2024-05-23,Standing Desk,Furniture,Central,Online,1,304.42,0.0,304.42
108091,2024-05-23,Standing Desk,Furniture,West,In-Store,1,276.69,0.0,276.69
108090,2024-05-23,Dumbbell Set,Fitness,Central,Online,1,88.74,0.0,88.74
108088,2024-05-23,Desk Lamp,Furniture,South,Online,1,25.41,0.0,25.41
108082,2024-05-23,Planner,Stationery,North,Online,1,16.15,0.0,16.15
108086,2024-05-23,Fountain Pen,Stationery,North,In-Store,1,20.56,0.0,20.56
108085,2024-05-23,Desk Lamp,Furniture,East,Online,1,25.32,0.0,25.32
108084,2024-05-23,Running Shoes,Fitness,East,Online,2,76.56,0.0,153.12
108083,2024-05-23,Mechanical Keyboard,Electronics,Central,Online,1,68.76,0.0,68.76
108081,2024-05-23,Resistance Bands,Fitness,South,In-Store,1,14.25,0.0,14.25
108080,2024-05-23,Resistance Bands,Fitness,East,In-Store,1,14.78,0.0,14.78
108079,2024-05-23,Running Shoes,Fitness,South,In-Store,1,73.41,0.0,73.41
108078,2024-05-23,USB-C Hub,Electronics,West,In-Store,1,28.99,0.0,28.99
108087,2024-05-23,Dumbbell Set,Fitness,West,In-Store,1,78.87,0.1,78.87
108105,2024-05-24,Standing Desk,Furniture,West,In-Store,1,306.11,0.0,306.11
108109,2024-05-24,Mechanical Keyboard,Electronics,Central,Online,1,64.81,0.0,64.81
108108,2024-05-24,Notebook Set,Stationery,North,In-Store,1,8.25,0.1,8.25
108107,2024-05-24,Water Bottle,Fitness,West,In-Store,1,12.26,0.0,12.26
108106,2024-05-24,Notebook Set,Stationery,East,Online,1,8.98,0.0,8.98
108104,2024-05-24,USB-C Hub,Electronics,North,Online,2,29.69,0.0,59.38
108102,2024-05-24,Water Bottle,Fitness,South,Online,1,12.79,0.0,12.79
108101,2024-05-24,Fountain Pen,Stationery,East,In-Store,2,19.63,0.0,39.26
108100,2024-05-24,Notebook Set,Stationery,North,In-Store,2,9.32,0.0,18.64
108099,2024-05-24,Mechanical Keyboard,Electronics,North,Online,1,62.98,0.0,62.98
108098,2024-05-24,Desk Lamp,Furniture,West,Online,1,25.34,0.0,25.34
108103,2024-05-24,Mechanical Keyboard,Electronics,West,In-Store,1,56.18,0.15,56.18
108097,2024-05-24,Fountain Pen,Stationery,North,Online,2,20.36,0.0,40.72
108096,2024-05-24,Office Chair,Furniture,South,Online,1,148.3,0.0,148.3
108121,2024-05-25,Yoga Mat,Fitness,Central,In-Store,1,20.23,0.0,20.23
108120,2024-05-25,Noise-Cancel Headphones,Electronics,Central,In-Store,2,128.59,0.0,257.18
108119,2024-05-25,Notebook Set,Stationery,West,Online,1,8.41,0.1,8.41
108118,2024-05-25,Notebook Set,Stationery,North,Online,1,6.77,0.2,6.77
108117,2024-05-25,Bookshelf,Furniture,South,In-Store,2,107.3,0.15,214.6
108116,2024-05-25,Standing Desk,Furniture,North,Online,2,300.33,0.0,600.66
108115,2024-05-25,Noise-Cancel Headphones,Electronics,North,In-Store,2,110.38,0.15,220.76
108114,2024-05-25,Office Chair,Furniture,East,In-Store,1,150.58,0.0,150.58
108113,2024-05-25,Notebook Set,Stationery,North,In-Store,1,9.28,0.0,9.28
108112,2024-05-25,Water Bottle,Fitness,South,In-Store,2,12.82,0.0,25.64
108111,2024-05-25,Planner,Stationery,East,In-Store,1,16.54,0.0,16.54
108110,2024-05-25,Mechanical Keyboard,Electronics,Central,Online,2,62.94,0.0,125.88
108134,2024-05-26,Mechanical Keyboard,Electronics,North,In-Store,1,64.62,0.0,64.62
108133,2024-05-26,Yoga Mat,Fitness,Central,Online,1,19.53,0.1,19.53
108132,2024-05-26,Water Bottle,Fitness,Central,Online,1,13.45,0.0,13.45
108131,2024-05-26,Bluetooth Speaker,Electronics,West,Online,1,45.25,0.0,45.25
108130,2024-05-26,Desk Lamp,Furniture,East,In-Store,1,24.97,0.0,24.97
108123,2024-05-26,Bluetooth Speaker,Electronics,Central,In-Store,1,47.91,0.0,47.91
108128,2024-05-26,Bookshelf,Furniture,West,Online,2,118.44,0.0,236.88
108127,2024-05-26,Standing Desk,Furniture,West,In-Store,1,307.78,0.0,307.78
108126,2024-05-26,Noise-Cancel Headphones,Electronics,Central,Online,1,130.81,0.0,130.81
108125,2024-05-26,Dumbbell Set,Fitness,North,In-Store,2,88.05,0.0,176.1
108124,2024-05-26,Wireless Mouse,Electronics,North,Online,1,16.31,0.15,16.31
108122,2024-05-26,Wireless Mouse,Electronics,Central,Online,2,18.74,0.0,37.48
108129,2024-05-26,Water Bottle,Fitness,North,In-Store,1,13.47,0.0,13.47
108147,2024-05-27,Office Chair,Furniture,West,Online,2,151.4,0.0,302.8
108148,2024-05-27,Standing Desk,Furniture,Central,In-Store,4,312.73,0.0,1250.92
108145,2024-05-27,Noise-Cancel Headphones,Electronics,East,Online,1,131.03,0.0,131.03
108150,2024-05-27,Bluetooth Speaker,Electronics,Central,In-Store,1,45.8,0.0,45.8
108149,2024-05-27,Wireless Mouse,Electronics,Central,Online,2,17.43,0.1,34.86
108144,2024-05-27,Wireless Mouse,Electronics,South,In-Store,2,18.12,0.0,36.24
108146,2024-05-27,Yoga Mat,Fitness,South,Online,1,17.25,0.2,17.25
108142,2024-05-27,Running Shoes,Fitness,West,Online,2,70.34,0.1,140.68
108141,2024-05-27,Noise-Cancel Headphones,Electronics,South,In-Store,2,122.02,0.1,244.04
108135,2024-05-27,Planner,Stationery,South,Online,1,15.15,0.0,15.15
108140,2024-05-27,Yoga Mat,Fitness,South,Online,2,22.88,0.0,45.76
108139,2024-05-27,Wireless Mouse,Electronics,North,Online,1,19.59,0.0,19.59
108138,2024-05-27,Bluetooth Speaker,Electronics,North,Online,1,45.36,0.0,45.36
108137,2024-05-27,Desk Lamp,Furniture,West,In-Store,1,23.95,0.0,23.95
108143,2024-05-27,Mechanical Keyboard,Electronics,North,Online,3,64.69,0.0,194.07
108136,2024-05-27,Running Shoes,Fitness,North,In-Store,1,75.41,0.0,75.41
108163,2024-05-28,Running Shoes,Fitness,East,Online,1,76.69,0.0,76.69
108162,2024-05-28,Bluetooth Speaker,Electronics,North,In-Store,1,37.95,0.15,37.95
108161,2024-05-28,Office Chair,Furniture,Central,Online,2,152.41,0.0,304.82
108160,2024-05-28,Fountain Pen,Stationery,West,Online,1,20.99,0.0,20.99
108158,2024-05-28,Notebook Set,Stationery,West,Online,1,8.91,0.0,8.91
108159,2024-05-28,Bookshelf,Furniture,East,In-Store,1,117.05,0.0,117.05
108156,2024-05-28,Office Chair,Furniture,North,In-Store,1,147.9,0.0,147.9
108155,2024-05-28,Water Bottle,Fitness,North,Online,1,13.17,0.0,13.17
108154,2024-05-28,Wireless Mouse,Electronics,Central,In-Store,1,17.79,0.0,17.79
108153,2024-05-28,Notebook Set,Stationery,North,Online,1,9.29,0.0,9.29
108152,2024-05-28,Resistance Bands,Fitness,South,Online,1,14.49,0.0,14.49
108151,2024-05-28,Noise-Cancel Headphones,Electronics,East,Online,1,127.84,0.0,127.84
108157,2024-05-28,Bluetooth Speaker,Electronics,South,In-Store,2,37.66,0.2,75.32
108178,2024-05-29,Planner,Stationery,North,Online,1,14.46,0.1,14.46
108179,2024-05-29,Wireless Mouse,Electronics,Central,Online,1,17.09,0.1,17.09
108180,2024-05-29,Office Chair,Furniture,South,Online,1,146.05,0.0,146.05
108181,2024-05-29,Mechanical Keyboard,Electronics,North,Online,3,63.77,0.0,191.31
108185,2024-05-29,Bookshelf,Furniture,North,Online,1,115.28,0.0,115.28
108183,2024-05-29,Running Shoes,Fitness,West,Online,1,75.43,0.0,75.43
108184,2024-05-29,Dumbbell Set,Fitness,West,Online,1,92.85,0.0,92.85
108186,2024-05-29,Mechanical Keyboard,Electronics,East,In-Store,2,63.87,0.0,127.74
108182,2024-05-29,Bluetooth Speaker,Electronics,South,Online,1,47.72,0.0,47.72
108177,2024-05-29,Standing Desk,Furniture,Central,Online,1,293.33,0.0,293.33
108168,2024-05-29,Fountain Pen,Stationery,South,In-Store,1,19.55,0.0,19.55
108175,2024-05-29,Yoga Mat,Fitness,East,Online,1,22.09,0.0,22.09
108174,2024-05-29,Dumbbell Set,Fitness,South,In-Store,1,87.11,0.0,87.11
108173,2024-05-29,Planner,Stationery,South,Online,1,15.6,0.0,15.6
108172,2024-05-29,Notebook Set,Stationery,West,In-Store,3,8.93,0.0,26.79
108171,2024-05-29,USB-C Hub,Electronics,South,Online,1,25.62,0.15,25.62
108170,2024-05-29,Mechanical Keyboard,Electronics,Central,In-Store,1,67.36,0.0,67.36
108169,2024-05-29,Wireless Mouse,Electronics,Central,Online,1,14.46,0.2,14.46
108167,2024-05-29,Planner,Stationery,North,In-Store,1,14.23,0.1,14.23
108166,2024-05-29,Desk Lamp,Furniture,Central,Online,1,25.74,0.0,25.74
108165,2024-05-29,Office Chair,Furniture,South,Online,2,152.74,0.0,305.48
108164,2024-05-29,Wireless Mouse,Electronics,North,Online,1,19.57,0.0,19.57
108176,2024-05-29,USB-C Hub,Electronics,East,Online,1,25.93,0.1,25.93
108195,2024-05-30,USB-C Hub,Electronics,South,Online,2,32.0,0.0,64.0
108197,2024-05-30,Running Shoes,Fitness,West,Online,1,63.46,0.15,63.46
108196,2024-05-30,Water Bottle,Fitness,South,In-Store,1,12.44,0.0,12.44
108194,2024-05-30,Office Chair,Furniture,South,Online,1,150.89,0.0,150.89
108187,2024-05-30,Bookshelf,Furniture,South,In-Store,1,117.09,0.0,117.09
108192,2024-05-30,Wireless Mouse,Electronics,East,Online,1,19.09,0.0,19.09
108191,2024-05-30,Standing Desk,Furniture,North,In-Store,1,240.97,0.2,240.97
108190,2024-05-30,Resistance Bands,Fitness,North,Online,2,12.43,0.15,24.86
108189,2024-05-30,Noise-Cancel Headphones,Electronics,North,Online,1,136.5,0.0,136.5
108188,2024-05-30,USB-C Hub,Electronics,North,Online,3,27.94,0.0,83.82
108193,2024-05-30,Wireless Mouse,Electronics,North,Online,1,18.17,0.0,18.17
108211,2024-05-31,Planner,Stationery,Central,In-Store,1,14.81,0.1,14.81
108210,2024-05-31,Planner,Stationery,South,In-Store,1,16.53,0.0,16.53
108209,2024-05-31,Running Shoes,Fitness,West,In-Store,1,76.98,0.0,76.98
108208,2024-05-31,USB-C Hub,Electronics,South,In-Store,4,30.75,0.0,123.0
108207,2024-05-31,Yoga Mat,Fitness,West,Online,1,20.23,0.0,20.23
108206,2024-05-31,Running Shoes,Fitness,South,In-Store,2,63.99,0.1,127.98
108205,2024-05-31,USB-C Hub,Electronics,South,Online,1,29.34,0.0,29.34
108204,2024-05-31,Planner,Stationery,East,Online,1,15.39,0.0,15.39
108203,2024-05-31,Office Chair,Furniture,South,Online,1,153.56,0.0,153.56
108202,2024-05-31,Notebook Set,Stationery,North,In-Store,1,9.15,0.0,9.15
108201,2024-05-31,Noise-Cancel Headphones,Electronics,North,Online,1,130.21,0.0,130.21
108200,2024-05-31,Water Bottle,Fitness,South,Online,1,12.74,0.0,12.74
108199,2024-05-31,Resistance Bands,Fitness,East,Online,1,12.15,0.15,12.15
108198,2024-05-31,Water Bottle,Fitness,South,In-Store,1,11.14,0.15,11.14
108220,2024-06-01,Desk Lamp,Furniture,East,Online,3,23.94,0.0,71.82
108219,2024-06-01,Standing Desk,Furniture,South,Online,1,292.63,0.0,292.63
108218,2024-06-01,Resistance Bands,Fitness,East,Online,1,12.65,0.1,12.65
108212,2024-06-01,Bookshelf,Furniture,North,Online,4,118.63,0.0,474.52
108216,2024-06-01,Notebook Set,Stationery,South,In-Store,1,9.49,0.0,9.49
108215,2024-06-01,Desk Lamp,Furniture,South,Online,1,24.68,0.0,24.68
108214,2024-06-01,USB-C Hub,Electronics,South,Online,2,25.38,0.1,50.76
108213,2024-06-01,USB-C Hub,Electronics,East,Online,2,30.26,0.0,60.52
108217,2024-06-01,Yoga Mat,Fitness,East,Online,1,19.83,0.1,19.83
108233,2024-06-02,Running Shoes,Fitness,North,In-Store,1,73.66,0.0,73.66
108240,2024-06-02,Desk Lamp,Furniture,South,In-Store,4,24.13,0.0,96.52
108239,2024-06-02,Planner,Stationery,North,Online,1,16.4,0.0,16.4
108238,2024-06-02,Resistance Bands,Fitness,North,Online,1,14.24,0.0,14.24
108237,2024-06-02,Running Shoes,Fitness,North,In-Store,1,75.0,0.0,75.0
108236,2024-06-02,Desk Lamp,Furniture,West,Online,1,25.21,0.0,25.21
108235,2024-06-02,Bluetooth Speaker,Electronics,West,In-Store,2,45.01,0.0,90.02
108234,2024-06-02,Standing Desk,Furniture,South,Online,1,312.73,0.0,312.73
108232,2024-06-02,Bluetooth Speaker,Electronics,South,In-Store,2,43.26,0.0,86.52
108241,2024-06-02,Office Chair,Furniture,West,In-Store,2,161.63,0.0,323.26
108230,2024-06-02,Water Bottle,Fitness,South,Online,1,13.6,0.0,13.6
108231,2024-06-02,Office Chair,Furniture,North,In-Store,1,146.2,0.0,146.2
108221,2024-06-02,USB-C Hub,Electronics,East,Online,2,31.49,0.0,62.98
108223,2024-06-02,Office Chair,Furniture,North,Online,1,123.3,0.15,123.3
108224,2024-06-02,USB-C Hub,Electronics,North,In-Store,1,29.38,0.0,29.38
108222,2024-06-02,Standing Desk,Furniture,North,Online,2,315.18,0.0,630.36
108226,2024-06-02,Resistance Bands,Fitness,West,Online,1,15.06,0.0,15.06
108227,2024-06-02,Notebook Set,Stationery,South,Online,1,8.22,0.1,8.22
108228,2024-06-02,Planner,Stationery,South,Online,2,16.31,0.0,32.62
108229,2024-06-02,Fountain Pen,Stationery,West,Online,2,20.99,0.0,41.98
108225,2024-06-02,Planner,Stationery,West,Online,1,15.24,0.0,15.24
108251,2024-06-03,Bookshelf,Furniture,North,In-Store,1,105.59,0.1,105.59
108256,2024-06-03,Standing Desk,Furniture,North,Online,3,306.47,0.0,919.41
108255,2024-06-03,Wireless Mouse,Electronics,North,In-Store,1,16.27,0.15,16.27
108253,2024-06-03,Resistance Bands,Fitness,East,In-Store,2,13.02,0.1,26.04
108252,2024-06-03,Mechanical Keyboard,Electronics,Central,In-Store,2,66.49,0.0,132.98
108250,2024-06-03,Planner,Stationery,South,Online,1,14.53,0.1,14.53
108254,2024-06-03,Wireless Mouse,Electronics,North,Online,2,18.23,0.0,36.46
108248,2024-06-03,Notebook Set,Stationery,North,Online,4,8.14,0.1,32.56
108247,2024-06-03,Resistance Bands,Fitness,East,Online,1,15.0,0.0,15.0
108246,2024-06-03,USB-C Hub,Electronics,North,In-Store,1,30.43,0.0,30.43
108242,2024-06-03,Desk Lamp,Furniture,North,In-Store,1,23.88,0.0,23.88
108245,2024-06-03,Desk Lamp,Furniture,South,In-Store,1,20.7,0.15,20.7
108244,2024-06-03,USB-C Hub,Electronics,Central,In-Store,1,29.86,0.0,29.86
108243,2024-06-03,Mechanical Keyboard,Electronics,Central,In-Store,1,61.62,0.0,61.62
108249,2024-06-03,Dumbbell Set,Fitness,North,Online,3,92.15,0.0,276.45
108269,2024-06-04,Notebook Set,Stationery,Central,Online,1,9.41,0.0,9.41
108268,2024-06-04,Standing Desk,Furniture,Central,Online,2,304.25,0.0,608.5
108267,2024-06-04,Yoga Mat,Fitness,West,Online,2,21.83,0.0,43.66
108266,2024-06-04,Standing Desk,Furniture,West,Online,1,295.26,0.0,295.26
108265,2024-06-04,Noise-Cancel Headphones,Electronics,South,Online,1,130.8,0.0,130.8
108263,2024-06-04,Running Shoes,Fitness,West,In-Store,1,77.64,0.0,77.64
108262,2024-06-04,Wireless Mouse,Electronics,North,In-Store,1,16.66,0.1,16.66
108261,2024-06-04,Bluetooth Speaker,Electronics,East,Online,2,38.52,0.2,77.04
108260,2024-06-04,Running Shoes,Fitness,South,Online,2,72.14,0.0,144.28
108259,2024-06-04,Running Shoes,Fitness,Central,In-Store,1,71.93,0.0,71.93
108258,2024-06-04,Bookshelf,Furniture,South,Online,4,116.12,0.0,464.48
108257,2024-06-04,Mechanical Keyboard,Electronics,Central,In-Store,1,64.26,0.0,64.26
108264,2024-06-04,Water Bottle,Fitness,South,In-Store,1,12.24,0.0,12.24
108278,2024-06-05,Running Shoes,Fitness,South,Online,1,78.08,0.0,78.08
108281,2024-06-05,Wireless Mouse,Electronics,West,Online,1,15.5,0.15,15.5
108280,2024-06-05,Bluetooth Speaker,Electronics,West,Online,2,42.02,0.1,84.04
108279,2024-06-05,Mechanical Keyboard,Electronics,North,In-Store,1,66.33,0.0,66.33
108277,2024-06-05,Standing Desk,Furniture,South,In-Store,2,297.66,0.0,595.32
108282,2024-06-05,Desk Lamp,Furniture,North,In-Store,2,24.64,0.0,49.28
108275,2024-06-05,Running Shoes,Fitness,North,Online,1,76.5,0.0,76.5
108271,2024-06-05,Wireless Mouse,Electronics,East,In-Store,2,18.53,0.0,37.06
108270,2024-06-05,Mechanical Keyboard,Electronics,Central,Online,2,56.06,0.15,112.12
108276,2024-06-05,Dumbbell Set,Fitness,Central,Online,1,90.64,0.0,90.64
108273,2024-06-05,Mechanical Keyboard,Electronics,South,Online,1,64.89,0.0,64.89
108274,2024-06-05,Resistance Bands,Fitness,East,Online,1,14.62,0.0,14.62
108272,2024-06-05,Office Chair,Furniture,South,Online,1,149.61,0.0,149.61
108296,2024-06-06,Notebook Set,Stationery,West,In-Store,1,8.48,0.1,8.48
108295,2024-06-06,Wireless Mouse,Electronics,South,Online,2,19.56,0.0,39.12
108294,2024-06-06,Wireless Mouse,Electronics,West,In-Store,1,15.09,0.2,15.09
108293,2024-06-06,Dumbbell Set,Fitness,South,In-Store,1,90.96,0.0,90.96
108291,2024-06-06,USB-C Hub,Electronics,North,Online,1,30.14,0.0,30.14
108292,2024-06-06,Standing Desk,Furniture,North,Online,1,291.52,0.0,291.52
108289,2024-06-06,USB-C Hub,Electronics,North,In-Store,3,29.76,0.0,89.28
108288,2024-06-06,Notebook Set,Stationery,West,Online,1,7.72,0.15,7.72
108287,2024-06-06,Desk Lamp,Furniture,South,In-Store,1,23.36,0.1,23.36
108286,2024-06-06,Wireless Mouse,Electronics,South,Online,2,18.8,0.0,37.6
108285,2024-06-06,Standing Desk,Furniture,East,Online,1,266.23,0.1,266.23
108284,2024-06-06,Mechanical Keyboard,Electronics,North,Online,2,64.61,0.0,129.22
108283,2024-06-06,Yoga Mat,Fitness,Central,Online,4,21.54,0.0,86.16
108290,2024-06-06,Desk Lamp,Furniture,East,In-Store,1,25.85,0.0,25.85
108309,2024-06-07,Mechanical Keyboard,Electronics,Central,Online,1,56.61,0.1,56.61
108308,2024-06-07,Running Shoes,Fitness,North,Online,2,77.21,0.0,154.42
108307,2024-06-07,Standing Desk,Furniture,West,In-Store,1,297.67,0.0,297.67
108306,2024-06-07,Fountain Pen,Stationery,West,In-Store,2,20.55,0.0,41.1
108305,2024-06-07,Running Shoes,Fitness,West,Online,1,79.24,0.0,79.24
108304,2024-06-07,Dumbbell Set,Fitness,South,Online,4,88.71,0.0,354.84
108302,2024-06-07,Bookshelf,Furniture,West,In-Store,1,111.6,0.1,111.6
108301,2024-06-07,Wireless Mouse,Electronics,East,In-Store,3,18.88,0.0,56.64
108300,2024-06-07,Water Bottle,Fitness,South,Online,2,12.91,0.0,25.82
108299,2024-06-07,Office Chair,Furniture,South,Online,1,148.22,0.0,148.22
108298,2024-06-07,Water Bottle,Fitness,South,In-Store,1,12.68,0.0,12.68
108297,2024-06-07,Mechanical Keyboard,Electronics,South,In-Store,1,64.45,0.0,64.45
108303,2024-06-07,Bookshelf,Furniture,South,In-Store,2,117.72,0.0,235.44
108323,2024-06-08,Dumbbell Set,Fitness,East,Online,2,98.8,0.0,197.6
108322,2024-06-08,Bluetooth Speaker,Electronics,North,Online,1,45.68,0.0,45.68
108321,2024-06-08,Yoga Mat,Fitness,South,Online,1,23.43,0.0,23.43
108320,2024-06-08,Running Shoes,Fitness,South,Online,1,74.61,0.0,74.61
108319,2024-06-08,Noise-Cancel Headphones,Electronics,West,In-Store,1,128.2,0.0,128.2
108318,2024-06-08,Running Shoes,Fitness,North,Online,1,74.98,0.0,74.98
108316,2024-06-08,Dumbbell Set,Fitness,East,Online,1,93.55,0.0,93.55
108315,2024-06-08,Planner,Stationery,South,Online,1,16.24,0.0,16.24
108314,2024-06-08,Desk Lamp,Furniture,North,Online,2,25.92,0.0,51.84
108313,2024-06-08,Water Bottle,Fitness,East,Online,1,12.69,0.0,12.69
108312,2024-06-08,Office Chair,Furniture,South,Online,1,148.86,0.0,148.86
108311,2024-06-08,Office Chair,Furniture,South,Online,3,147.55,0.0,442.65
108310,2024-06-08,Water Bottle,Fitness,South,In-Store,1,13.05,0.0,13.05
108317,2024-06-08,Yoga Mat,Fitness,South,Online,2,22.35,0.0,44.7
108337,2024-06-09,Noise-Cancel Headphones,Electronics,West,Online,1,130.05,0.0,130.05
108336,2024-06-09,Resistance Bands,Fitness,East,Online,1,13.96,0.0,13.96
108333,2024-06-09,USB-C Hub,Electronics,South,Online,1,29.17,0.0,29.17
108335,2024-06-09,Notebook Set,Stationery,North,Online,1,9.07,0.0,9.07
108334,2024-06-09,Planner,Stationery,South,Online,2,16.39,0.0,32.78
108332,2024-06-09,Water Bottle,Fitness,North,In-Store,1,12.72,0.0,12.72
108327,2024-06-09,Noise-Cancel Headphones,Electronics,Central,Online,1,121.19,0.1,121.19
108330,2024-06-09,Standing Desk,Furniture,East,Online,1,296.01,0.0,296.01
108329,2024-06-09,Planner,Stationery,Central,In-Store,1,15.8,0.0,15.8
108328,2024-06-09,Resistance Bands,Fitness,South,Online,2,14.79,0.0,29.58
108326,2024-06-09,Wireless Mouse,Electronics,North,In-Store,1,16.93,0.1,16.93
108325,2024-06-09,Office Chair,Furniture,North,Online,2,150.38,0.0,300.76
108331,2024-06-09,Fountain Pen,Stationery,West,Online,2,20.2,0.0,40.4
108324,2024-06-09,Running Shoes,Fitness,West,Online,1,76.46,0.0,76.46
108349,2024-06-10,Planner,Stationery,South,In-Store,1,16.37,0.0,16.37
108348,2024-06-10,Mechanical Keyboard,Electronics,East,Online,1,66.75,0.0,66.75
108347,2024-06-10,Desk Lamp,Furniture,South,Online,2,23.65,0.0,47.3
108346,2024-06-10,Fountain Pen,Stationery,North,Online,4,19.75,0.0,79.0
108345,2024-06-10,USB-C Hub,Electronics,South,Online,1,27.98,0.0,27.98
108344,2024-06-10,Dumbbell Set,Fitness,North,In-Store,1,80.87,0.1,80.87
108343,2024-06-10,Standing Desk,Furniture,West,In-Store,1,292.02,0.1,292.02
108342,2024-06-10,Bluetooth Speaker,Electronics,North,Online,2,47.86,0.0,95.72
108341,2024-06-10,Bookshelf,Furniture,South,In-Store,1,121.42,0.0,121.42
108340,2024-06-10,Yoga Mat,Fitness,South,In-Store,3,22.54,0.0,67.62
108339,2024-06-10,Standing Desk,Furniture,North,Online,4,271.51,0.1,1086.04
108338,2024-06-10,Planner,Stationery,West,Online,1,12.9,0.15,12.9
108360,2024-06-11,Fountain Pen,Stationery,East,Online,1,18.9,0.0,18.9
108359,2024-06-11,Running Shoes,Fitness,East,Online,1,72.58,0.0,72.58
108358,2024-06-11,Yoga Mat,Fitness,West,Online,2,21.36,0.0,42.72
108356,2024-06-11,Desk Lamp,Furniture,North,Online,1,24.81,0.0,24.81
108357,2024-06-11,Mechanical Keyboard,Electronics,South,Online,2,62.31,0.0,124.62
108354,2024-06-11,Fountain Pen,Stationery,North,Online,1,20.6,0.0,20.6
108353,2024-06-11,Office Chair,Furniture,North,Online,1,158.55,0.0,158.55
108352,2024-06-11,USB-C Hub,Electronics,East,Online,1,29.69,0.0,29.69
108351,2024-06-11,Standing Desk,Furniture,South,Online,1,237.38,0.2,237.38
108350,2024-06-11,Yoga Mat,Fitness,West,Online,1,23.08,0.0,23.08
108355,2024-06-11,Water Bottle,Fitness,West,Online,1,13.36,0.0,13.36
108369,2024-06-12,Dumbbell Set,Fitness,Central,Online,2,90.21,0.0,180.42
108376,2024-06-12,Planner,Stationery,West,In-Store,1,15.88,0.0,15.88
108375,2024-06-12,Mechanical Keyboard,Electronics,South,Online,1,55.48,0.15,55.48
108374,2024-06-12,Running Shoes,Fitness,South,Online,1,76.21,0.0,76.21
108373,2024-06-12,Noise-Cancel Headphones,Electronics,West,Online,3,132.67,0.0,398.01
108372,2024-06-12,Fountain Pen,Stationery,South,In-Store,1,20.9,0.0,20.9
108371,2024-06-12,Standing Desk,Furniture,South,Online,1,294.36,0.0,294.36
108368,2024-06-12,Desk Lamp,Furniture,West,Online,1,21.94,0.1,21.94
108367,2024-06-12,Notebook Set,Stationery,West,Online,1,9.17,0.0,9.17
108366,2024-06-12,Standing Desk,Furniture,East,Online,1,304.17,0.0,304.17
108365,2024-06-12,Mechanical Keyboard,Electronics,Central,In-Store,3,65.85,0.0,197.55
108364,2024-06-12,Yoga Mat,Fitness,West,In-Store,1,20.36,0.0,20.36
108363,2024-06-12,Resistance Bands,Fitness,South,In-Store,1,14.4,0.0,14.4
108362,2024-06-12,Running Shoes,Fitness,Central,Online,4,78.34,0.0,313.36
108361,2024-06-12,Dumbbell Set,Fitness,Central,Online,1,91.77,0.0,91.77
108370,2024-06-12,Mechanical Keyboard,Electronics,South,Online,1,51.24,0.2,51.24
108385,2024-06-13,Mechanical Keyboard,Electronics,Central,Online,1,54.43,0.15,54.43
108384,2024-06-13,Noise-Cancel Headphones,Electronics,North,Online,1,126.65,0.0,126.65
108386,2024-06-13,Office Chair,Furniture,South,Online,1,150.48,0.0,150.48
108383,2024-06-13,Bluetooth Speaker,Electronics,Central,Online,2,46.69,0.0,93.38
108377,2024-06-13,Standing Desk,Furniture,East,Online,1,297.45,0.0,297.45
108381,2024-06-13,Bluetooth Speaker,Electronics,South,Online,1,40.35,0.15,40.35
108380,2024-06-13,Notebook Set,Stationery,South,Online,1,8.93,0.0,8.93
108379,2024-06-13,Water Bottle,Fitness,North,Online,2,13.64,0.0,27.28
108378,2024-06-13,Desk Lamp,Furniture,North,In-Store,3,25.13,0.0,75.39
108382,2024-06-13,Water Bottle,Fitness,Central,In-Store,1,13.28,0.0,13.28
108388,2024-06-14,Dumbbell Set,Fitness,North,Online,2,94.6,0.0,189.2
108401,2024-06-14,Water Bottle,Fitness,South,In-Store,1,11.46,0.15,11.46
108400,2024-06-14,Office Chair,Furniture,South,Online,2,149.88,0.0,299.76
108399,2024-06-14,Standing Desk,Furniture,Central,Online,1,304.13,0.0,304.13
108398,2024-06-14,Yoga Mat,Fitness,West,Online,1,22.24,0.0,22.24
108397,2024-06-14,Planner,Stationery,North,Online,2,15.97,0.0,31.94
108396,2024-06-14,Bookshelf,Furniture,South,Online,1,94.17,0.2,94.17
108394,2024-06-14,Standing Desk,Furniture,West,In-Store,1,308.32,0.0,308.32
108393,2024-06-14,Bookshelf,Furniture,Central,Online,1,115.37,0.0,115.37
108392,2024-06-14,Notebook Set,Stationery,North,Online,1,8.09,0.1,8.09
108391,2024-06-14,Standing Desk,Furniture,East,Online,1,292.52,0.0,292.52
108390,2024-06-14,Resistance Bands,Fitness,South,In-Store,1,13.99,0.0,13.99
108389,2024-06-14,Desk Lamp,Furniture,East,Online,1,25.99,0.0,25.99
108388,2024-06-14,Dumbbell Set,Fitness,North,Online,2,94.6,0.0,189.2
108387,2024-06-14,Planner,Stationery,East,Online,1,14.12,0.1,14.12
108395,2024-06-14,Water Bottle,Fitness,South,Online,2,13.0,0.0,26.0
108411,2024-06-15,Yoga Mat,Fitness,West,Online,1,22.37,0.0,22.37
108413,2024-06-15,Planner,Stationery,South,Online,1,15.87,0.0,15.87
108412,2024-06-15,Dumbbell Set,Fitness,East,In-Store,1,89.22,0.0,89.22
108410,2024-06-15,Water Bottle,Fitness,North,Online,1,13.11,0.0,13.11
108402,2024-06-15,Office Chair,Furniture,South,In-Store,1,153.95,0.0,153.95
108408,2024-06-15,Wireless Mouse,Electronics,South,Online,1,17.56,0.1,17.56
108407,2024-06-15,Wireless Mouse,Electronics,North,In-Store,1,19.02,0.0,19.02
108406,2024-06-15,Bookshelf,Furniture,East,Online,2,118.46,0.0,236.92
108405,2024-06-15,Bluetooth Speaker,Electronics,West,Online,1,47.16,0.0,47.16
108404,2024-06-15,Bluetooth Speaker,Electronics,North,In-Store,1,45.53,0.0,45.53
108403,2024-06-15,Resistance Bands,Fitness,North,In-Store,1,14.17,0.0,14.17
108409,2024-06-15,Running Shoes,Fitness,North,In-Store,1,73.47,0.0,73.47
108428,2024-06-16,Resistance Bands,Fitness,Central,In-Store,2,14.66,0.0,29.32
108427,2024-06-16,Wireless Mouse,Electronics,North,Online,1,19.51,0.0,19.51
108426,2024-06-16,Wireless Mouse,Electronics,East,Online,1,18.57,0.0,18.57
108425,2024-06-16,Desk Lamp,Furniture,North,Online,2,24.04,0.0,48.08
108423,2024-06-16,USB-C Hub,Electronics,East,In-Store,2,24.86,0.15,49.72
108424,2024-06-16,Fountain Pen,Stationery,East,In-Store,1,18.57,0.0,18.57
108421,2024-06-16,Yoga Mat,Fitness,South,In-Store,1,21.39,0.0,21.39
108415,2024-06-16,Dumbbell Set,Fitness,East,Online,2,89.91,0.0,179.82
108414,2024-06-16,Resistance Bands,Fitness,South,In-Store,1,15.1,0.0,15.1
108416,2024-06-16,Yoga Mat,Fitness,West,Online,1,22.14,0.0,22.14
108422,2024-06-16,Yoga Mat,Fitness,Central,Online,2,22.01,0.0,44.02
108418,2024-06-16,Desk Lamp,Furniture,East,Online,1,26.07,0.0,26.07
108419,2024-06-16,Office Chair,Furniture,South,Online,4,149.57,0.0,598.28
108420,2024-06-16,Wireless Mouse,Electronics,West,In-Store,1,19.18,0.0,19.18
108417,2024-06-16,Standing Desk,Furniture,South,Online,1,299.56,0.0,299.56
108432,2024-06-17,Wireless Mouse,Electronics,South,In-Store,1,19.16,0.0,19.16
108433,2024-06-17,USB-C Hub,Electronics,South,In-Store,4,32.4,0.0,129.6
108434,2024-06-17,Planner,Stationery,East,In-Store,1,14.03,0.15,14.03
108435,2024-06-17,Resistance Bands,Fitness,Central,Online,1,14.3,0.0,14.3
108436,2024-06-17,Standing Desk,Furniture,North,In-Store,1,298.23,0.0,298.23
108437,2024-06-17,Bluetooth Speaker,Electronics,South,In-Store,1,46.39,0.0,46.39
108438,2024-06-17,Running Shoes,Fitness,Central,In-Store,1,77.61,0.0,77.61
108439,2024-06-17,Water Bottle,Fitness,South,In-Store,1,13.21,0.0,13.21
108440,2024-06-17,Resistance Bands,Fitness,West,In-Store,1,12.44,0.15,12.44
108441,2024-06-17,Desk Lamp,Furniture,South,Online,1,23.9,0.0,23.9
108431,2024-06-17,Yoga Mat,Fitness,North,Online,4,23.06,0.0,92.24
108430,2024-06-17,Standing Desk,Furniture,South,In-Store,3,291.96,0.0,875.88
108429,2024-06-17,Yoga Mat,Fitness,South,Online,4,21.95,0.0,87.8
108448,2024-06-18,Wireless Mouse,Electronics,East,Online,1,16.88,0.1,16.88
108447,2024-06-18,Noise-Cancel Headphones,Electronics,West,Online,1,114.66,0.1,114.66
108449,2024-06-18,Wireless Mouse,Electronics,Central,Online,2,19.32,0.0,38.64
108445,2024-06-18,USB-C Hub,Electronics,South,Online,1,28.57,0.0,28.57
108442,2024-06-18,Yoga Mat,Fitness,North,In-Store,1,22.64,0.0,22.64
108443,2024-06-18,Mechanical Keyboard,Electronics,Central,Online,1,60.12,0.1,60.12
108444,2024-06-18,Fountain Pen,Stationery,East,In-Store,1,17.35,0.15,17.35
108446,2024-06-18,Bluetooth Speaker,Electronics,South,In-Store,1,44.98,0.0,44.98
108458,2024-06-19,Planner,Stationery,North,Online,1,14.91,0.0,14.91
108456,2024-06-19,Wireless Mouse,Electronics,West,In-Store,3,18.37,0.0,55.11
108457,2024-06-19,Resistance Bands,Fitness,West,In-Store,1,14.97,0.0,14.97
108454,2024-06-19,Office Chair,Furniture,Central,In-Store,1,155.42,0.0,155.42
108453,2024-06-19,Yoga Mat,Fitness,South,Online,1,21.63,0.0,21.63
108452,2024-06-19,Resistance Bands,Fitness,Central,Online,1,13.92,0.0,13.92
108451,2024-06-19,Wireless Mouse,Electronics,South,Online,1,18.78,0.0,18.78
108450,2024-06-19,Resistance Bands,Fitness,North,Online,1,15.06,0.0,15.06
108455,2024-06-19,Noise-Cancel Headphones,Electronics,Central,Online,1,128.44,0.0,128.44
108474,2024-06-20,Water Bottle,Fitness,East,Online,1,13.18,0.0,13.18
108469,2024-06-20,Office Chair,Furniture,North,Online,2,156.92,0.0,313.84
108472,2024-06-20,Wireless Mouse,Electronics,West,Online,1,18.32,0.1,18.32
108470,2024-06-20,Office Chair,Furniture,South,Online,2,149.79,0.0,299.58
108468,2024-06-20,Dumbbell Set,Fitness,East,Online,2,84.4,0.0,168.8
108473,2024-06-20,Notebook Set,Stationery,East,In-Store,3,7.95,0.1,23.85
108466,2024-06-20,Wireless Mouse,Electronics,Central,Online,1,18.33,0.0,18.33
108459,2024-06-20,Running Shoes,Fitness,North,In-Store,1,75.68,0.0,75.68
108460,2024-06-20,Noise-Cancel Headphones,Electronics,North,In-Store,1,126.79,0.0,126.79
108467,2024-06-20,Noise-Cancel Headphones,Electronics,East,Online,2,137.33,0.0,274.66
108461,2024-06-20,Dumbbell Set,Fitness,North,In-Store,1,93.68,0.0,93.68
108471,2024-06-20,Notebook Set,Stationery,North,Online,1,9.35,0.0,9.35
108463,2024-06-20,Standing Desk,Furniture,East,In-Store,1,264.66,0.1,264.66
108465,2024-06-20,USB-C Hub,Electronics,Central,Online,2,29.84,0.0,59.68
108464,2024-06-20,Bluetooth Speaker,Electronics,East,Online,1,45.4,0.0,45.4
108462,2024-06-20,Wireless Mouse,Electronics,South,Online,1,18.85,0.0,18.85
108475,2024-06-21,Noise-Cancel Headphones,Electronics,South,Online,1,126.29,0.0,126.29
108476,2024-06-21,Mechanical Keyboard,Electronics,West,Online,1,66.16,0.0,66.16
108477,2024-06-21,Running Shoes,Fitness,West,Online,1,70.52,0.1,70.52
108478,2024-06-21,Mechanical Keyboard,Electronics,North,In-Store,2,64.29,0.0,128.58
108479,2024-06-21,Bluetooth Speaker,Electronics,Central,In-Store,1,44.55,0.0,44.55
108480,2024-06-21,Desk Lamp,Furniture,South,In-Store,1,24.32,0.0,24.32
108490,2024-06-22,Bookshelf,Furniture,West,In-Store,1,123.32,0.0,123.32
108489,2024-06-22,Noise-Cancel Headphones,Electronics,West,In-Store,2,128.89,0.0,257.78
108488,2024-06-22,Mechanical Keyboard,Electronics,North,Online,1,54.54,0.2,54.54
108491,2024-06-22,Bookshelf,Furniture,East,In-Store,1,99.47,0.2,99.47
108486,2024-06-22,Mechanical Keyboard,Electronics,East,Online,1,62.77,0.0,62.77
108485,2024-06-22,Bluetooth Speaker,Electronics,West,In-Store,2,44.82,0.0,89.64
108484,2024-06-22,Wireless Mouse,Electronics,South,Online,1,19.82,0.0,19.82
108481,2024-06-22,Fountain Pen,Stationery,South,Online,1,19.56,0.0,19.56
108482,2024-06-22,Standing Desk,Furniture,South,Online,1,288.94,0.0,288.94
108483,2024-06-22,Notebook Set,Stationery,South,In-Store,1,9.03,0.0,9.03
108487,2024-06-22,Mechanical Keyboard,Electronics,East,In-Store,1,57.64,0.1,57.64
108505,2024-06-23,Fountain Pen,Stationery,North,Online,1,19.47,0.0,19.47
108504,2024-06-23,Desk Lamp,Furniture,East,Online,1,24.27,0.0,24.27
108503,2024-06-23,Dumbbell Set,Fitness,Central,Online,1,90.94,0.0,90.94
108502,2024-06-23,Resistance Bands,Fitness,South,Online,2,15.36,0.0,30.72
108500,2024-06-23,Resistance Bands,Fitness,North,Online,1,14.58,0.0,14.58
108501,2024-06-23,Dumbbell Set,Fitness,North,In-Store,1,89.79,0.0,89.79
108498,2024-06-23,Planner,Stationery,East,Online,1,14.43,0.1,14.43
108497,2024-06-23,Resistance Bands,Fitness,Central,In-Store,1,15.14,0.0,15.14
108496,2024-06-23,Bluetooth Speaker,Electronics,North,Online,2,44.8,0.0,89.6
108495,2024-06-23,Noise-Cancel Headphones,Electronics,South,Online,1,127.65,0.0,127.65
108493,2024-06-23,Running Shoes,Fitness,North,Online,2,64.91,0.15,129.82
108492,2024-06-23,Desk Lamp,Furniture,West,Online,2,25.31,0.0,50.62
108499,2024-06-23,Planner,Stationery,Central,Online,2,15.9,0.0,31.8
108494,2024-06-23,Running Shoes,Fitness,East,Online,1,74.7,0.0,74.7
108517,2024-06-24,Office Chair,Furniture,East,Online,2,149.73,0.0,299.46
108523,2024-06-24,Noise-Cancel Headphones,Electronics,North,Online,1,124.84,0.0,124.84
108522,2024-06-24,Desk Lamp,Furniture,West,Online,1,24.95,0.0,24.95
108521,2024-06-24,Office Chair,Furniture,Central,Online,1,151.84,0.0,151.84
108520,2024-06-24,Planner,Stationery,Central,In-Store,1,16.74,0.0,16.74
108519,2024-06-24,Water Bottle,Fitness,South,Online,1,13.09,0.0,13.09
108518,2024-06-24,Bookshelf,Furniture,South,Online,2,108.5,0.1,217.0
108516,2024-06-24,Running Shoes,Fitness,South,In-Store,2,69.71,0.1,139.42
108514,2024-06-24,Notebook Set,Stationery,East,Online,1,8.97,0.0,8.97
108506,2024-06-24,Mechanical Keyboard,Electronics,East,Online,2,65.59,0.0,131.18
108507,2024-06-24,Wireless Mouse,Electronics,North,Online,1,18.94,0.0,18.94
108515,2024-06-24,Bluetooth Speaker,Electronics,South,Online,1,43.47,0.0,43.47
108508,2024-06-24,Noise-Cancel Headphones,Electronics,East,Online,1,134.89,0.0,134.89
108513,2024-06-24,Mechanical Keyboard,Electronics,East,Online,3,60.82,0.0,182.46
108510,2024-06-24,Running Shoes,Fitness,South,Online,1,60.78,0.15,60.78
108512,2024-06-24,Notebook Set,Stationery,Central,Online,1,7.66,0.15,7.66
108509,2024-06-24,Dumbbell Set,Fitness,North,In-Store,1,93.45,0.0,93.45
108511,2024-06-24,Bluetooth Speaker,Electronics,Central,Online,1,43.45,0.0,43.45
108536,2024-06-25,Desk Lamp,Furniture,North,Online,3,24.56,0.0,73.68
108535,2024-06-25,Bookshelf,Furniture,South,In-Store,1,104.23,0.15,104.23
108534,2024-06-25,Water Bottle,Fitness,South,In-Store,2,13.11,0.0,26.22
108532,2024-06-25,Dumbbell Set,Fitness,West,Online,2,92.98,0.0,185.96
108533,2024-06-25,Running Shoes,Fitness,North,Online,1,76.86,0.0,76.86
108530,2024-06-25,Resistance Bands,Fitness,East,In-Store,1,13.75,0.0,13.75
108529,2024-06-25,Fountain Pen,Stationery,South,Online,3,19.92,0.0,59.76
108528,2024-06-25,Fountain Pen,Stationery,West,In-Store,1,18.23,0.1,18.23
108527,2024-06-25,Notebook Set,Stationery,Central,In-Store,1,8.0,0.15,8.0
108526,2024-06-25,Notebook Set,Stationery,East,Online,1,7.11,0.2,7.11
108525,2024-06-25,Notebook Set,Stationery,North,Online,2,8.54,0.0,17.08
108524,2024-06-25,Water Bottle,Fitness,North,Online,1,13.49,0.0,13.49
108531,2024-06-25,Noise-Cancel Headphones,Electronics,South,Online,1,114.09,0.1,114.09
108547,2024-06-26,Fountain Pen,Stationery,South,Online,2,19.49,0.0,38.98
108550,2024-06-26,Bluetooth Speaker,Electronics,North,In-Store,1,41.07,0.1,41.07
108549,2024-06-26,Desk Lamp,Furniture,South,In-Store,2,24.39,0.0,48.78
108548,2024-06-26,USB-C Hub,Electronics,West,Online,1,28.33,0.1,28.33
108546,2024-06-26,USB-C Hub,Electronics,North,Online,2,30.32,0.0,60.64
108539,2024-06-26,Bluetooth Speaker,Electronics,North,Online,1,49.11,0.0,49.11
108544,2024-06-26,Running Shoes,Fitness,West,In-Store,1,73.01,0.0,73.01
108543,2024-06-26,Resistance Bands,Fitness,West,Online,1,14.23,0.0,14.23
108542,2024-06-26,Notebook Set,Stationery,Central,In-Store,3,8.86,0.0,26.58
108541,2024-06-26,Fountain Pen,Stationery,South,In-Store,1,19.8,0.0,19.8
108540,2024-06-26,Notebook Set,Stationery,North,Online,1,8.71,0.0,8.71
108538,2024-06-26,Planner,Stationery,West,In-Store,2,16.04,0.0,32.08
108537,2024-06-26,Resistance Bands,Fitness,West,Online,1,15.01,0.0,15.01
108545,2024-06-26,Wireless Mouse,Electronics,Central,In-Store,1,18.01,0.0,18.01
108558,2024-06-27,Wireless Mouse,Electronics,West,Online,1,16.4,0.1,16.4
108559,2024-06-27,Standing Desk,Furniture,East,In-Store,1,288.46,0.0,288.46
108557,2024-06-27,Office Chair,Furniture,East,In-Store,1,132.28,0.1,132.28
108560,2024-06-27,Desk Lamp,Furniture,North,Online,2,24.92,0.0,49.84
108555,2024-06-27,Mechanical Keyboard,Electronics,South,In-Store,1,66.76,0.0,66.76
108554,2024-06-27,Bookshelf,Furniture,West,Online,1,119.74,0.0,119.74
108553,2024-06-27,Office Chair,Furniture,South,Online,1,145.53,0.0,145.53
108551,2024-06-27,Office Chair,Furniture,East,In-Store,3,137.76,0.1,413.28
108556,2024-06-27,Fountain Pen,Stationery,East,In-Store,2,19.89,0.0,39.78
108552,2024-06-27,Dumbbell Set,Fitness,East,Online,1,91.62,0.0,91.62
108566,2024-06-28,Desk Lamp,Furniture,South,In-Store,1,23.52,0.0,23.52
108563,2024-06-28,Notebook Set,Stationery,North,Online,1,8.21,0.1,8.21
108564,2024-06-28,Resistance Bands,Fitness,South,Online,1,14.78,0.0,14.78
108561,2024-06-28,Bluetooth Speaker,Electronics,South,In-Store,3,46.96,0.0,140.88
108565,2024-06-28,Bluetooth Speaker,Electronics,North,Online,1,44.25,0.0,44.25
108562,2024-06-28,Noise-Cancel Headphones,Electronics,West,In-Store,1,128.06,0.0,128.06
108584,2024-06-29,Mechanical Keyboard,Electronics,East,Online,3,63.26,0.0,189.78
108583,2024-06-29,Wireless Mouse,Electronics,Central,In-Store,1,16.53,0.15,16.53
108582,2024-06-29,Planner,Stationery,East,In-Store,1,15.08,0.0,15.08
108580,2024-06-29,Dumbbell Set,Fitness,West,Online,1,93.25,0.0,93.25
108579,2024-06-29,Bluetooth Speaker,Electronics,North,Online,1,38.16,0.15,38.16
108578,2024-06-29,Mechanical Keyboard,Electronics,South,Online,1,64.11,0.0,64.11
108577,2024-06-29,Bluetooth Speaker,Electronics,North,Online,1,45.44,0.0,45.44
108581,2024-06-29,Mechanical Keyboard,Electronics,Central,Online,2,64.68,0.0,129.36
108575,2024-06-29,Dumbbell Set,Fitness,West,Online,2,88.47,0.0,176.94
108574,2024-06-29,Bookshelf,Furniture,West,In-Store,1,118.47,0.0,118.47
108573,2024-06-29,Standing Desk,Furniture,North,In-Store,2,307.3,0.0,614.6
108572,2024-06-29,Water Bottle,Fitness,East,Online,1,12.87,0.0,12.87
108571,2024-06-29,Planner,Stationery,Central,Online,1,16.79,0.0,16.79
108570,2024-06-29,Yoga Mat,Fitness,North,In-Store,1,19.21,0.1,19.21
108569,2024-06-29,Mechanical Keyboard,Electronics,East,In-Store,1,66.62,0.0,66.62
108568,2024-06-29,Yoga Mat,Fitness,West,In-Store,1,20.75,0.0,20.75
108567,2024-06-29,Noise-Cancel Headphones,Electronics,East,In-Store,2,109.72,0.15,219.44
108576,2024-06-29,Dumbbell Set,Fitness,North,Online,1,91.07,0.0,91.07
108598,2024-06-30,Dumbbell Set,Fitness,North,Online,2,87.85,0.0,175.7
108597,2024-06-30,Noise-Cancel Headphones,Electronics,East,In-Store,1,114.95,0.1,114.95
108596,2024-06-30,Mechanical Keyboard,Electronics,North,Online,2,62.71,0.0,125.42
108595,2024-06-30,Bookshelf,Furniture,West,Online,2,119.6,0.0,239.2
108594,2024-06-30,Standing Desk,Furniture,South,In-Store,1,306.26,0.0,306.26
108591,2024-06-30,Dumbbell Set,Fitness,East,In-Store,1,91.21,0.0,91.21
108592,2024-06-30,Desk Lamp,Furniture,West,Online,2,25.25,0.0,50.5
108590,2024-06-30,USB-C Hub,Electronics,East,Online,1,27.22,0.1,27.22
108589,2024-06-30,Planner,Stationery,South,Online,4,15.79,0.0,63.16
108588,2024-06-30,Desk Lamp,Furniture,Central,In-Store,1,24.26,0.0,24.26
108587,2024-06-30,Yoga Mat,Fitness,West,In-Store,2,21.5,0.0,43.0
108586,2024-06-30,Standing Desk,Furniture,North,Online,2,245.0,0.2,490.0
108593,2024-06-30,Wireless Mouse,Electronics,North,In-Store,2,18.72,0.0,37.44
108585,2024-06-30,Dumbbell Set,Fitness,North,In-Store,2,87.28,0.0,174.56
108606,2024-07-01,Mechanical Keyboard,Electronics,West,Online,1,62.34,0.0,62.34
108608,2024-07-01,Fountain Pen,Stationery,North,Online,2,20.85,0.0,41.7
108607,2024-07-01,Notebook Set,Stationery,Central,Online,1,8.49,0.1,8.49
108604,2024-07-01,Office Chair,Furniture,East,Online,2,151.13,0.0,302.26
108603,2024-07-01,Running Shoes,Fitness,East,In-Store,1,72.32,0.0,72.32
108600,2024-07-01,Planner,Stationery,East,In-Store,1,16.51,0.0,16.51
108599,2024-07-01,Fountain Pen,Stationery,Central,In-Store,1,19.69,0.0,19.69
108605,2024-07-01,Water Bottle,Fitness,South,Online,1,12.53,0.0,12.53
108601,2024-07-01,Office Chair,Furniture,West,In-Store,2,153.91,0.0,307.82
108602,2024-07-01,Fountain Pen,Stationery,West,Online,1,19.67,0.0,19.67
108610,2024-07-02,Water Bottle,Fitness,West,In-Store,1,11.57,0.1,11.57
108609,2024-07-02,Resistance Bands,Fitness,North,In-Store,2,14.2,0.0,28.4
108620,2024-07-02,Resistance Bands,Fitness,West,In-Store,1,11.74,0.2,11.74
108619,2024-07-02,Planner,Stationery,East,Online,1,15.94,0.0,15.94
108617,2024-07-02,Bookshelf,Furniture,North,Online,1,123.85,0.0,123.85
108618,2024-07-02,Desk Lamp,Furniture,Central,Online,1,26.01,0.0,26.01
108615,2024-07-02,Resistance Bands,Fitness,West,In-Store,1,14.49,0.0,14.49
108614,2024-07-02,Wireless Mouse,Electronics,North,In-Store,2,15.78,0.15,31.56
108613,2024-07-02,Wireless Mouse,Electronics,West,Online,1,18.78,0.0,18.78
108612,2024-07-02,Wireless Mouse,Electronics,South,Online,1,19.51,0.0,19.51
108611,2024-07-02,Notebook Set,Stationery,Central,Online,1,8.95,0.0,8.95
108616,2024-07-02,Water Bottle,Fitness,East,In-Store,1,13.67,0.0,13.67
108628,2024-07-03,Notebook Set,Stationery,West,Online,1,7.93,0.1,7.93
108629,2024-07-03,Office Chair,Furniture,North,Online,1,117.39,0.2,117.39
108627,2024-07-03,Bookshelf,Furniture,North,Online,2,115.55,0.0,231.1
108622,2024-07-03,Yoga Mat,Fitness,East,Online,1,19.9,0.1,19.9
108625,2024-07-03,Office Chair,Furniture,North,In-Store,1,147.59,0.0,147.59
108624,2024-07-03,Water Bottle,Fitness,West,In-Store,1,13.21,0.0,13.21
108623,2024-07-03,Bookshelf,Furniture,South,Online,2,118.11,0.0,236.22
108621,2024-07-03,USB-C Hub,Electronics,West,Online,2,30.16,0.0,60.32
108626,2024-07-03,Planner,Stationery,South,In-Store,2,15.66,0.0,31.32
108637,2024-07-04,USB-C Hub,Electronics,East,In-Store,1,30.53,0.0,30.53
108636,2024-07-04,Yoga Mat,Fitness,South,Online,1,21.16,0.0,21.16
108630,2024-07-04,Water Bottle,Fitness,South,Online,1,13.28,0.0,13.28
108634,2024-07-04,Desk Lamp,Furniture,Central,In-Store,3,25.96,0.0,77.88
108633,2024-07-04,Bookshelf,Furniture,South,In-Store,1,121.64,0.0,121.64
108632,2024-07-04,Notebook Set,Stationery,West,Online,3,8.71,0.0,26.13
108631,2024-07-04,Water Bottle,Fitness,East,Online,1,13.3,0.0,13.3
108635,2024-07-04,Standing Desk,Furniture,Central,Online,1,305.08,0.0,305.08
108638,2024-07-05,Bluetooth Speaker,Electronics,North,In-Store,2,44.81,0.0,89.62
108639,2024-07-05,Bluetooth Speaker,Electronics,North,In-Store,1,42.22,0.1,42.22
108640,2024-07-05,Desk Lamp,Furniture,East,Online,1,20.34,0.15,20.34
108641,2024-07-05,Resistance Bands,Fitness,Central,Online,1,14.48,0.0,14.48
108642,2024-07-05,Desk Lamp,Furniture,North,Online,1,25.04,0.0,25.04
108643,2024-07-05,Water Bottle,Fitness,West,Online,2,13.44,0.0,26.88
108644,2024-07-05,Bluetooth Speaker,Electronics,North,Online,3,45.4,0.0,136.2
108656,2024-07-06,Bluetooth Speaker,Electronics,West,Online,1,44.07,0.0,44.07
108655,2024-07-06,Bluetooth Speaker,Electronics,Central,In-Store,3,46.18,0.0,138.54
108654,2024-07-06,Running Shoes,Fitness,West,In-Store,1,78.74,0.0,78.74
108652,2024-07-06,Yoga Mat,Fitness,South,Online,1,21.99,0.0,21.99
108653,2024-07-06,Bookshelf,Furniture,South,Online,1,102.83,0.15,102.83
108650,2024-07-06,USB-C Hub,Electronics,West,In-Store,1,31.13,0.0,31.13
108645,2024-07-06,Mechanical Keyboard,Electronics,East,Online,1,65.12,0.0,65.12
108646,2024-07-06,Dumbbell Set,Fitness,East,Online,2,81.63,0.1,163.26
108651,2024-07-06,Standing Desk,Furniture,North,In-Store,1,294.16,0.0,294.16
108648,2024-07-06,USB-C Hub,Electronics,East,Online,1,27.07,0.1,27.07
108649,2024-07-06,USB-C Hub,Electronics,South,Online,1,30.77,0.0,30.77
108647,2024-07-06,Office Chair,Furniture,East,Online,2,156.31,0.0,312.62
108657,2024-07-07,Bookshelf,Furniture,South,In-Store,1,102.14,0.1,102.14
108669,2024-07-07,Noise-Cancel Headphones,Electronics,South,In-Store,1,121.84,0.0,121.84
108668,2024-07-07,Notebook Set,Stationery,Central,Online,2,7.86,0.1,15.72
108666,2024-07-07,Resistance Bands,Fitness,East,In-Store,2,13.19,0.1,26.38
108665,2024-07-07,Mechanical Keyboard,Electronics,East,In-Store,2,68.23,0.0,136.46
108667,2024-07-07,Bluetooth Speaker,Electronics,North,In-Store,3,43.93,0.0,131.79
108663,2024-07-07,Bluetooth Speaker,Electronics,Central,Online,2,46.0,0.0,92.0
108662,2024-07-07,Desk Lamp,Furniture,South,Online,1,25.7,0.0,25.7
108661,2024-07-07,Planner,Stationery,Central,In-Store,1,15.55,0.0,15.55
108660,2024-07-07,Dumbbell Set,Fitness,South,In-Store,3,86.14,0.0,258.42
108659,2024-07-07,Standing Desk,Furniture,Central,In-Store,1,298.43,0.0,298.43
108658,2024-07-07,Bookshelf,Furniture,Central,Online,1,111.86,0.0,111.86
108664,2024-07-07,Standing Desk,Furniture,West,In-Store,1,305.61,0.0,305.61
108682,2024-07-08,Dumbbell Set,Fitness,North,Online,1,89.85,0.0,89.85
108681,2024-07-08,Water Bottle,Fitness,Central,Online,1,12.26,0.0,12.26
108680,2024-07-08,Noise-Cancel Headphones,Electronics,West,In-Store,1,131.53,0.0,131.53
108679,2024-07-08,Fountain Pen,Stationery,North,Online,1,20.13,0.0,20.13
108678,2024-07-08,Planner,Stationery,South,In-Store,1,15.98,0.0,15.98
108676,2024-07-08,Planner,Stationery,East,In-Store,1,14.64,0.1,14.64
108675,2024-07-08,Bookshelf,Furniture,West,In-Store,2,128.67,0.0,257.34
108670,2024-07-08,Fountain Pen,Stationery,South,Online,1,19.76,0.0,19.76
108671,2024-07-08,Resistance Bands,Fitness,North,In-Store,1,14.16,0.0,14.16
108677,2024-07-08,Bluetooth Speaker,Electronics,North,Online,2,47.23,0.0,94.46
108674,2024-07-08,Resistance Bands,Fitness,East,Online,2,13.24,0.1,26.48
108672,2024-07-08,Desk Lamp,Furniture,Central,In-Store,1,25.45,0.0,25.45
108673,2024-07-08,Running Shoes,Fitness,Central,In-Store,1,76.17,0.0,76.17
108684,2024-07-09,Noise-Cancel Headphones,Electronics,East,In-Store,3,126.07,0.0,378.21
108685,2024-07-09,Notebook Set,Stationery,East,In-Store,1,8.94,0.0,8.94
108686,2024-07-09,Fountain Pen,Stationery,East,Online,1,20.0,0.0,20.0
108688,2024-07-09,Bookshelf,Furniture,South,Online,1,119.37,0.0,119.37
108689,2024-07-09,Planner,Stationery,South,Online,1,15.69,0.0,15.69
108683,2024-07-09,Resistance Bands,Fitness,South,Online,1,12.69,0.1,12.69
108687,2024-07-09,Wireless Mouse,Electronics,Central,Online,4,19.42,0.0,77.68
108697,2024-07-10,Planner,Stationery,North,Online,1,15.55,0.0,15.55
108700,2024-07-10,Mechanical Keyboard,Electronics,West,Online,1,58.42,0.1,58.42
108699,2024-07-10,Dumbbell Set,Fitness,West,In-Store,1,92.19,0.0,92.19
108698,2024-07-10,Wireless Mouse,Electronics,North,Online,1,16.91,0.15,16.91
108696,2024-07-10,Dumbbell Set,Fitness,Central,Online,1,92.11,0.0,92.11
108694,2024-07-10,Yoga Mat,Fitness,West,Online,1,19.78,0.1,19.78
108693,2024-07-10,Standing Desk,Furniture,West,Online,1,302.77,0.0,302.77
108692,2024-07-10,Noise-Cancel Headphones,Electronics,West,Online,1,128.2,0.0,128.2
108691,2024-07-10,Fountain Pen,Stationery,West,Online,1,19.68,0.0,19.68
108690,2024-07-10,Notebook Set,Stationery,South,Online,1,9.14,0.0,9.14
108695,2024-07-10,Desk Lamp,Furniture,North,Online,3,24.56,0.0,73.68
108712,2024-07-11,USB-C Hub,Electronics,North,In-Store,1,30.66,0.0,30.66
108711,2024-07-11,Dumbbell Set,Fitness,North,In-Store,1,93.57,0.0,93.57
108710,2024-07-11,Wireless Mouse,Electronics,East,Online,1,19.8,0.0,19.8
108709,2024-07-11,Standing Desk,Furniture,Central,In-Store,1,300.34,0.0,300.34
108707,2024-07-11,Mechanical Keyboard,Electronics,West,Online,1,53.51,0.2,53.51
108706,2024-07-11,Notebook Set,Stationery,North,In-Store,3,9.34,0.0,28.02
108705,2024-07-11,Water Bottle,Fitness,Central,In-Store,1,12.74,0.0,12.74
108704,2024-07-11,Wireless Mouse,Electronics,West,In-Store,2,18.73,0.0,37.46
108703,2024-07-11,Fountain Pen,Stationery,West,Online,1,19.69,0.0,19.69
108702,2024-07-11,Mechanical Keyboard,Electronics,South,In-Store,1,65.0,0.0,65.0
108701,2024-07-11,Water Bottle,Fitness,East,In-Store,2,13.27,0.0,26.54
108708,2024-07-11,Office Chair,Furniture,East,Online,1,128.8,0.15,128.8
108718,2024-07-12,Standing Desk,Furniture,Central,Online,1,293.52,0.0,293.52
108713,2024-07-12,Dumbbell Set,Fitness,South,Online,1,93.31,0.0,93.31
108716,2024-07-12,Dumbbell Set,Fitness,South,Online,2,86.24,0.0,172.48
108715,2024-07-12,Running Shoes,Fitness,East,Online,1,73.57,0.0,73.57
108714,2024-07-12,Mechanical Keyboard,Electronics,South,In-Store,1,66.97,0.0,66.97
108717,2024-07-12,Fountain Pen,Stationery,East,Online,2,20.46,0.0,40.92
108731,2024-07-13,Office Chair,Furniture,East,Online,1,155.26,0.0,155.26
108737,2024-07-13,Noise-Cancel Headphones,Electronics,West,Online,2,137.12,0.0,274.24
108736,2024-07-13,Running Shoes,Fitness,East,In-Store,1,78.24,0.0,78.24
108735,2024-07-13,Yoga Mat,Fitness,North,Online,1,18.77,0.15,18.77
108734,2024-07-13,Standing Desk,Furniture,East,In-Store,2,289.73,0.0,579.46
108733,2024-07-13,Dumbbell Set,Fitness,West,In-Store,1,87.63,0.0,87.63
108732,2024-07-13,USB-C Hub,Electronics,Central,Online,3,30.73,0.0,92.19
108730,2024-07-13,Notebook Set,Stationery,South,In-Store,1,8.86,0.0,8.86
108722,2024-07-13,Dumbbell Set,Fitness,East,Online,1,81.17,0.1,81.17
108728,2024-07-13,Bluetooth Speaker,Electronics,East,In-Store,3,47.7,0.0,143.1
108727,2024-07-13,Notebook Set,Stationery,Central,Online,1,9.01,0.0,9.01
108726,2024-07-13,Desk Lamp,Furniture,West,In-Store,2,24.44,0.0,48.88
108725,2024-07-13,Fountain Pen,Stationery,North,Online,1,18.93,0.0,18.93
108724,2024-07-13,USB-C Hub,Electronics,East,In-Store,3,28.58,0.0,85.74
108723,2024-07-13,Standing Desk,Furniture,North,Online,1,308.7,0.0,308.7
108721,2024-07-13,Standing Desk,Furniture,East,Online,1,274.24,0.1,274.24
108720,2024-07-13,Standing Desk,Furniture,South,Online,1,258.76,0.15,258.76
108719,2024-07-13,Yoga Mat,Fitness,West,In-Store,1,21.89,0.0,21.89
108729,2024-07-13,Standing Desk,Furniture,South,Online,1,312.62,0.0,312.62
108748,2024-07-14,Desk Lamp,Furniture,South,Online,2,24.38,0.0,48.76
108752,2024-07-14,USB-C Hub,Electronics,East,Online,1,29.96,0.0,29.96
108751,2024-07-14,Office Chair,Furniture,East,In-Store,1,150.48,0.0,150.48
108750,2024-07-14,Bookshelf,Furniture,North,Online,1,106.27,0.15,106.27
108749,2024-07-14,Standing Desk,Furniture,North,Online,2,284.98,0.0,569.96
108747,2024-07-14,Dumbbell Set,Fitness,North,Online,1,71.03,0.2,71.03
108742,2024-07-14,Office Chair,Furniture,East,Online,1,121.05,0.2,121.05
108745,2024-07-14,Resistance Bands,Fitness,North,Online,1,14.5,0.0,14.5
108744,2024-07-14,Running Shoes,Fitness,Central,In-Store,1,77.8,0.0,77.8
108743,2024-07-14,Bluetooth Speaker,Electronics,South,Online,1,47.07,0.0,47.07
108741,2024-07-14,Noise-Cancel Headphones,Electronics,Central,In-Store,3,102.76,0.2,308.28
108740,2024-07-14,Fountain Pen,Stationery,East,Online,4,19.55,0.0,78.2
108739,2024-07-14,Notebook Set,Stationery,South,Online,3,8.74,0.0,26.22
108738,2024-07-14,Yoga Mat,Fitness,Central,In-Store,1,22.26,0.0,22.26
108746,2024-07-14,Standing Desk,Furniture,East,Online,1,311.2,0.0,311.2
108760,2024-07-15,Mechanical Keyboard,Electronics,Central,Online,1,66.62,0.0,66.62
108763,2024-07-15,Resistance Bands,Fitness,West,In-Store,2,14.5,0.0,29.0
108762,2024-07-15,USB-C Hub,Electronics,West,Online,2,30.72,0.0,61.44
108761,2024-07-15,Planner,Stationery,West,Online,4,15.81,0.0,63.24
108758,2024-07-15,Bluetooth Speaker,Electronics,East,In-Store,1,44.15,0.0,44.15
108759,2024-07-15,USB-C Hub,Electronics,North,Online,1,26.32,0.1,26.32
108757,2024-07-15,Standing Desk,Furniture,North,Online,1,315.4,0.0,315.4
108756,2024-07-15,Standing Desk,Furniture,West,In-Store,1,301.73,0.0,301.73
108755,2024-07-15,Standing Desk,Furniture,North,Online,1,316.37,0.0,316.37
108754,2024-07-15,Resistance Bands,Fitness,North,In-Store,1,14.17,0.0,14.17
108753,2024-07-15,Dumbbell Set,Fitness,North,In-Store,1,84.69,0.0,84.69
108760,2024-07-15,Mechanical Keyboard,Electronics,Central,Online,1,66.62,0.0,66.62
108769,2024-07-16,Mechanical Keyboard,Electronics,North,Online,1,59.59,0.1,59.59
108767,2024-07-16,Desk Lamp,Furniture,South,Online,2,25.24,0.0,50.48
108766,2024-07-16,Notebook Set,Stationery,East,Online,2,7.62,0.15,15.24
108764,2024-07-16,Standing Desk,Furniture,North,Online,2,308.33,0.0,616.66
108765,2024-07-16,Planner,Stationery,South,Online,1,16.62,0.0,16.62
108768,2024-07-16,Notebook Set,Stationery,Central,Online,1,8.13,0.1,8.13
108776,2024-07-17,Resistance Bands,Fitness,East,In-Store,1,14.49,0.0,14.49
108770,2024-07-17,Office Chair,Furniture,North,Online,1,154.7,0.0,154.7
108774,2024-07-17,USB-C Hub,Electronics,West,Online,1,28.56,0.0,28.56
108773,2024-07-17,Planner,Stationery,West,In-Store,1,16.5,0.0,16.5
108772,2024-07-17,Fountain Pen,Stationery,East,Online,1,20.14,0.0,20.14
108771,2024-07-17,Planner,Stationery,North,Online,1,16.14,0.0,16.14
108775,2024-07-17,Bluetooth Speaker,Electronics,East,In-Store,1,45.59,0.0,45.59
108789,2024-07-18,Water Bottle,Fitness,West,Online,1,13.44,0.0,13.44
108793,2024-07-18,Planner,Stationery,East,In-Store,1,12.47,0.2,12.47
108792,2024-07-18,Resistance Bands,Fitness,North,Online,2,14.88,0.0,29.76
108791,2024-07-18,Bookshelf,Furniture,North,In-Store,1,113.84,0.0,113.84
108790,2024-07-18,Resistance Bands,Fitness,North,Online,1,13.62,0.1,13.62
108788,2024-07-18,Mechanical Keyboard,Electronics,West,Online,2,64.45,0.0,128.9
108778,2024-07-18,Wireless Mouse,Electronics,North,Online,1,19.04,0.0,19.04
108786,2024-07-18,Planner,Stationery,west,Online,1,15.1,0.0,15.1
108780,2024-07-18,Desk Lamp,Furniture,East,Online,1,22.57,0.1,22.57
108779,2024-07-18,Office Chair,Furniture,East,In-Store,1,156.68,0.0,156.68
108777,2024-07-18,Bluetooth Speaker,Electronics,East,Online,3,42.59,0.15,127.77
108781,2024-07-18,Water Bottle,Fitness,South,Online,2,13.54,0.0,27.08
108787,2024-07-18,Yoga Mat,Fitness,North,Online,2,17.22,0.2,34.44
108782,2024-07-18,Noise-Cancel Headphones,Electronics,Central,Online,1,110.66,0.1,110.66
108783,2024-07-18,Wireless Mouse,Electronics,North,In-Store,3,19.13,0.0,57.39
108784,2024-07-18,Notebook Set,Stationery,East,Online,1,9.17,0.0,9.17
108785,2024-07-18,Noise-Cancel Headphones,Electronics,Central,Online,2,121.17,0.0,242.34
108794,2024-07-19,Bookshelf,Furniture,North,Online,1,125.95,0.0,125.95
108806,2024-07-19,Bluetooth Speaker,Electronics,North,Online,2,46.19,0.0,92.38
108805,2024-07-19,Standing Desk,Furniture,South,Online,1,300.61,0.0,300.61
108804,2024-07-19,Mechanical Keyboard,Electronics,South,In-Store,1,64.75,0.0,64.75
108803,2024-07-19,Planner,Stationery,South,Online,2,15.51,0.0,31.02
108801,2024-07-19,Planner,Stationery,North,In-Store,2,16.27,0.0,32.54
108800,2024-07-19,Running Shoes,Fitness,South,Online,1,66.41,0.1,66.41
108799,2024-07-19,Planner,Stationery,West,Online,1,16.42,0.0,16.42
108798,2024-07-19,Mechanical Keyboard,Electronics,Central,Online,1,63.88,0.0,63.88
108797,2024-07-19,Mechanical Keyboard,Electronics,North,In-Store,1,64.42,0.0,64.42
108796,2024-07-19,Bluetooth Speaker,Electronics,East,In-Store,1,46.09,0.0,46.09
108795,2024-07-19,Office Chair,Furniture,West,Online,1,144.47,0.0,144.47
108802,2024-07-19,Notebook Set,Stationery,South,Online,2,8.9,0.0,17.8
108815,2024-07-20,Desk Lamp,Furniture,Central,Online,1,26.25,0.0,26.25
108814,2024-07-20,Bookshelf,Furniture,South,In-Store,3,122.8,0.0,368.4
108810,2024-07-20,Mechanical Keyboard,Electronics,East,In-Store,2,62.26,0.0,124.52
108812,2024-07-20,Bookshelf,Furniture,East,In-Store,2,117.51,0.0,235.02
108811,2024-07-20,Standing Desk,Furniture,Central,In-Store,3,310.62,0.0,931.86
108809,2024-07-20,Bookshelf,Furniture,South,In-Store,1,121.93,0.0,121.93
108808,2024-07-20,Office Chair,Furniture,South,Online,1,149.66,0.0,149.66
108807,2024-07-20,Mechanical Keyboard,Electronics,North,Online,1,65.82,0.0,65.82
108813,2024-07-20,Standing Desk,Furniture,South,In-Store,2,302.85,0.0,605.7
108828,2024-07-21,Resistance Bands,Fitness,East,Online,2,14.03,0.0,28.06
108833,2024-07-21,Noise-Cancel Headphones,Electronics,West,In-Store,4,134.82,0.0,539.28
108832,2024-07-21,Bookshelf,Furniture,East,Online,2,123.17,0.0,246.34
108831,2024-07-21,Fountain Pen,Stationery,Central,In-Store,2,20.41,0.0,40.82
108830,2024-07-21,Desk Lamp,Furniture,South,In-Store,1,21.09,0.2,21.09
108829,2024-07-21,Running Shoes,Fitness,West,In-Store,1,75.91,0.0,75.91
108827,2024-07-21,Mechanical Keyboard,Electronics,South,Online,1,63.9,0.0,63.9
108816,2024-07-21,USB-C Hub,Electronics,North,Online,1,23.57,0.2,23.57
108825,2024-07-21,Fountain Pen,Stationery,West,In-Store,1,20.87,0.0,20.87
108824,2024-07-21,Desk Lamp,Furniture,South,Online,2,25.67,0.0,51.34
108823,2024-07-21,Resistance Bands,Fitness,North,Online,1,14.42,0.0,14.42
108822,2024-07-21,Office Chair,Furniture,West,Online,1,152.06,0.0,152.06
108821,2024-07-21,Bookshelf,Furniture,East,In-Store,1,119.21,0.0,119.21
108820,2024-07-21,Yoga Mat,Fitness,South,Online,2,22.11,0.0,44.22
108819,2024-07-21,Wireless Mouse,Electronics,North,In-Store,1,18.24,0.0,18.24
108818,2024-07-21,Desk Lamp,Furniture,North,In-Store,1,26.24,0.0,26.24
108817,2024-07-21,Running Shoes,Fitness,Central,Online,1,76.33,0.0,76.33
108826,2024-07-21,Water Bottle,Fitness,West,In-Store,1,10.7,0.2,10.7
108839,2024-07-22,Dumbbell Set,Fitness,South,In-Store,1,90.76,0.0,90.76
108840,2024-07-22,Planner,Stationery,North,In-Store,1,15.43,0.0,15.43
108834,2024-07-22,Notebook Set,Stationery,North,Online,2,9.32,0.0,18.64
108837,2024-07-22,Running Shoes,Fitness,West,Online,1,74.74,0.0,74.74
108838,2024-07-22,Dumbbell Set,Fitness,East,Online,1,90.17,0.0,90.17
108836,2024-07-22,Planner,Stationery,East,Online,1,15.31,0.0,15.31
108835,2024-07-22,Mechanical Keyboard,Electronics,East,In-Store,2,64.58,0.0,129.16
108841,2024-07-23,Mechanical Keyboard,Electronics,West,Online,1,65.24,0.0,65.24
108842,2024-07-23,Standing Desk,Furniture,East,Online,1,304.05,0.0,304.05
108843,2024-07-23,Fountain Pen,Stationery,North,In-Store,1,19.53,0.0,19.53
108844,2024-07-23,Desk Lamp,Furniture,South,Online,1,23.94,0.0,23.94
108845,2024-07-23,Water Bottle,Fitness,North,In-Store,2,13.31,0.0,26.62
108846,2024-07-23,Noise-Cancel Headphones,Electronics,South,In-Store,1,131.38,0.0,131.38
108847,2024-07-23,Resistance Bands,Fitness,North,Online,1,13.55,0.0,13.55
108860,2024-07-24,Notebook Set,Stationery,Central,Online,1,9.05,0.0,9.05
108859,2024-07-24,Running Shoes,Fitness,Central,Online,2,75.63,0.0,151.26
108858,2024-07-24,Mechanical Keyboard,Electronics,South,Online,3,66.85,0.0,200.55
108857,2024-07-24,Bluetooth Speaker,Electronics,South,Online,1,46.14,0.0,46.14
108853,2024-07-24,Yoga Mat,Fitness,North,Online,1,21.51,0.0,21.51
108855,2024-07-24,Water Bottle,Fitness,West,In-Store,1,12.73,0.0,12.73
108854,2024-07-24,Wireless Mouse,Electronics,West,Online,3,18.7,0.0,56.1
108852,2024-07-24,Mechanical Keyboard,Electronics,West,In-Store,1,57.71,0.0,57.71
108851,2024-07-24,Office Chair,Furniture,Central,Online,1,146.38,0.0,146.38
108850,2024-07-24,Bluetooth Speaker,Electronics,North,In-Store,1,45.56,0.0,45.56
108849,2024-07-24,Mechanical Keyboard,Electronics,North,In-Store,1,65.22,0.0,65.22
108848,2024-07-24,Planner,Stationery,Central,In-Store,1,15.64,0.0,15.64
108856,2024-07-24,Dumbbell Set,Fitness,West,Online,1,92.71,0.0,92.71
108870,2024-07-25,Water Bottle,Fitness,West,In-Store,1,12.84,0.0,12.84
108871,2024-07-25,Noise-Cancel Headphones,Electronics,North,Online,1,126.85,0.0,126.85
108869,2024-07-25,Office Chair,Furniture,South,Online,2,149.44,0.0,298.88
108863,2024-07-25,Running Shoes,Fitness,Central,In-Store,1,76.28,0.0,76.28
108867,2024-07-25,Standing Desk,Furniture,South,In-Store,1,294.37,0.0,294.37
108866,2024-07-25,Planner,Stationery,South,Online,2,14.1,0.1,28.2
108865,2024-07-25,Desk Lamp,Furniture,East,Online,2,25.28,0.0,50.56
108864,2024-07-25,Wireless Mouse,Electronics,Central,In-Store,4,18.4,0.0,73.6
108862,2024-07-25,Water Bottle,Fitness,East,Online,1,12.84,0.0,12.84
108868,2024-07-25,Resistance Bands,Fitness,Central,Online,1,14.4,0.0,14.4
108861,2024-07-25,Bluetooth Speaker,Electronics,East,In-Store,1,45.09,0.0,45.09
108872,2024-07-26,Notebook Set,Stationery,Central,In-Store,2,9.23,0.0,18.46
108873,2024-07-26,Running Shoes,Fitness,West,In-Store,1,76.32,0.0,76.32
108874,2024-07-26,Notebook Set,Stationery,Central,In-Store,1,8.48,0.0,8.48
108875,2024-07-26,USB-C Hub,Electronics,North,Online,1,30.43,0.0,30.43
108876,2024-07-26,Office Chair,Furniture,North,Online,1,149.67,0.0,149.67
108877,2024-07-26,Planner,Stationery,North,Online,1,16.6,0.0,16.6
108878,2024-07-26,Desk Lamp,Furniture,North,Online,1,23.9,0.0,23.9
108879,2024-07-26,Planner,Stationery,North,Online,1,13.54,0.15,13.54
108889,2024-07-27,Yoga Mat,Fitness,West,In-Store,2,20.99,0.0,41.98
108890,2024-07-27,Office Chair,Furniture,South,In-Store,1,157.67,0.0,157.67
108888,2024-07-27,Fountain Pen,Stationery,West,In-Store,1,20.48,0.0,20.48
108884,2024-07-27,Running Shoes,Fitness,South,In-Store,1,67.64,0.1,67.64
108886,2024-07-27,Running Shoes,Fitness,North,Online,1,75.54,0.0,75.54
108883,2024-07-27,Bluetooth Speaker,Electronics,South,Online,1,45.96,0.0,45.96
108887,2024-07-27,Bookshelf,Furniture,South,Online,1,102.46,0.15,102.46
108882,2024-07-27,USB-C Hub,Electronics,South,Online,1,31.32,0.0,31.32
108881,2024-07-27,Mechanical Keyboard,Electronics,South,Online,2,66.01,0.0,132.02
108885,2024-07-27,Running Shoes,Fitness,West,In-Store,2,74.99,0.0,149.98
108880,2024-07-27,Standing Desk,Furniture,South,Online,1,296.17,0.0,296.17
108893,2024-07-28,Mechanical Keyboard,Electronics,North,In-Store,1,66.64,0.0,66.64
108894,2024-07-28,Notebook Set,Stationery,South,In-Store,1,8.83,0.0,8.83
108895,2024-07-28,Resistance Bands,Fitness,West,In-Store,2,14.51,0.0,29.02
108896,2024-07-28,Bookshelf,Furniture,North,Online,2,119.35,0.0,238.7
108897,2024-07-28,Noise-Cancel Headphones,Electronics,North,Online,1,105.46,0.15,105.46
108898,2024-07-28,Noise-Cancel Headphones,Electronics,South,Online,1,135.45,0.0,135.45
108899,2024-07-28,Noise-Cancel Headphones,Electronics,North,In-Store,1,120.76,0.1,120.76
108900,2024-07-28,Desk Lamp,Furniture,Central,Online,1,26.36,0.0,26.36
108891,2024-07-28,Bookshelf,Furniture,North,In-Store,1,122.99,0.0,122.99
108892,2024-07-28,Notebook Set,Stationery,North,In-Store,2,8.1,0.1,16.2
108912,2024-07-29,Running Shoes,Fitness,West,Online,2,73.44,0.0,146.88
108911,2024-07-29,Resistance Bands,Fitness,Central,Online,1,14.95,0.0,14.95
108910,2024-07-29,Desk Lamp,Furniture,Central,In-Store,1,24.01,0.0,24.01
108909,2024-07-29,USB-C Hub,Electronics,East,Online,1,30.61,0.0,30.61
108904,2024-07-29,Mechanical Keyboard,Electronics,South,Online,1,65.84,0.0,65.84
108907,2024-07-29,Mechanical Keyboard,Electronics,North,Online,2,65.32,0.0,130.64
108906,2024-07-29,Planner,Stationery,North,Online,1,15.94,0.0,15.94
108905,2024-07-29,Standing Desk,Furniture,Central,In-Store,1,327.16,0.0,327.16
108903,2024-07-29,Notebook Set,Stationery,East,In-Store,1,8.88,0.0,8.88
108901,2024-07-29,Notebook Set,Stationery,North,Online,2,8.0,0.1,16.0
108908,2024-07-29,USB-C Hub,Electronics,South,Online,1,26.11,0.15,26.11
108902,2024-07-29,Standing Desk,Furniture,South,In-Store,2,309.18,0.0,618.36
108913,2024-07-30,Resistance Bands,Fitness,West,In-Store,1,11.4,0.2,11.4
108916,2024-07-30,Mechanical Keyboard,Electronics,Central,Online,1,67.6,0.0,67.6
108914,2024-07-30,Desk Lamp,Furniture,West,Online,1,24.81,0.0,24.81
108915,2024-07-30,Notebook Set,Stationery,West,In-Store,1,9.0,0.0,9.0
108917,2024-07-31,Yoga Mat,Fitness,North,Online,1,22.1,0.0,22.1
108927,2024-07-31,Planner,Stationery,South,In-Store,1,15.65,0.0,15.65
108926,2024-07-31,Planner,Stationery,North,In-Store,1,15.78,0.0,15.78
108925,2024-07-31,Planner,Stationery,South,In-Store,1,13.0,0.2,13.0
108918,2024-07-31,Noise-Cancel Headphones,Electronics,South,Online,1,118.25,0.0,118.25
108923,2024-07-31,Standing Desk,Furniture,Central,In-Store,2,269.0,0.1,538.0
108922,2024-07-31,Planner,Stationery,South,Online,2,15.36,0.0,30.72
108921,2024-07-31,Desk Lamp,Furniture,North,In-Store,2,25.66,0.0,51.32
108920,2024-07-31,Bluetooth Speaker,Electronics,East,Online,1,43.81,0.0,43.81
108919,2024-07-31,Desk Lamp,Furniture,North,In-Store,1,24.27,0.0,24.27
108924,2024-07-31,Yoga Mat,Fitness,North,Online,1,21.57,0.0,21.57
108942,2024-08-01,Bookshelf,Furniture,South,In-Store,1,107.92,0.1,107.92
108948,2024-08-01,Fountain Pen,Stationery,Central,Online,2,20.91,0.0,41.82
108947,2024-08-01,Office Chair,Furniture,West,Online,1,147.43,0.0,147.43
108946,2024-08-01,Resistance Bands,Fitness,North,In-Store,1,14.57,0.0,14.57
108945,2024-08-01,Running Shoes,Fitness,East,Online,1,72.64,0.0,72.64
108944,2024-08-01,Bookshelf,Furniture,West,Online,1,119.4,0.0,119.4
108943,2024-08-01,Noise-Cancel Headphones,Electronics,South,In-Store,1,117.06,0.1,117.06
108941,2024-08-01,Water Bottle,Fitness,East,Online,1,13.06,0.0,13.06
108931,2024-08-01,Bluetooth Speaker,Electronics,Central,In-Store,1,40.29,0.1,40.29
108939,2024-08-01,Fountain Pen,Stationery,North,Online,3,20.91,0.0,62.73
108938,2024-08-01,Yoga Mat,Fitness,North,Online,1,23.24,0.0,23.24
108937,2024-08-01,USB-C Hub,Electronics,North,Online,1,25.64,0.15,25.64
108936,2024-08-01,Planner,Stationery,Central,In-Store,1,13.89,0.15,13.89
108935,2024-08-01,Planner,Stationery,West,Online,2,13.89,0.15,27.78
108934,2024-08-01,USB-C Hub,Electronics,South,Online,1,30.85,0.0,30.85
108933,2024-08-01,Standing Desk,Furniture,South,Online,1,276.93,0.1,276.93
108932,2024-08-01,USB-C Hub,Electronics,Central,In-Store,1,29.82,0.0,29.82
108928,2024-08-01,Resistance Bands,Fitness,South,In-Store,1,14.33,0.0,14.33
108929,2024-08-01,Resistance Bands,Fitness,Central,Online,1,14.71,0.0,14.71
108930,2024-08-01,Yoga Mat,Fitness,South,Online,2,22.15,0.0,44.3
108940,2024-08-01,Fountain Pen,Stationery,East,Online,1,20.91,0.0,20.91
108956,2024-08-02,Fountain Pen,Stationery,East,Online,1,19.6,0.0,19.6
108955,2024-08-02,USB-C Hub,Electronics,North,Online,2,30.79,0.0,61.58
108957,2024-08-02,Fountain Pen,Stationery,South,Online,2,19.6,0.0,39.2
108953,2024-08-02,USB-C Hub,Electronics,East,Online,3,30.79,0.0,92.37
108952,2024-08-02,Wireless Mouse,Electronics,East,In-Store,1,19.26,0.0,19.26
108949,2024-08-02,Wireless Mouse,Electronics,Central,Online,1,17.93,0.0,17.93
108950,2024-08-02,USB-C Hub,Electronics,North,In-Store,1,30.3,0.0,30.3
108951,2024-08-02,Desk Lamp,Furniture,North,Online,2,26.15,0.0,52.3
108954,2024-08-02,Resistance Bands,Fitness,North,Online,1,15.05,0.0,15.05
108964,2024-08-03,USB-C Hub,Electronics,South,Online,3,30.41,0.0,91.23
108965,2024-08-03,Mechanical Keyboard,Electronics,West,Online,2,65.29,0.0,130.58
108962,2024-08-03,Bookshelf,Furniture,North,Online,1,122.34,0.0,122.34
108961,2024-08-03,USB-C Hub,Electronics,West,Online,1,28.48,0.0,28.48
108960,2024-08-03,Notebook Set,Stationery,South,Online,1,8.41,0.1,8.41
108959,2024-08-03,Mechanical Keyboard,Electronics,Central,In-Store,2,57.43,0.1,114.86
108958,2024-08-03,Water Bottle,Fitness,Central,In-Store,2,12.34,0.0,24.68
108963,2024-08-03,Dumbbell Set,Fitness,West,Online,3,88.4,0.0,265.2
108977,2024-08-04,Notebook Set,Stationery,East,In-Store,2,8.79,0.0,17.58
108980,2024-08-04,Notebook Set,Stationery,East,Online,1,8.9,0.0,8.9
108979,2024-08-04,Water Bottle,Fitness,South,In-Store,2,12.87,0.0,25.74
108978,2024-08-04,Bluetooth Speaker,Electronics,North,Online,3,45.54,0.0,136.62
108976,2024-08-04,Noise-Cancel Headphones,Electronics,East,In-Store,1,129.85,0.0,129.85
108971,2024-08-04,Fountain Pen,Stationery,North,In-Store,1,19.82,0.0,19.82
108974,2024-08-04,Planner,Stationery,North,Online,2,16.04,0.0,32.08
108973,2024-08-04,Planner,Stationery,East,In-Store,1,16.04,0.0,16.04
108972,2024-08-04,Dumbbell Set,Fitness,South,Online,2,86.58,0.0,173.16
108966,2024-08-04,Notebook Set,Stationery,South,In-Store,2,9.17,0.0,18.34
108970,2024-08-04,Fountain Pen,Stationery,East,In-Store,2,19.82,0.0,39.64
108975,2024-08-04,Planner,Stationery,South,In-Store,3,15.35,0.0,46.05
108969,2024-08-04,Bookshelf,Furniture,North,In-Store,1,102.3,0.15,102.3
108968,2024-08-04,Yoga Mat,Fitness,North,Online,1,21.77,0.0,21.77
108967,2024-08-04,Notebook Set,Stationery,North,In-Store,2,9.17,0.0,18.34
108994,2024-08-05,Fountain Pen,Stationery,South,In-Store,1,19.89,0.0,19.89
108993,2024-08-05,Wireless Mouse,Electronics,North,In-Store,1,18.73,0.0,18.73
108992,2024-08-05,Standing Desk,Furniture,North,Online,1,286.43,0.0,286.43
108991,2024-08-05,Water Bottle,Fitness,South,In-Store,1,13.17,0.0,13.17
108990,2024-08-05,Bookshelf,Furniture,East,Online,1,122.18,0.0,122.18
108989,2024-08-05,Noise-Cancel Headphones,Electronics,West,Online,1,134.89,0.0,134.89
108988,2024-08-05,Wireless Mouse,Electronics,West,In-Store,2,15.84,0.15,31.68
108987,2024-08-05,Running Shoes,Fitness,North,Online,2,75.18,0.0,150.36
108986,2024-08-05,Noise-Cancel Headphones,Electronics,East,In-Store,1,129.35,0.0,129.35
108985,2024-08-05,Notebook Set,Stationery,Central,Online,1,9.71,0.0,9.71
108984,2024-08-05,Wireless Mouse,Electronics,South,Online,2,17.57,0.1,35.14
108983,2024-08-05,Office Chair,Furniture,North,Online,1,143.09,0.0,143.09
108982,2024-08-05,Planner,Stationery,West,Online,2,15.66,0.0,31.32
108981,2024-08-05,Planner,Stationery,North,Online,1,15.66,0.0,15.66
109007,2024-08-06,Resistance Bands,Fitness,Central,Online,1,14.05,0.0,14.05
109006,2024-08-06,Standing Desk,Furniture,South,Online,1,297.04,0.0,297.04
109005,2024-08-06,Bluetooth Speaker,Electronics,West,In-Store,4,45.33,0.0,181.32
109004,2024-08-06,Water Bottle,Fitness,Central,In-Store,1,12.67,0.0,12.67
108998,2024-08-06,Fountain Pen,Stationery,Central,Online,1,20.36,0.0,20.36
109002,2024-08-06,Notebook Set,Stationery,Central,Online,1,8.75,0.0,8.75
109001,2024-08-06,Notebook Set,Stationery,Central,Online,4,8.75,0.0,35.0
109000,2024-08-06,Yoga Mat,Fitness,North,In-Store,2,23.01,0.0,46.02
108999,2024-08-06,Resistance Bands,Fitness,West,In-Store,1,13.26,0.1,13.26
108997,2024-08-06,Fountain Pen,Stationery,North,Online,1,20.36,0.0,20.36
108996,2024-08-06,Planner,Stationery,Central,In-Store,2,16.22,0.0,32.44
108995,2024-08-06,Planner,Stationery,South,Online,1,16.22,0.0,16.22
109003,2024-08-06,Standing Desk,Furniture,South,In-Store,3,308.17,0.0,924.51
109024,2024-08-07,Fountain Pen,Stationery,South,In-Store,1,15.73,0.2,15.73
109025,2024-08-07,Desk Lamp,Furniture,South,Online,1,25.07,0.0,25.07
109026,2024-08-07,USB-C Hub,Electronics,North,In-Store,1,29.88,0.0,29.88
109030,2024-08-07,Noise-Cancel Headphones,Electronics,North,Online,1,131.58,0.0,131.58
109028,2024-08-07,Resistance Bands,Fitness,Central,In-Store,1,14.23,0.0,14.23
109029,2024-08-07,Resistance Bands,Fitness,North,Online,2,13.11,0.1,26.22
109023,2024-08-07,Office Chair,Furniture,East,In-Store,2,150.05,0.0,300.1
109027,2024-08-07,Resistance Bands,Fitness,Central,Online,2,14.75,0.0,29.5
109022,2024-08-07,Bluetooth Speaker,Electronics,North,In-Store,1,45.06,0.0,45.06
109020,2024-08-07,Standing Desk,Furniture,Central,Online,1,250.0,0.15,250.0
109008,2024-08-07,Bluetooth Speaker,Electronics,South,In-Store,2,47.65,0.0,95.3
109011,2024-08-07,USB-C Hub,Electronics,North,Online,1,29.6,0.0,29.6
109010,2024-08-07,Mechanical Keyboard,Electronics,North,Online,3,62.91,0.0,188.73
109021,2024-08-07,USB-C Hub,Electronics,South,Online,1,29.89,0.0,29.89
109012,2024-08-07,Bookshelf,Furniture,South,Online,1,115.8,0.0,115.8
109013,2024-08-07,Notebook Set,Stationery,West,Online,1,8.33,0.1,8.33
109009,2024-08-07,USB-C Hub,Electronics,South,In-Store,2,29.36,0.0,58.72
109015,2024-08-07,USB-C Hub,Electronics,South,In-Store,2,29.58,0.0,59.16
109016,2024-08-07,Bluetooth Speaker,Electronics,West,Online,1,46.82,0.0,46.82
109017,2024-08-07,Resistance Bands,Fitness,West,In-Store,1,14.76,0.0,14.76
109018,2024-08-07,Water Bottle,Fitness,East,Online,1,12.66,0.0,12.66
109019,2024-08-07,Notebook Set,Stationery,West,Online,2,9.09,0.0,18.18
109014,2024-08-07,Notebook Set,Stationery,Central,In-Store,2,8.33,0.1,16.66
109048,2024-08-08,Dumbbell Set,Fitness,South,Online,2,90.82,0.0,181.64
109047,2024-08-08,Water Bottle,Fitness,West,Online,2,13.12,0.0,26.24
109046,2024-08-08,Planner,Stationery,South,In-Store,2,15.83,0.0,31.66
109045,2024-08-08,Planner,Stationery,North,In-Store,2,15.83,0.0,31.66
109044,2024-08-08,Mechanical Keyboard,Electronics,South,Online,1,66.84,0.0,66.84
109042,2024-08-08,Notebook Set,Stationery,North,Online,1,9.31,0.0,9.31
109043,2024-08-08,Resistance Bands,Fitness,North,Online,2,14.38,0.0,28.76
109040,2024-08-08,Bluetooth Speaker,Electronics,South,Online,1,45.63,0.0,45.63
109031,2024-08-08,Yoga Mat,Fitness,South,Online,2,15.85,0.2,31.7
109032,2024-08-08,Running Shoes,Fitness,South,Online,2,73.97,0.0,147.94
109033,2024-08-08,USB-C Hub,Electronics,South,In-Store,1,30.46,0.0,30.46
109034,2024-08-08,Bluetooth Speaker,Electronics,South,Online,1,46.04,0.0,46.04
109041,2024-08-08,Notebook Set,Stationery,North,Online,1,9.31,0.0,9.31
109036,2024-08-08,Desk Lamp,Furniture,West,Online,2,25.56,0.0,51.12
109037,2024-08-08,Resistance Bands,Fitness,West,Online,1,13.7,0.1,13.7
109038,2024-08-08,Fountain Pen,Stationery,South,Online,2,19.2,0.0,38.4
109039,2024-08-08,Fountain Pen,Stationery,Central,In-Store,2,19.2,0.0,38.4
109035,2024-08-08,Bookshelf,Furniture,East,Online,1,124.53,0.0,124.53
109049,2024-08-09,Yoga Mat,Fitness,North,In-Store,1,22.19,0.0,22.19
109050,2024-08-09,Bluetooth Speaker,Electronics,West,In-Store,1,46.62,0.0,46.62
109052,2024-08-09,Planner,Stationery,West,In-Store,1,15.7,0.0,15.7
109053,2024-08-09,Noise-Cancel Headphones,Electronics,West,In-Store,2,130.64,0.0,261.28
109054,2024-08-09,Planner,Stationery,West,Online,2,15.51,0.0,31.02
109055,2024-08-09,Planner,Stationery,West,In-Store,2,15.51,0.0,31.02
109056,2024-08-09,Notebook Set,Stationery,South,In-Store,1,8.95,0.0,8.95
109051,2024-08-09,Standing Desk,Furniture,South,Online,1,302.14,0.0,302.14
109068,2024-08-10,Fountain Pen,Stationery,West,In-Store,2,18.95,0.0,37.9
109067,2024-08-10,Dumbbell Set,Fitness,South,In-Store,1,89.7,0.0,89.7
109070,2024-08-10,Mechanical Keyboard,Electronics,South,In-Store,1,64.13,0.0,64.13
109069,2024-08-10,Yoga Mat,Fitness,East,In-Store,1,20.75,0.0,20.75
109066,2024-08-10,Yoga Mat,Fitness,South,Online,1,22.32,0.0,22.32
109062,2024-08-10,Resistance Bands,Fitness,South,Online,2,13.61,0.1,27.22
109064,2024-08-10,Yoga Mat,Fitness,West,Online,2,21.79,0.0,43.58
109063,2024-08-10,Desk Lamp,Furniture,West,Online,1,25.83,0.0,25.83
109061,2024-08-10,Water Bottle,Fitness,South,Online,1,13.18,0.0,13.18
109060,2024-08-10,Resistance Bands,Fitness,Central,In-Store,3,14.87,0.0,44.61
109065,2024-08-10,Notebook Set,Stationery,East,Online,2,7.8,0.15,15.6
109057,2024-08-10,Dumbbell Set,Fitness,Central,Online,1,82.15,0.1,82.15
109058,2024-08-10,Standing Desk,Furniture,East,Online,1,278.79,0.0,278.79
109059,2024-08-10,Desk Lamp,Furniture,West,Online,1,23.8,0.0,23.8
109086,2024-08-11,Noise-Cancel Headphones,Electronics,East,Online,2,111.72,0.15,223.44
109085,2024-08-11,Bluetooth Speaker,Electronics,West,Online,2,48.03,0.0,96.06
109084,2024-08-11,Mechanical Keyboard,Electronics,North,Online,1,63.56,0.0,63.56
109083,2024-08-11,Bookshelf,Furniture,Central,In-Store,1,111.78,0.0,111.78
109082,2024-08-11,Notebook Set,Stationery,South,Online,1,9.15,0.0,9.15
109081,2024-08-11,USB-C Hub,Electronics,South,In-Store,1,30.48,0.0,30.48
109079,2024-08-11,Planner,Stationery,North,In-Store,1,15.93,0.0,15.93
109078,2024-08-11,Noise-Cancel Headphones,Electronics,North,Online,1,129.61,0.0,129.61
109077,2024-08-11,Water Bottle,Fitness,North,Online,1,13.53,0.0,13.53
109076,2024-08-11,Running Shoes,Fitness,West,Online,1,72.77,0.0,72.77
109075,2024-08-11,Standing Desk,Furniture,South,In-Store,1,283.3,0.0,283.3
109074,2024-08-11,Desk Lamp,Furniture,North,In-Store,2,21.14,0.15,42.28
109073,2024-08-11,Notebook Set,Stationery,West,Online,1,9.01,0.0,9.01
109072,2024-08-11,Notebook Set,Stationery,Central,Online,1,9.13,0.0,9.13
109071,2024-08-11,Notebook Set,Stationery,South,Online,1,9.13,0.0,9.13
109080,2024-08-11,Desk Lamp,Furniture,West,In-Store,1,23.19,0.0,23.19
109095,2024-08-12,Dumbbell Set,Fitness,Central,Online,1,88.79,0.0,88.79
109094,2024-08-12,Noise-Cancel Headphones,Electronics,East,In-Store,2,133.52,0.0,267.04
109092,2024-08-12,Wireless Mouse,Electronics,East,Online,1,19.27,0.0,19.27
109091,2024-08-12,Wireless Mouse,Electronics,East,In-Store,2,18.41,0.0,36.82
109087,2024-08-12,Desk Lamp,Furniture,Central,Online,1,25.65,0.0,25.65
109088,2024-08-12,Running Shoes,Fitness,West,In-Store,1,71.73,0.0,71.73
109089,2024-08-12,Yoga Mat,Fitness,Central,Online,2,21.36,0.0,42.72
109090,2024-08-12,Noise-Cancel Headphones,Electronics,North,Online,1,126.77,0.0,126.77
109093,2024-08-12,Yoga Mat,Fitness,Central,Online,1,19.92,0.1,19.92
109106,2024-08-13,Resistance Bands,Fitness,North,In-Store,2,14.86,0.0,29.72
109105,2024-08-13,Bookshelf,Furniture,East,Online,1,112.7,0.1,112.7
109104,2024-08-13,Notebook Set,Stationery,Central,Online,1,9.17,0.0,9.17
109103,2024-08-13,Notebook Set,Stationery,South,Online,3,9.03,0.0,27.09
109102,2024-08-13,Resistance Bands,Fitness,North,Online,1,13.74,0.1,13.74
109101,2024-08-13,Notebook Set,Stationery,West,Online,1,7.96,0.1,7.96
109100,2024-08-13,Notebook Set,Stationery,North,Online,1,7.96,0.1,7.96
109099,2024-08-13,Bluetooth Speaker,Electronics,Central,In-Store,1,46.7,0.0,46.7
109098,2024-08-13,Running Shoes,Fitness,North,In-Store,1,74.18,0.0,74.18
109097,2024-08-13,Office Chair,Furniture,West,Online,1,145.59,0.0,145.59
109096,2024-08-13,Yoga Mat,Fitness,South,Online,1,21.09,0.0,21.09
109121,2024-08-14,Bookshelf,Furniture,North,Online,1,107.47,0.1,107.47
109122,2024-08-14,Fountain Pen,Stationery,South,Online,1,19.96,0.0,19.96
109123,2024-08-14,Office Chair,Furniture,West,In-Store,1,150.24,0.0,150.24
109120,2024-08-14,Mechanical Keyboard,Electronics,West,In-Store,2,63.43,0.0,126.86
109125,2024-08-14,Fountain Pen,Stationery,South,In-Store,1,19.59,0.0,19.59
109126,2024-08-14,Bookshelf,Furniture,South,In-Store,1,122.15,0.0,122.15
109124,2024-08-14,Fountain Pen,Stationery,South,Online,1,19.59,0.0,19.59
109119,2024-08-14,Resistance Bands,Fitness,East,Online,1,13.76,0.0,13.76
109107,2024-08-14,Office Chair,Furniture,West,Online,1,148.83,0.0,148.83
109117,2024-08-14,Water Bottle,Fitness,South,Online,1,12.3,0.0,12.3
109116,2024-08-14,Office Chair,Furniture,South,In-Store,1,134.0,0.1,134.0
109115,2024-08-14,Running Shoes,Fitness,Central,Online,1,76.0,0.0,76.0
109114,2024-08-14,Bluetooth Speaker,Electronics,West,In-Store,1,40.39,0.1,40.39
109113,2024-08-14,Yoga Mat,Fitness,South,Online,1,21.43,0.0,21.43
109112,2024-08-14,Resistance Bands,Fitness,Central,Online,1,12.88,0.15,12.88
109111,2024-08-14,USB-C Hub,Electronics,West,Online,1,30.29,0.0,30.29
109108,2024-08-14,Fountain Pen,Stationery,North,Online,1,20.25,0.0,20.25
109109,2024-08-14,Fountain Pen,Stationery,West,Online,1,20.25,0.0,20.25
109110,2024-08-14,Wireless Mouse,Electronics,West,In-Store,1,18.73,0.0,18.73
109118,2024-08-14,Office Chair,Furniture,East,In-Store,1,148.97,0.0,148.97
109140,2024-08-15,USB-C Hub,Electronics,East,Online,2,25.72,0.1,51.44
109139,2024-08-15,Notebook Set,Stationery,South,Online,1,8.98,0.0,8.98
109138,2024-08-15,Notebook Set,Stationery,North,Online,2,8.98,0.0,17.96
109137,2024-08-15,Dumbbell Set,Fitness,North,In-Store,1,88.9,0.0,88.9
109136,2024-08-15,Water Bottle,Fitness,West,Online,1,13.01,0.0,13.01
109134,2024-08-15,Fountain Pen,Stationery,North,Online,1,19.82,0.0,19.82
109133,2024-08-15,USB-C Hub,Electronics,South,Online,1,30.1,0.0,30.1
109132,2024-08-15,Wireless Mouse,Electronics,North,Online,1,16.2,0.15,16.2
109131,2024-08-15,Office Chair,Furniture,East,Online,1,151.63,0.0,151.63
109130,2024-08-15,Standing Desk,Furniture,Central,In-Store,1,300.31,0.0,300.31
109129,2024-08-15,Office Chair,Furniture,North,In-Store,2,162.19,0.0,324.38
109128,2024-08-15,Fountain Pen,Stationery,North,In-Store,1,20.02,0.0,20.02
109127,2024-08-15,Standing Desk,Furniture,South,Online,2,298.94,0.0,597.88
109135,2024-08-15,Resistance Bands,Fitness,North,Online,1,13.61,0.1,13.61
109152,2024-08-16,Fountain Pen,Stationery,West,Online,1,16.46,0.15,16.46
109154,2024-08-16,Fountain Pen,Stationery,East,In-Store,1,19.64,0.0,19.64
109153,2024-08-16,Office Chair,Furniture,North,Online,1,150.56,0.0,150.56
109150,2024-08-16,Office Chair,Furniture,West,In-Store,1,153.11,0.0,153.11
109151,2024-08-16,Resistance Bands,Fitness,North,Online,2,14.84,0.0,29.68
109148,2024-08-16,Water Bottle,Fitness,Central,Online,1,11.38,0.15,11.38
109141,2024-08-16,Mechanical Keyboard,Electronics,East,In-Store,1,65.99,0.0,65.99
109147,2024-08-16,Water Bottle,Fitness,Central,Online,3,13.38,0.0,40.14
109146,2024-08-16,Water Bottle,Fitness,South,Online,1,12.8,0.0,12.8
109145,2024-08-16,Desk Lamp,Furniture,North,Online,1,21.24,0.15,21.24
109142,2024-08-16,Standing Desk,Furniture,North,Online,2,294.72,0.0,589.44
109143,2024-08-16,Fountain Pen,Stationery,North,Online,1,19.59,0.0,19.59
109144,2024-08-16,Noise-Cancel Headphones,Electronics,Central,In-Store,1,129.5,0.0,129.5
109149,2024-08-16,Wireless Mouse,Electronics,Central,In-Store,1,16.31,0.2,16.31
109165,2024-08-17,Mechanical Keyboard,Electronics,East,In-Store,1,64.88,0.0,64.88
109164,2024-08-17,Dumbbell Set,Fitness,Central,Online,1,69.6,0.2,69.6
109163,2024-08-17,Notebook Set,Stationery,South,Online,2,9.3,0.0,18.6
109162,2024-08-17,Notebook Set,Stationery,South,In-Store,1,9.3,0.0,9.3
109161,2024-08-17,USB-C Hub,Electronics,East,Online,1,28.14,0.0,28.14
109160,2024-08-17,Mechanical Keyboard,Electronics,East,In-Store,1,64.95,0.0,64.95
109159,2024-08-17,Planner,Stationery,North,In-Store,1,15.94,0.0,15.94
109158,2024-08-17,Bookshelf,Furniture,Central,Online,1,116.48,0.0,116.48
109157,2024-08-17,Running Shoes,Fitness,North,Online,1,73.29,0.0,73.29
109156,2024-08-17,Standing Desk,Furniture,Central,Online,2,309.66,0.0,619.32
109155,2024-08-17,USB-C Hub,Electronics,East,Online,1,31.71,0.0,31.71
109181,2024-08-18,Resistance Bands,Fitness,Central,Online,1,11.23,0.2,11.23
109180,2024-08-18,Desk Lamp,Furniture,North,In-Store,1,25.83,0.0,25.83
109179,2024-08-18,Bookshelf,Furniture,East,Online,2,119.72,0.0,239.44
109178,2024-08-18,Resistance Bands,Fitness,North,In-Store,1,12.61,0.15,12.61
109177,2024-08-18,Bluetooth Speaker,Electronics,South,In-Store,1,40.45,0.15,40.45
109176,2024-08-18,Notebook Set,Stationery,South,Online,2,8.4,0.0,16.8
109174,2024-08-18,Bookshelf,Furniture,North,In-Store,2,126.74,0.0,253.48
109173,2024-08-18,Fountain Pen,Stationery,North,In-Store,1,18.34,0.1,18.34
109172,2024-08-18,Planner,Stationery,Central,In-Store,1,16.05,0.0,16.05
109171,2024-08-18,Resistance Bands,Fitness,North,Online,1,14.71,0.0,14.71
109170,2024-08-18,Yoga Mat,Fitness,South,Online,1,22.35,0.0,22.35
109167,2024-08-18,Wireless Mouse,Electronics,South,Online,1,15.25,0.2,15.25
109168,2024-08-18,Dumbbell Set,Fitness,South,Online,1,84.92,0.1,84.92
109169,2024-08-18,Water Bottle,Fitness,North,In-Store,1,12.07,0.0,12.07
109166,2024-08-18,Wireless Mouse,Electronics,East,Online,1,18.43,0.0,18.43
109175,2024-08-18,Notebook Set,Stationery,East,Online,3,8.4,0.0,25.2
109189,2024-08-19,Standing Desk,Furniture,West,Online,1,256.74,0.15,256.74
109194,2024-08-19,Water Bottle,Fitness,East,In-Store,1,12.23,0.0,12.23
109193,2024-08-19,Desk Lamp,Furniture,East,Online,2,24.51,0.0,49.02
109192,2024-08-19,Mechanical Keyboard,Electronics,East,In-Store,2,70.29,0.0,140.58
109191,2024-08-19,Water Bottle,Fitness,West,Online,1,13.25,0.0,13.25
109187,2024-08-19,Dumbbell Set,Fitness,West,Online,1,77.81,0.1,77.81
109188,2024-08-19,Water Bottle,Fitness,South,Online,3,12.29,0.0,36.87
109186,2024-08-19,Dumbbell Set,Fitness,East,Online,2,85.53,0.0,171.06
109185,2024-08-19,Planner,Stationery,South,In-Store,2,15.79,0.0,31.58
109184,2024-08-19,Office Chair,Furniture,South,Online,1,149.49,0.0,149.49
109183,2024-08-19,Mechanical Keyboard,Electronics,East,Online,1,63.03,0.0,63.03
109182,2024-08-19,Desk Lamp,Furniture,South,Online,2,25.95,0.0,51.9
109190,2024-08-19,USB-C Hub,Electronics,Central,Online,2,30.32,0.0,60.64
109207,2024-08-20,Resistance Bands,Fitness,Central,Online,2,14.37,0.0,28.74
109206,2024-08-20,Notebook Set,Stationery,North,Online,3,8.48,0.0,25.44
109209,2024-08-20,Mechanical Keyboard,Electronics,South,Online,2,67.9,0.0,135.8
109208,2024-08-20,Standing Desk,Furniture,West,In-Store,1,314.99,0.0,314.99
109205,2024-08-20,Noise-Cancel Headphones,Electronics,North,Online,2,132.02,0.0,264.04
109197,2024-08-20,Running Shoes,Fitness,West,Online,1,68.7,0.1,68.7
109203,2024-08-20,Office Chair,Furniture,East,Online,1,138.6,0.1,138.6
109202,2024-08-20,Wireless Mouse,Electronics,North,Online,3,19.66,0.0,58.98
109201,2024-08-20,Notebook Set,Stationery,Central,Online,2,7.31,0.15,14.62
109200,2024-08-20,Notebook Set,Stationery,South,Online,2,7.31,0.15,14.62
109199,2024-08-20,Bookshelf,Furniture,Central,Online,1,115.51,0.0,115.51
109195,2024-08-20,Planner,Stationery,North,In-Store,1,14.11,0.1,14.11
109196,2024-08-20,Standing Desk,Furniture,North,In-Store,1,318.3,0.0,318.3
109198,2024-08-20,Dumbbell Set,Fitness,South,Online,2,78.2,0.15,156.4
109204,2024-08-20,Wireless Mouse,Electronics,Central,In-Store,2,18.51,0.0,37.02
109223,2024-08-21,Running Shoes,Fitness,South,In-Store,1,72.27,0.0,72.27
109222,2024-08-21,Resistance Bands,Fitness,Central,Online,2,13.81,0.0,27.62
109221,2024-08-21,Resistance Bands,Fitness,East,Online,1,14.94,0.0,14.94
109220,2024-08-21,Desk Lamp,Furniture,North,In-Store,1,25.82,0.0,25.82
109219,2024-08-21,Dumbbell Set,Fitness,West,Online,1,92.07,0.0,92.07
109224,2024-08-21,Desk Lamp,Furniture,North,Online,1,24.37,0.0,24.37
109217,2024-08-21,Standing Desk,Furniture,East,In-Store,2,297.39,0.0,594.78
109216,2024-08-21,Bluetooth Speaker,Electronics,West,In-Store,3,,0.0,134.58
109215,2024-08-21,Bluetooth Speaker,Electronics,East,In-Store,1,45.23,0.0,45.23
109214,2024-08-21,Mechanical Keyboard,Electronics,East,Online,1,66.12,0.0,66.12
109213,2024-08-21,Mechanical Keyboard,Electronics,West,Online,1,66.54,0.0,66.54
109210,2024-08-21,Resistance Bands,Fitness,Central,Online,1,14.18,0.0,14.18
109211,2024-08-21,Resistance Bands,Fitness,East,Online,2,14.69,0.0,29.38
109212,2024-08-21,Wireless Mouse,Electronics,Central,Online,1,18.53,0.0,18.53
109218,2024-08-21,Water Bottle,Fitness,West,Online,1,11.25,0.15,11.25
109236,2024-08-22,Mechanical Keyboard,Electronics,East,In-Store,2,64.46,0.0,128.92
109235,2024-08-22,Wireless Mouse,Electronics,South,In-Store,2,18.39,0.0,36.78
109234,2024-08-22,Wireless Mouse,Electronics,East,In-Store,2,16.57,0.15,33.14
109233,2024-08-22,Office Chair,Furniture,South,Online,2,159.18,0.0,318.36
109232,2024-08-22,Office Chair,Furniture,Central,Online,1,149.17,0.0,149.17
109230,2024-08-22,Water Bottle,Fitness,North,In-Store,1,13.53,0.0,13.53
109229,2024-08-22,Bluetooth Speaker,Electronics,West,Online,1,45.8,0.0,45.8
109228,2024-08-22,Notebook Set,Stationery,Central,Online,1,9.21,0.0,9.21
109227,2024-08-22,Dumbbell Set,Fitness,East,Online,1,89.14,0.0,89.14
109226,2024-08-22,Planner,Stationery,East,Online,2,12.82,0.2,25.64
109225,2024-08-22,Mechanical Keyboard,Electronics,East,Online,2,63.69,0.0,127.38
109231,2024-08-22,Planner,Stationery,East,In-Store,1,15.79,0.0,15.79
109247,2024-08-23,Noise-Cancel Headphones,Electronics,East,In-Store,2,126.94,0.0,253.88
109249,2024-08-23,Noise-Cancel Headphones,Electronics,South,Online,3,128.6,0.0,385.8
109248,2024-08-23,USB-C Hub,Electronics,Central,In-Store,1,30.16,0.0,30.16
109246,2024-08-23,Planner,Stationery,West,Online,2,16.75,0.0,33.5
109241,2024-08-23,Fountain Pen,Stationery,West,Online,2,20.59,0.0,41.18
109244,2024-08-23,Bookshelf,Furniture,Central,Online,1,120.68,0.0,120.68
109243,2024-08-23,Running Shoes,Fitness,West,Online,2,73.25,0.0,146.5
109242,2024-08-23,Fountain Pen,Stationery,Central,In-Store,1,20.59,0.0,20.59
109237,2024-08-23,Desk Lamp,Furniture,South,In-Store,2,24.57,0.0,49.14
109238,2024-08-23,Fountain Pen,Stationery,Central,Online,1,20.02,0.0,20.02
109239,2024-08-23,Fountain Pen,Stationery,Central,In-Store,1,20.02,0.0,20.02
109240,2024-08-23,Mechanical Keyboard,Electronics,Central,Online,1,65.34,0.0,65.34
109245,2024-08-23,Wireless Mouse,Electronics,South,In-Store,1,19.86,0.0,19.86
109255,2024-08-24,Running Shoes,Fitness,South,In-Store,1,71.44,0.0,71.44
109253,2024-08-24,USB-C Hub,Electronics,East,In-Store,1,30.97,0.0,30.97
109252,2024-08-24,Water Bottle,Fitness,North,In-Store,1,12.4,0.0,12.4
109251,2024-08-24,Dumbbell Set,Fitness,North,Online,1,70.14,0.2,70.14
109250,2024-08-24,Noise-Cancel Headphones,Electronics,East,Online,1,116.43,0.1,116.43
109254,2024-08-24,USB-C Hub,Electronics,West,Online,3,29.51,0.0,88.53
109267,2024-08-25,Desk Lamp,Furniture,Central,In-Store,1,22.16,0.1,22.16
109272,2024-08-25,Desk Lamp,Furniture,East,In-Store,3,24.76,0.0,74.28
109271,2024-08-25,Notebook Set,Stationery,East,Online,1,9.07,0.0,9.07
109269,2024-08-25,Bluetooth Speaker,Electronics,East,Online,1,46.75,0.0,46.75
109268,2024-08-25,Water Bottle,Fitness,North,Online,1,12.48,0.0,12.48
109266,2024-08-25,Noise-Cancel Headphones,Electronics,East,In-Store,1,134.37,0.0,134.37
109270,2024-08-25,Water Bottle,Fitness,South,Online,2,13.2,0.0,26.4
109264,2024-08-25,Yoga Mat,Fitness,West,Online,1,22.36,0.0,22.36
109263,2024-08-25,Bookshelf,Furniture,Central,In-Store,1,94.21,0.2,94.21
109262,2024-08-25,Desk Lamp,Furniture,North,Online,1,25.05,0.0,25.05
109256,2024-08-25,Bookshelf,Furniture,North,Online,1,121.6,0.0,121.6
109261,2024-08-25,USB-C Hub,Electronics,North,Online,2,27.05,0.1,54.1
109260,2024-08-25,Water Bottle,Fitness,South,Online,2,13.15,0.0,26.3
109257,2024-08-25,Dumbbell Set,Fitness,North,Online,1,89.43,0.0,89.43
109258,2024-08-25,Bluetooth Speaker,Electronics,East,In-Store,1,44.69,0.0,44.69
109259,2024-08-25,Water Bottle,Fitness,Central,In-Store,1,13.0,0.0,13.0
109265,2024-08-25,Resistance Bands,Fitness,South,In-Store,2,14.47,0.0,28.94
109281,2024-08-26,Dumbbell Set,Fitness,Central,Online,1,92.21,0.0,92.21
109279,2024-08-26,Office Chair,Furniture,South,Online,1,142.86,0.0,142.86
109280,2024-08-26,Noise-Cancel Headphones,Electronics,South,In-Store,1,136.52,0.0,136.52
109277,2024-08-26,Notebook Set,Stationery,South,In-Store,1,9.12,0.0,9.12
109276,2024-08-26,Desk Lamp,Furniture,South,In-Store,1,24.51,0.0,24.51
109275,2024-08-26,USB-C Hub,Electronics,West,Online,1,31.24,0.0,31.24
109274,2024-08-26,Notebook Set,Stationery,West,In-Store,2,9.08,0.0,18.16
109273,2024-08-26,Notebook Set,Stationery,South,Online,2,9.08,0.0,18.16
109278,2024-08-26,Planner,Stationery,South,In-Store,1,16.04,0.0,16.04
109303,2024-08-27,Wireless Mouse,Electronics,North,Online,1,16.43,0.1,16.43
109302,2024-08-27,Office Chair,Furniture,West,Online,2,143.44,0.0,286.88
109301,2024-08-27,Yoga Mat,Fitness,Central,Online,1,21.36,0.0,21.36
109300,2024-08-27,Bookshelf,Furniture,Central,Online,1,122.47,0.0,122.47
109296,2024-08-27,Fountain Pen,Stationery,East,Online,1,19.78,0.0,19.78
109299,2024-08-27,Noise-Cancel Headphones,Electronics,South,Online,2,132.99,0.0,265.98
109298,2024-08-27,Desk Lamp,Furniture,North,In-Store,2,22.09,0.1,44.18
109297,2024-08-27,Fountain Pen,Stationery,West,Online,2,19.78,0.0,39.56
109295,2024-08-27,Yoga Mat,Fitness,East,In-Store,1,22.79,0.0,22.79
109289,2024-08-27,Standing Desk,Furniture,South,In-Store,1,287.85,0.0,287.85
109293,2024-08-27,Resistance Bands,Fitness,East,Online,2,14.26,0.0,28.52
109292,2024-08-27,Running Shoes,Fitness,East,In-Store,1,74.12,0.0,74.12
109291,2024-08-27,Fountain Pen,Stationery,Central,In-Store,3,19.38,0.0,58.14
109290,2024-08-27,Resistance Bands,Fitness,North,Online,1,14.53,0.0,14.53
109288,2024-08-27,Running Shoes,Fitness,North,Online,3,76.4,0.0,229.2
109287,2024-08-27,USB-C Hub,Electronics,South,In-Store,1,28.68,0.0,28.68
109286,2024-08-27,Resistance Bands,Fitness,East,Online,2,14.35,0.0,28.7
109285,2024-08-27,Wireless Mouse,Electronics,East,In-Store,2,19.67,0.0,39.34
109284,2024-08-27,Water Bottle,Fitness,South,Online,2,13.11,0.0,26.22
109283,2024-08-27,USB-C Hub,Electronics,West,In-Store,1,30.81,0.0,30.81
109282,2024-08-27,Planner,Stationery,East,Online,1,15.39,0.0,15.39
109294,2024-08-27,Running Shoes,Fitness,North,In-Store,1,74.32,0.0,74.32
109313,2024-08-28,Mechanical Keyboard,Electronics,East,Online,1,64.18,0.0,64.18
109312,2024-08-28,Fountain Pen,Stationery,West,In-Store,1,18.57,0.1,18.57
109311,2024-08-28,Resistance Bands,Fitness,Central,In-Store,3,13.67,0.0,41.01
109308,2024-08-28,Fountain Pen,Stationery,North,Online,1,17.2,0.15,17.2
109309,2024-08-28,Office Chair,Furniture,Central,In-Store,2,133.87,0.15,267.74
109307,2024-08-28,Fountain Pen,Stationery,North,Online,2,17.2,0.15,34.4
109306,2024-08-28,Fountain Pen,Stationery,East,In-Store,2,20.12,0.0,40.24
109305,2024-08-28,USB-C Hub,Electronics,West,Online,2,29.29,0.0,58.58
109304,2024-08-28,Mechanical Keyboard,Electronics,North,In-Store,1,59.47,0.1,59.47
109310,2024-08-28,Bluetooth Speaker,Electronics,Central,In-Store,2,44.12,0.0,88.24
109323,2024-08-29,Bluetooth Speaker,Electronics,North,In-Store,1,46.79,0.0,46.79
109324,2024-08-29,Bluetooth Speaker,Electronics,West,Online,2,46.2,0.0,92.4
109322,2024-08-29,Noise-Cancel Headphones,Electronics,North,Online,1,134.52,0.0,134.52
109314,2024-08-29,Notebook Set,Stationery,North,In-Store,1,8.84,0.0,8.84
109320,2024-08-29,Noise-Cancel Headphones,Electronics,South,Online,3,130.96,0.0,392.88
109319,2024-08-29,Standing Desk,Furniture,Central,Online,2,300.8,0.0,601.6
109318,2024-08-29,Noise-Cancel Headphones,Electronics,Central,Online,2,128.46,0.0,256.92
109317,2024-08-29,Standing Desk,Furniture,East,In-Store,1,284.41,0.0,284.41
109316,2024-08-29,Dumbbell Set,Fitness,East,Online,1,82.24,0.1,82.24
109315,2024-08-29,Notebook Set,Stationery,West,Online,1,8.84,0.0,8.84
109321,2024-08-29,Bluetooth Speaker,Electronics,North,In-Store,1,44.36,0.0,44.36
109337,2024-08-30,Desk Lamp,Furniture,Central,In-Store,1,24.58,0.0,24.58
109335,2024-08-30,Notebook Set,Stationery,North,In-Store,2,9.01,0.0,18.02
109336,2024-08-30,Bluetooth Speaker,Electronics,West,Online,1,39.99,0.1,39.99
109334,2024-08-30,Notebook Set,Stationery,South,In-Store,1,9.01,0.0,9.01
109329,2024-08-30,Wireless Mouse,Electronics,East,Online,2,16.01,0.15,32.02
109332,2024-08-30,Resistance Bands,Fitness,South,In-Store,1,14.23,0.0,14.23
109327,2024-08-30,Resistance Bands,Fitness,South,In-Store,1,14.49,0.0,14.49
109326,2024-08-30,Bookshelf,Furniture,Central,Online,2,115.86,0.0,231.72
109325,2024-08-30,Mechanical Keyboard,Electronics,West,In-Store,1,63.72,0.0,63.72
109333,2024-08-30,Water Bottle,Fitness,Central,In-Store,1,13.24,0.0,13.24
109328,2024-08-30,Water Bottle,Fitness,South,In-Store,1,12.77,0.0,12.77
109330,2024-08-30,Office Chair,Furniture,West,In-Store,2,150.89,0.0,301.78
109331,2024-08-30,Water Bottle,Fitness,Central,Online,1,10.19,0.2,10.19
109339,2024-08-31,Notebook Set,Stationery,West,In-Store,1,9.53,0.0,9.53
109353,2024-08-31,Planner,Stationery,West,Online,2,15.84,0.0,31.68
109352,2024-08-31,Running Shoes,Fitness,South,In-Store,1,76.01,0.0,76.01
109351,2024-08-31,Planner,Stationery,Central,Online,1,16.13,0.0,16.13
109350,2024-08-31,Desk Lamp,Furniture,North,In-Store,1,23.15,0.1,23.15
109349,2024-08-31,Noise-Cancel Headphones,Electronics,South,In-Store,1,123.67,0.0,123.67
109338,2024-08-31,Resistance Bands,Fitness,Central,Online,1,14.5,0.0,14.5
109347,2024-08-31,Bookshelf,Furniture,North,Online,1,121.96,0.0,121.96
109346,2024-08-31,Bluetooth Speaker,Electronics,West,Online,2,44.8,0.0,89.6
109345,2024-08-31,Standing Desk,Furniture,North,Online,4,310.48,0.0,1241.92
109344,2024-08-31,Resistance Bands,Fitness,North,Online,2,13.32,0.1,26.64
109343,2024-08-31,Office Chair,Furniture,North,In-Store,1,147.09,0.0,147.09
109340,2024-08-31,Dumbbell Set,Fitness,West,Online,2,89.44,0.0,178.88
109341,2024-08-31,Standing Desk,Furniture,West,Online,1,288.58,0.0,288.58
109342,2024-08-31,Wireless Mouse,Electronics,East,Online,1,18.24,0.0,18.24
109348,2024-08-31,Running Shoes,Fitness,South,Online,2,74.81,0.0,149.62
109372,2024-09-01,Bookshelf,Furniture,Central,In-Store,2,,0.0,244.42
109371,2024-09-01,Desk Lamp,Furniture,East,Online,1,25.36,0.0,25.36
109370,2024-09-01,Resistance Bands,Fitness,Central,Online,1,13.25,0.15,13.25
109369,2024-09-01,Desk Lamp,Furniture,Central,Online,1,26.4,0.0,26.4
109368,2024-09-01,Bookshelf,Furniture,North,In-Store,1,117.53,0.0,117.53
109367,2024-09-01,Resistance Bands,Fitness,West,In-Store,1,14.56,0.0,14.56
109366,2024-09-01,Noise-Cancel Headphones,Electronics,South,Online,2,107.28,0.2,214.56
109363,2024-09-01,Mechanical Keyboard,Electronics,North,Online,2,63.95,0.0,127.9
109364,2024-09-01,Water Bottle,Fitness,East,Online,1,12.76,0.0,12.76
109362,2024-09-01,Running Shoes,Fitness,West,Online,1,74.13,0.0,74.13
109361,2024-09-01,Office Chair,Furniture,South,Online,1,142.56,0.0,142.56
109360,2024-09-01,Yoga Mat,Fitness,North,Online,1,21.55,0.0,21.55
109359,2024-09-01,Standing Desk,Furniture,West,In-Store,1,304.61,0.0,304.61
109357,2024-09-01,Bluetooth Speaker,Electronics,South,In-Store,1,44.47,0.0,44.47
109356,2024-09-01,Planner,Stationery,South,In-Store,1,16.19,0.0,16.19
109355,2024-09-01,USB-C Hub,Electronics,South,In-Store,1,31.59,0.0,31.59
109354,2024-09-01,Bookshelf,Furniture,North,Online,1,118.77,0.0,118.77
109365,2024-09-01,Noise-Cancel Headphones,Electronics,Central,Online,1,126.13,0.0,126.13
109358,2024-09-01,Office Chair,Furniture,South,Online,1,150.06,0.0,150.06
109380,2024-09-02,Mechanical Keyboard,Electronics,South,In-Store,2,66.51,0.0,133.02
109379,2024-09-02,Running Shoes,Fitness,Central,Online,2,69.7,0.1,139.4
109377,2024-09-02,Water Bottle,Fitness,East,Online,1,13.23,0.0,13.23
109376,2024-09-02,Notebook Set,Stationery,North,Online,2,9.14,0.0,18.28
109375,2024-09-02,Dumbbell Set,Fitness,West,In-Store,1,82.15,0.0,82.15
109378,2024-09-02,Mechanical Keyboard,Electronics,East,Online,4,66.48,0.0,265.92
109374,2024-09-02,Mechanical Keyboard,Electronics,North,Online,1,55.16,0.2,55.16
109373,2024-09-02,Yoga Mat,Fitness,North,In-Store,1,22.54,0.0,22.54
109396,2024-09-03,Dumbbell Set,Fitness,West,In-Store,1,95.13,0.0,95.13
109395,2024-09-03,USB-C Hub,Electronics,South,Online,1,30.52,0.0,30.52
109394,2024-09-03,Resistance Bands,Fitness,West,In-Store,1,14.39,0.0,14.39
109393,2024-09-03,Running Shoes,Fitness,North,Online,2,74.71,0.0,149.42
109391,2024-09-03,Wireless Mouse,Electronics,West,Online,1,19.36,0.0,19.36
109392,2024-09-03,Yoga Mat,Fitness,West,In-Store,2,19.62,0.1,39.24
109389,2024-09-03,Dumbbell Set,Fitness,South,In-Store,1,76.46,0.1,76.46
109388,2024-09-03,Noise-Cancel Headphones,Electronics,South,In-Store,1,128.9,0.0,128.9
109387,2024-09-03,Office Chair,Furniture,South,Online,1,133.42,0.1,133.42
109386,2024-09-03,Notebook Set,Stationery,East,Online,1,8.29,0.1,8.29
109385,2024-09-03,Bluetooth Speaker,Electronics,Central,In-Store,1,46.54,0.0,46.54
109384,2024-09-03,Notebook Set,Stationery,North,Online,1,7.33,0.2,7.33
109383,2024-09-03,Bluetooth Speaker,Electronics,East,Online,1,45.03,0.0,45.03
109382,2024-09-03,Office Chair,Furniture,West,Online,1,148.0,0.0,148.0
109381,2024-09-03,Noise-Cancel Headphones,Electronics,West,Online,2,135.01,0.0,270.02
109390,2024-09-03,Yoga Mat,Fitness,North,In-Store,1,19.19,0.1,19.19
109408,2024-09-04,USB-C Hub,Electronics,South,Online,1,28.97,0.0,28.97
109411,2024-09-04,Yoga Mat,Fitness,West,In-Store,1,21.38,0.0,21.38
109410,2024-09-04,Standing Desk,Furniture,North,Online,3,298.87,0.0,896.61
109409,2024-09-04,Running Shoes,Fitness,Central,In-Store,1,66.0,0.1,66.0
109407,2024-09-04,Standing Desk,Furniture,South,In-Store,1,240.54,0.15,240.54
109399,2024-09-04,Resistance Bands,Fitness,South,In-Store,2,14.21,0.0,28.42
109405,2024-09-04,Notebook Set,Stationery,West,In-Store,1,8.8,0.0,8.8
109404,2024-09-04,Notebook Set,Stationery,West,In-Store,1,8.8,0.0,8.8
109403,2024-09-04,Standing Desk,Furniture,East,In-Store,1,305.32,0.0,305.32
109402,2024-09-04,Water Bottle,Fitness,West,In-Store,1,11.22,0.15,11.22
109401,2024-09-04,Dumbbell Set,Fitness,East,In-Store,2,92.1,0.0,184.2
109400,2024-09-04,Notebook Set,Stationery,North,Online,2,7.77,0.15,15.54
109398,2024-09-04,Bookshelf,Furniture,East,Online,2,122.09,0.0,244.18
109397,2024-09-04,Notebook Set,Stationery,Central,Online,1,8.73,0.0,8.73
109406,2024-09-04,Resistance Bands,Fitness,West,In-Store,1,14.29,0.0,14.29
109426,2024-09-05,USB-C Hub,Electronics,North,Online,1,28.92,0.0,28.92
109425,2024-09-05,Dumbbell Set,Fitness,North,In-Store,1,89.89,0.0,89.89
109424,2024-09-05,Bookshelf,Furniture,South,In-Store,1,117.98,0.0,117.98
109423,2024-09-05,Notebook Set,Stationery,South,Online,1,9.23,0.0,9.23
109422,2024-09-05,Yoga Mat,Fitness,West,Online,2,19.82,0.1,39.64
109421,2024-09-05,Water Bottle,Fitness,East,Online,1,13.16,0.0,13.16
109419,2024-09-05,Fountain Pen,Stationery,Central,In-Store,1,19.89,0.0,19.89
109413,2024-09-05,Notebook Set,Stationery,South,Online,1,8.22,0.1,8.22
109414,2024-09-05,Fountain Pen,Stationery,North,Online,1,18.9,0.0,18.9
109420,2024-09-05,Yoga Mat,Fitness,West,Online,3,21.87,0.0,65.61
109412,2024-09-05,Running Shoes,Fitness,East,Online,1,74.02,0.0,74.02
109416,2024-09-05,Wireless Mouse,Electronics,Central,Online,1,17.25,0.1,17.25
109417,2024-09-05,Mechanical Keyboard,Electronics,North,Online,2,65.33,0.0,130.66
109418,2024-09-05,Wireless Mouse,Electronics,Central,Online,1,18.26,0.0,18.26
109415,2024-09-05,Fountain Pen,Stationery,North,Online,1,18.96,0.0,18.96
109441,2024-09-06,Dumbbell Set,Fitness,Central,Online,1,86.43,0.0,86.43
109448,2024-09-06,Running Shoes,Fitness,West,Online,2,77.73,0.0,155.46
109447,2024-09-06,Office Chair,Furniture,South,In-Store,2,150.53,0.0,301.06
109446,2024-09-06,Running Shoes,Fitness,North,Online,1,76.9,0.0,76.9
109444,2024-09-06,Bookshelf,Furniture,South,In-Store,1,119.72,0.0,119.72
109443,2024-09-06,Wireless Mouse,Electronics,South,Online,1,19.36,0.0,19.36
109442,2024-09-06,Wireless Mouse,Electronics,East,Online,1,19.54,0.0,19.54
109440,2024-09-06,Desk Lamp,Furniture,North,Online,1,25.96,0.0,25.96
109445,2024-09-06,Water Bottle,Fitness,West,In-Store,1,9.98,0.2,9.98
109438,2024-09-06,Noise-Cancel Headphones,Electronics,East,Online,4,128.88,0.0,515.52
109439,2024-09-06,Resistance Bands,Fitness,West,Online,2,14.73,0.0,29.46
109430,2024-09-06,Fountain Pen,Stationery,North,In-Store,4,20.09,0.0,80.36
109429,2024-09-06,Yoga Mat,Fitness,Central,In-Store,1,19.66,0.1,19.66
109428,2024-09-06,Notebook Set,Stationery,Central,Online,1,8.73,0.0,8.73
109432,2024-09-06,Dumbbell Set,Fitness,Central,Online,2,84.7,0.0,169.4
109431,2024-09-06,Fountain Pen,Stationery,North,Online,1,20.09,0.0,20.09
109427,2024-09-06,Notebook Set,Stationery,South,Online,1,8.73,0.0,8.73
109434,2024-09-06,USB-C Hub,Electronics,South,In-Store,1,30.22,0.0,30.22
109435,2024-09-06,Desk Lamp,Furniture,South,Online,2,24.7,0.0,49.4
109436,2024-09-06,Bookshelf,Furniture,Central,In-Store,2,118.11,0.0,236.22
109437,2024-09-06,Water Bottle,Fitness,North,Online,2,12.72,0.0,25.44
109433,2024-09-06,Planner,Stationery,Central,In-Store,1,13.78,0.15,13.78
109459,2024-09-07,Dumbbell Set,Fitness,North,In-Store,4,93.34,0.0,373.36
109461,2024-09-07,Notebook Set,Stationery,South,In-Store,1,8.72,0.0,8.72
109460,2024-09-07,Water Bottle,Fitness,Central,Online,2,12.83,0.0,25.66
109458,2024-09-07,Yoga Mat,Fitness,North,Online,1,18.95,0.1,18.95
109454,2024-09-07,Fountain Pen,Stationery,North,Online,1,20.19,0.0,20.19
109456,2024-09-07,Dumbbell Set,Fitness,South,Online,1,89.8,0.0,89.8
109455,2024-09-07,Standing Desk,Furniture,North,Online,1,297.67,0.0,297.67
109453,2024-09-07,Yoga Mat,Fitness,West,In-Store,1,21.37,0.0,21.37
109452,2024-09-07,Resistance Bands,Fitness,East,In-Store,3,13.86,0.0,41.58
109451,2024-09-07,Notebook Set,Stationery,North,Online,2,8.67,0.0,17.34
109450,2024-09-07,Yoga Mat,Fitness,West,In-Store,1,22.36,0.0,22.36
109449,2024-09-07,Fountain Pen,Stationery,East,In-Store,1,19.56,0.0,19.56
109457,2024-09-07,Dumbbell Set,Fitness,South,Online,1,87.7,0.0,87.7
109472,2024-09-08,Yoga Mat,Fitness,South,In-Store,2,23.05,0.0,46.1
109474,2024-09-08,Water Bottle,Fitness,Central,In-Store,1,12.96,0.0,12.96
109473,2024-09-08,Fountain Pen,Stationery,Central,In-Store,1,20.45,0.0,20.45
109471,2024-09-08,Resistance Bands,Fitness,East,Online,1,14.66,0.0,14.66
109465,2024-09-08,Standing Desk,Furniture,West,Online,1,299.43,0.0,299.43
109469,2024-09-08,USB-C Hub,Electronics,North,Online,1,27.32,0.0,27.32
109468,2024-09-08,Noise-Cancel Headphones,Electronics,West,In-Store,1,117.11,0.1,117.11
109467,2024-09-08,Dumbbell Set,Fitness,North,In-Store,1,,0.0,88.58
109466,2024-09-08,Running Shoes,Fitness,East,In-Store,1,73.4,0.0,73.4
109464,2024-09-08,Bookshelf,Furniture,North,In-Store,2,117.26,0.0,234.52
109470,2024-09-08,Noise-Cancel Headphones,Electronics,East,Online,2,122.2,0.0,244.4
109463,2024-09-08,USB-C Hub,Electronics,North,Online,1,30.07,0.0,30.07
109462,2024-09-08,Desk Lamp,Furniture,Central,Online,1,21.91,0.15,21.91
109486,2024-09-09,Notebook Set,Stationery,East,In-Store,1,7.44,0.15,7.44
109485,2024-09-09,Desk Lamp,Furniture,South,In-Store,1,25.0,0.0,25.0
109484,2024-09-09,Desk Lamp,Furniture,Central,Online,3,24.7,0.0,74.1
109483,2024-09-09,Bluetooth Speaker,Electronics,South,Online,3,43.91,0.0,131.73
109481,2024-09-09,Noise-Cancel Headphones,Electronics,East,In-Store,1,102.56,0.2,102.56
109480,2024-09-09,USB-C Hub,Electronics,North,Online,2,27.69,0.1,55.38
109479,2024-09-09,Running Shoes,Fitness,South,In-Store,1,67.07,0.1,67.07
109478,2024-09-09,Notebook Set,Stationery,East,Online,1,9.22,0.0,9.22
109477,2024-09-09,Bluetooth Speaker,Electronics,South,Online,2,44.79,0.0,89.58
109476,2024-09-09,Bookshelf,Furniture,North,Online,2,125.62,0.0,251.24
109475,2024-09-09,Resistance Bands,Fitness,West,In-Store,1,14.29,0.0,14.29
109482,2024-09-09,Resistance Bands,Fitness,North,Online,1,13.99,0.0,13.99
109497,2024-09-10,Fountain Pen,Stationery,West,In-Store,2,15.98,0.15,31.96
109500,2024-09-10,Bookshelf,Furniture,North,Online,2,124.0,0.0,248.0
109499,2024-09-10,Noise-Cancel Headphones,Electronics,West,Online,1,121.72,0.0,121.72
109498,2024-09-10,Mechanical Keyboard,Electronics,South,Online,1,65.09,0.0,65.09
109496,2024-09-10,Notebook Set,Stationery,West,In-Store,1,8.96,0.0,8.96
109489,2024-09-10,USB-C Hub,Electronics,North,In-Store,1,29.28,0.0,29.28
109494,2024-09-10,Standing Desk,Furniture,East,In-Store,1,289.01,0.0,289.01
109493,2024-09-10,Standing Desk,Furniture,Central,Online,1,253.02,0.1,253.02
109492,2024-09-10,Standing Desk,Furniture,Central,Online,1,298.79,0.0,298.79
109491,2024-09-10,Planner,Stationery,North,In-Store,2,16.24,0.0,32.48
109490,2024-09-10,Running Shoes,Fitness,South,Online,1,73.95,0.0,73.95
109488,2024-09-10,Planner,Stationery,East,In-Store,1,16.16,0.0,16.16
109487,2024-09-10,Water Bottle,Fitness,West,Online,1,11.43,0.1,11.43
109495,2024-09-10,Fountain Pen,Stationery,North,Online,1,19.62,0.0,19.62
109511,2024-09-11,Planner,Stationery,South,Online,1,16.75,0.0,16.75
109513,2024-09-11,Notebook Set,Stationery,North,In-Store,1,8.94,0.0,8.94
109512,2024-09-11,Planner,Stationery,Central,Online,1,16.75,0.0,16.75
109510,2024-09-11,Yoga Mat,Fitness,East,Online,1,20.11,0.1,20.11
109514,2024-09-11,Office Chair,Furniture,East,Online,1,129.35,0.1,129.35
109508,2024-09-11,Yoga Mat,Fitness,North,Online,1,22.79,0.0,22.79
109507,2024-09-11,Bluetooth Speaker,Electronics,East,Online,1,46.93,0.0,46.93
109506,2024-09-11,USB-C Hub,Electronics,North,In-Store,1,26.7,0.1,26.7
109505,2024-09-11,Dumbbell Set,Fitness,Central,Online,1,82.38,0.1,82.38
109501,2024-09-11,Desk Lamp,Furniture,Central,In-Store,1,26.01,0.0,26.01
109502,2024-09-11,Bookshelf,Furniture,West,Online,1,123.86,0.0,123.86
109503,2024-09-11,Planner,Stationery,West,In-Store,1,15.91,0.0,15.91
109504,2024-09-11,USB-C Hub,Electronics,North,In-Store,3,29.55,0.0,88.65
109509,2024-09-11,Noise-Cancel Headphones,Electronics,North,Online,1,131.06,0.0,131.06
109530,2024-09-12,Water Bottle,Fitness,East,In-Store,1,10.55,0.2,10.55
109529,2024-09-12,Office Chair,Furniture,East,Online,1,145.07,0.0,145.07
109528,2024-09-12,Mechanical Keyboard,Electronics,Central,Online,1,63.32,0.0,63.32
109527,2024-09-12,Standing Desk,Furniture,Central,In-Store,1,269.9,0.15,269.9
109526,2024-09-12,Standing Desk,Furniture,West,Online,4,258.88,0.15,1035.52
109525,2024-09-12,Bluetooth Speaker,Electronics,North,In-Store,1,44.74,0.0,44.74
109517,2024-09-12,Water Bottle,Fitness,North,In-Store,1,12.83,0.0,12.83
109523,2024-09-12,Bluetooth Speaker,Electronics,West,In-Store,1,44.36,0.0,44.36
109522,2024-09-12,Dumbbell Set,Fitness,West,In-Store,2,86.58,0.0,173.16
109521,2024-09-12,Yoga Mat,Fitness,East,Online,2,22.39,0.0,44.78
109520,2024-09-12,Noise-Cancel Headphones,Electronics,North,In-Store,1,130.29,0.0,130.29
109519,2024-09-12,Mechanical Keyboard,Electronics,East,Online,1,65.5,0.0,65.5
109524,2024-09-12,Fountain Pen,Stationery,North,Online,1,18.75,0.1,18.75
109516,2024-09-12,Desk Lamp,Furniture,South,Online,1,22.47,0.1,22.47
109515,2024-09-12,Planner,Stationery,North,In-Store,2,16.04,0.0,32.08
109518,2024-09-12,Dumbbell Set,Fitness,East,Online,1,90.63,0.0,90.63
109548,2024-09-13,Planner,Stationery,Central,Online,1,16.03,0.0,16.03
109547,2024-09-13,Bluetooth Speaker,Electronics,East,Online,3,48.08,0.0,144.24
109546,2024-09-13,USB-C Hub,Electronics,East,Online,1,30.27,0.0,30.27
109545,2024-09-13,Mechanical Keyboard,Electronics,North,Online,1,56.64,0.1,56.64
109544,2024-09-13,Desk Lamp,Furniture,North,Online,1,25.2,0.0,25.2
109543,2024-09-13,Resistance Bands,Fitness,Central,Online,2,14.9,0.0,29.8
109542,2024-09-13,Running Shoes,Fitness,North,Online,1,61.38,0.15,61.38
109541,2024-09-13,Running Shoes,Fitness,South,Online,2,68.94,0.1,137.88
109540,2024-09-13,Resistance Bands,Fitness,South,Online,1,14.43,0.0,14.43
109539,2024-09-13,Dumbbell Set,Fitness,South,Online,2,82.6,0.1,165.2
109538,2024-09-13,Planner,Stationery,South,Online,1,15.83,0.0,15.83
109537,2024-09-13,Yoga Mat,Fitness,south,In-Store,1,22.28,0.0,22.28
109536,2024-09-13,Noise-Cancel Headphones,Electronics,South,Online,1,122.16,0.0,122.16
109535,2024-09-13,Water Bottle,Fitness,North,In-Store,1,12.63,0.0,12.63
109534,2024-09-13,Bookshelf,Furniture,North,Online,1,126.47,0.0,126.47
109533,2024-09-13,Mechanical Keyboard,Electronics,East,In-Store,1,66.14,0.0,66.14
109532,2024-09-13,Resistance Bands,Fitness,Central,In-Store,1,14.86,0.0,14.86
109531,2024-09-13,Bookshelf,Furniture,North,Online,2,95.27,0.2,190.54
109561,2024-09-14,Mechanical Keyboard,Electronics,East,Online,3,67.16,0.0,201.48
109560,2024-09-14,Wireless Mouse,Electronics,North,In-Store,3,16.93,0.15,50.79
109559,2024-09-14,Running Shoes,Fitness,West,Online,1,74.8,0.0,74.8
109558,2024-09-14,Standing Desk,Furniture,East,In-Store,1,294.03,0.0,294.03
109549,2024-09-14,Wireless Mouse,Electronics,South,In-Store,2,16.21,0.1,32.42
109556,2024-09-14,Desk Lamp,Furniture,South,Online,1,24.17,0.0,24.17
109555,2024-09-14,Notebook Set,Stationery,Central,Online,2,8.96,0.0,17.92
109554,2024-09-14,Resistance Bands,Fitness,South,Online,1,14.2,0.0,14.2
109553,2024-09-14,Yoga Mat,Fitness,South,In-Store,1,22.45,0.0,22.45
109552,2024-09-14,Desk Lamp,Furniture,South,Online,1,25.11,0.0,25.11
109551,2024-09-14,Yoga Mat,Fitness,North,In-Store,2,21.72,0.0,43.44
109550,2024-09-14,Mechanical Keyboard,Electronics,East,Online,2,59.25,0.1,118.5
109557,2024-09-14,Running Shoes,Fitness,West,Online,1,75.6,0.0,75.6
109574,2024-09-15,Yoga Mat,Fitness,South,In-Store,1,21.33,0.0,21.33
109579,2024-09-15,Water Bottle,Fitness,North,Online,1,13.06,0.0,13.06
109578,2024-09-15,Bluetooth Speaker,Electronics,Central,In-Store,2,43.75,0.0,87.5
109577,2024-09-15,Notebook Set,Stationery,North,In-Store,2,8.82,0.0,17.64
109576,2024-09-15,Yoga Mat,Fitness,Central,In-Store,1,20.45,0.0,20.45
109575,2024-09-15,Desk Lamp,Furniture,East,In-Store,1,25.24,0.0,25.24
109573,2024-09-15,Dumbbell Set,Fitness,West,Online,1,89.78,0.0,89.78
109568,2024-09-15,Wireless Mouse,Electronics,South,In-Store,1,19.37,0.0,19.37
109571,2024-09-15,Resistance Bands,Fitness,Central,In-Store,1,14.87,0.0,14.87
109570,2024-09-15,Fountain Pen,Stationery,North,In-Store,2,19.93,0.0,39.86
109569,2024-09-15,Noise-Cancel Headphones,Electronics,West,Online,1,127.58,0.0,127.58
109562,2024-09-15,Desk Lamp,Furniture,East,Online,1,24.33,0.0,24.33
109567,2024-09-15,Wireless Mouse,Electronics,West,In-Store,1,19.95,0.0,19.95
109566,2024-09-15,Fountain Pen,Stationery,North,Online,2,18.33,0.1,36.66
109572,2024-09-15,Bookshelf,Furniture,West,Online,1,122.75,0.0,122.75
109565,2024-09-15,Fountain Pen,Stationery,North,Online,2,18.33,0.1,36.66
109564,2024-09-15,Yoga Mat,Fitness,Central,Online,1,22.85,0.0,22.85
109563,2024-09-15,Notebook Set,Stationery,South,Online,1,7.93,0.1,7.93
109588,2024-09-16,Fountain Pen,Stationery,North,Online,2,20.58,0.0,41.16
109587,2024-09-16,Desk Lamp,Furniture,East,Online,1,26.31,0.0,26.31
109585,2024-09-16,Bluetooth Speaker,Electronics,South,In-Store,2,44.83,0.0,89.66
109584,2024-09-16,Office Chair,Furniture,South,Online,1,146.99,0.0,146.99
109583,2024-09-16,Office Chair,Furniture,South,In-Store,2,147.59,0.0,295.18
109582,2024-09-16,Desk Lamp,Furniture,North,Online,1,24.83,0.0,24.83
109581,2024-09-16,Standing Desk,Furniture,Central,Online,1,303.5,0.0,303.5
109580,2024-09-16,Fountain Pen,Stationery,West,Online,1,19.88,0.0,19.88
109586,2024-09-16,Bookshelf,Furniture,East,Online,1,120.6,0.0,120.6
109598,2024-09-17,Wireless Mouse,Electronics,North,Online,1,18.07,0.0,18.07
109600,2024-09-17,Office Chair,Furniture,Central,Online,2,159.55,0.0,319.1
109599,2024-09-17,Notebook Set,Stationery,East,Online,1,7.8,0.1,7.8
109597,2024-09-17,Dumbbell Set,Fitness,South,In-Store,1,87.57,0.0,87.57
109592,2024-09-17,Bluetooth Speaker,Electronics,North,Online,1,45.41,0.0,45.41
109595,2024-09-17,Fountain Pen,Stationery,North,Online,3,19.48,0.0,58.44
109594,2024-09-17,Desk Lamp,Furniture,West,Online,1,21.87,0.1,21.87
109593,2024-09-17,USB-C Hub,Electronics,East,Online,1,28.8,0.0,28.8
109591,2024-09-17,Water Bottle,Fitness,North,In-Store,2,12.12,0.0,24.24
109590,2024-09-17,Office Chair,Furniture,South,In-Store,1,153.22,0.0,153.22
109589,2024-09-17,Yoga Mat,Fitness,West,Online,1,21.5,0.0,21.5
109596,2024-09-17,Resistance Bands,Fitness,Central,Online,2,14.13,0.0,28.26
109613,2024-09-18,Dumbbell Set,Fitness,Central,Online,1,75.87,0.15,75.87
109617,2024-09-18,Fountain Pen,Stationery,South,Online,1,20.61,0.0,20.61
109616,2024-09-18,Resistance Bands,Fitness,West,Online,1,14.02,0.0,14.02
109615,2024-09-18,USB-C Hub,Electronics,North,Online,1,29.2,0.0,29.2
109614,2024-09-18,Noise-Cancel Headphones,Electronics,North,Online,1,113.36,0.15,113.36
109612,2024-09-18,Running Shoes,Fitness,South,Online,2,75.62,0.0,151.24
109610,2024-09-18,Desk Lamp,Furniture,East,Online,1,23.74,0.0,23.74
109603,2024-09-18,Notebook Set,Stationery,West,In-Store,2,9.25,0.0,18.5
109609,2024-09-18,Noise-Cancel Headphones,Electronics,West,In-Store,3,132.7,0.0,398.1
109608,2024-09-18,Water Bottle,Fitness,North,Online,1,12.9,0.0,12.9
109607,2024-09-18,Office Chair,Furniture,East,In-Store,1,129.13,0.1,129.13
109606,2024-09-18,Fountain Pen,Stationery,East,In-Store,1,19.49,0.0,19.49
109605,2024-09-18,Water Bottle,Fitness,South,Online,1,13.35,0.0,13.35
109611,2024-09-18,USB-C Hub,Electronics,South,In-Store,1,28.91,0.0,28.91
109601,2024-09-18,Standing Desk,Furniture,Central,In-Store,2,299.36,0.0,598.72
109602,2024-09-18,Notebook Set,Stationery,Central,In-Store,1,9.15,0.0,9.15
109604,2024-09-18,Notebook Set,Stationery,Central,Online,1,8.15,0.1,8.15
109627,2024-09-19,Yoga Mat,Fitness,Central,Online,2,19.96,0.1,39.92
109626,2024-09-19,Office Chair,Furniture,North,In-Store,1,136.92,0.1,136.92
109625,2024-09-19,Notebook Set,Stationery,Central,In-Store,1,7.71,0.15,7.71
109623,2024-09-19,USB-C Hub,Electronics,Central,Online,3,30.26,0.0,90.78
109622,2024-09-19,Bluetooth Speaker,Electronics,West,In-Store,1,44.22,0.0,44.22
109620,2024-09-19,Bluetooth Speaker,Electronics,North,Online,2,45.98,0.0,91.96
109619,2024-09-19,Running Shoes,Fitness,Central,In-Store,2,74.55,0.0,149.1
109618,2024-09-19,Resistance Bands,Fitness,South,In-Store,1,14.7,0.0,14.7
109624,2024-09-19,Yoga Mat,Fitness,West,In-Store,2,19.77,0.1,39.54
109621,2024-09-19,Mechanical Keyboard,Electronics,East,In-Store,1,63.45,0.0,63.45
109638,2024-09-20,Mechanical Keyboard,Electronics,East,Online,1,63.98,0.0,63.98
109637,2024-09-20,Mechanical Keyboard,Electronics,North,In-Store,1,64.11,0.0,64.11
109639,2024-09-20,Notebook Set,Stationery,Central,Online,1,8.81,0.0,8.81
109636,2024-09-20,Bluetooth Speaker,Electronics,West,Online,1,35.01,0.2,35.01
109629,2024-09-20,Office Chair,Furniture,Central,In-Store,1,151.65,0.0,151.65
109634,2024-09-20,Water Bottle,Fitness,South,Online,2,11.99,0.1,23.98
109633,2024-09-20,Planner,Stationery,North,Online,1,16.09,0.0,16.09
109632,2024-09-20,Bluetooth Speaker,Electronics,North,Online,2,43.6,0.0,87.2
109631,2024-09-20,Standing Desk,Furniture,East,Online,1,314.9,0.0,314.9
109630,2024-09-20,Fountain Pen,Stationery,East,Online,2,20.33,0.0,40.66
109628,2024-09-20,Office Chair,Furniture,West,In-Store,1,148.32,0.0,148.32
109635,2024-09-20,Running Shoes,Fitness,South,In-Store,1,75.08,0.0,75.08
109649,2024-09-21,Bookshelf,Furniture,East,Online,1,100.41,0.2,100.41
109652,2024-09-21,Wireless Mouse,Electronics,Central,In-Store,1,17.92,0.0,17.92
109650,2024-09-21,Bookshelf,Furniture,West,In-Store,2,127.14,0.0,254.28
109648,2024-09-21,Fountain Pen,Stationery,East,Online,1,19.48,0.0,19.48
109651,2024-09-21,Desk Lamp,Furniture,West,Online,1,25.64,0.0,25.64
109646,2024-09-21,Wireless Mouse,Electronics,South,Online,1,19.55,0.0,19.55
109645,2024-09-21,Water Bottle,Fitness,North,Online,1,11.32,0.15,11.32
109644,2024-09-21,Bookshelf,Furniture,North,Online,3,120.22,0.0,360.66
109643,2024-09-21,Office Chair,Furniture,West,In-Store,1,148.93,0.0,148.93
109642,2024-09-21,Bookshelf,Furniture,West,In-Store,1,120.94,0.0,120.94
109641,2024-09-21,Resistance Bands,Fitness,South,Online,1,11.91,0.2,11.91
109640,2024-09-21,Desk Lamp,Furniture,East,Online,1,24.62,0.0,24.62
109647,2024-09-21,Fountain Pen,Stationery,East,Online,2,17.25,0.1,34.5
109666,2024-09-22,Planner,Stationery,East,Online,2,16.14,0.0,32.28
109672,2024-09-22,Office Chair,Furniture,Central,In-Store,1,150.43,0.0,150.43
109671,2024-09-22,Office Chair,Furniture,South,Online,2,148.79,0.0,297.58
109670,2024-09-22,Bookshelf,Furniture,South,In-Store,2,119.08,0.0,238.16
109669,2024-09-22,Dumbbell Set,Fitness,South,Online,1,84.27,0.0,84.27
109668,2024-09-22,Bluetooth Speaker,Electronics,North,Online,1,36.81,0.15,36.81
109667,2024-09-22,Fountain Pen,Stationery,East,In-Store,2,20.79,0.0,41.58
109665,2024-09-22,Wireless Mouse,Electronics,North,In-Store,3,17.3,0.1,51.9
109653,2024-09-22,USB-C Hub,Electronics,West,Online,1,24.64,0.2,24.64
109663,2024-09-22,Fountain Pen,Stationery,South,Online,2,17.44,0.1,34.88
109662,2024-09-22,Running Shoes,Fitness,South,In-Store,1,73.54,0.0,73.54
109661,2024-09-22,USB-C Hub,Electronics,East,Online,1,30.27,0.0,30.27
109660,2024-09-22,Yoga Mat,Fitness,North,In-Store,1,21.93,0.0,21.93
109659,2024-09-22,Wireless Mouse,Electronics,West,In-Store,1,19.36,0.0,19.36
109658,2024-09-22,Mechanical Keyboard,Electronics,West,In-Store,1,63.2,0.0,63.2
109657,2024-09-22,Dumbbell Set,Fitness,South,Online,3,85.16,0.0,255.48
109654,2024-09-22,USB-C Hub,Electronics,West,Online,2,29.41,0.0,58.82
109655,2024-09-22,Office Chair,Furniture,West,In-Store,2,146.82,0.0,293.64
109656,2024-09-22,Wireless Mouse,Electronics,South,Online,1,16.01,0.15,16.01
109664,2024-09-22,Noise-Cancel Headphones,Electronics,East,Online,1,132.54,0.0,132.54
109685,2024-09-23,USB-C Hub,Electronics,Central,Online,2,25.03,0.15,50.06
109684,2024-09-23,USB-C Hub,Electronics,South,In-Store,1,28.37,0.0,28.37
109683,2024-09-23,Fountain Pen,Stationery,West,Online,1,19.96,0.0,19.96
109682,2024-09-23,Office Chair,Furniture,South,Online,2,138.32,0.1,276.64
109678,2024-09-23,Planner,Stationery,East,Online,1,14.03,0.1,14.03
109680,2024-09-23,Yoga Mat,Fitness,North,Online,1,22.35,0.0,22.35
109679,2024-09-23,Wireless Mouse,Electronics,North,Online,1,18.31,0.0,18.31
109677,2024-09-23,Water Bottle,Fitness,East,In-Store,1,12.56,0.0,12.56
109676,2024-09-23,Wireless Mouse,Electronics,East,Online,1,17.82,0.1,17.82
109675,2024-09-23,Fountain Pen,Stationery,North,In-Store,2,19.23,0.0,38.46
109674,2024-09-23,Fountain Pen,Stationery,East,Online,1,19.23,0.0,19.23
109673,2024-09-23,Running Shoes,Fitness,Central,In-Store,1,72.94,0.0,72.94
109681,2024-09-23,Bluetooth Speaker,Electronics,East,Online,1,46.49,0.0,46.49
109698,2024-09-24,USB-C Hub,Electronics,South,In-Store,3,32.39,0.0,97.17
109697,2024-09-24,Bluetooth Speaker,Electronics,North,In-Store,2,46.56,0.0,93.12
109700,2024-09-24,Standing Desk,Furniture,South,In-Store,2,301.34,0.0,602.68
109699,2024-09-24,Mechanical Keyboard,Electronics,North,In-Store,1,66.88,0.0,66.88
109696,2024-09-24,Water Bottle,Fitness,Central,Online,3,12.94,0.0,38.82
109701,2024-09-24,Dumbbell Set,Fitness,Central,Online,1,92.98,0.0,92.98
109694,2024-09-24,Planner,Stationery,Central,Online,1,15.37,0.0,15.37
109686,2024-09-24,Office Chair,Furniture,Central,In-Store,1,145.45,0.0,145.45
109687,2024-09-24,Office Chair,Furniture,East,Online,1,147.83,0.0,147.83
109688,2024-09-24,Bluetooth Speaker,Electronics,West,Online,1,42.62,0.0,42.62
109689,2024-09-24,Resistance Bands,Fitness,East,Online,1,14.9,0.0,14.9
109695,2024-09-24,USB-C Hub,Electronics,North,In-Store,1,29.36,0.0,29.36
109692,2024-09-24,Mechanical Keyboard,Electronics,South,In-Store,1,66.89,0.0,66.89
109691,2024-09-24,Desk Lamp,Furniture,South,In-Store,1,25.7,0.0,25.7
109690,2024-09-24,Mechanical Keyboard,Electronics,East,In-Store,1,61.32,0.0,61.32
109693,2024-09-24,Resistance Bands,Fitness,West,Online,2,11.1,0.2,22.2
109710,2024-09-25,Desk Lamp,Furniture,South,Online,1,24.89,0.0,24.89
109709,2024-09-25,Water Bottle,Fitness,South,Online,2,13.37,0.0,26.74
109702,2024-09-25,Yoga Mat,Fitness,West,In-Store,2,21.0,0.0,42.0
109707,2024-09-25,Mechanical Keyboard,Electronics,North,Online,2,64.87,0.0,129.74
109706,2024-09-25,Planner,Stationery,East,In-Store,2,15.95,0.0,31.9
109705,2024-09-25,Mechanical Keyboard,Electronics,South,In-Store,1,66.03,0.0,66.03
109704,2024-09-25,Fountain Pen,Stationery,Central,Online,1,19.77,0.0,19.77
109703,2024-09-25,Office Chair,Furniture,South,Online,3,155.93,0.0,467.79
109708,2024-09-25,Mechanical Keyboard,Electronics,North,Online,1,66.42,0.0,66.42
109731,2024-09-26,Mechanical Keyboard,Electronics,Central,Online,1,65.96,0.0,65.96
109730,2024-09-26,Desk Lamp,Furniture,North,Online,2,24.7,0.0,49.4
109729,2024-09-26,Bookshelf,Furniture,South,In-Store,1,118.38,0.0,118.38
109728,2024-09-26,Water Bottle,Fitness,South,Online,1,12.82,0.0,12.82
109727,2024-09-26,Bookshelf,Furniture,North,Online,1,100.14,0.15,100.14
109726,2024-09-26,Water Bottle,Fitness,South,Online,1,12.99,0.0,12.99
109725,2024-09-26,Resistance Bands,Fitness,Central,In-Store,2,15.24,0.0,30.48
109724,2024-09-26,Mechanical Keyboard,Electronics,East,Online,2,59.1,0.1,118.2
109721,2024-09-26,Resistance Bands,Fitness,East,In-Store,2,14.54,0.0,29.08
109722,2024-09-26,Bookshelf,Furniture,South,In-Store,2,122.42,0.0,244.84
109711,2024-09-26,USB-C Hub,Electronics,North,In-Store,2,28.98,0.0,57.96
109712,2024-09-26,Wireless Mouse,Electronics,East,Online,2,14.89,0.2,29.78
109723,2024-09-26,Running Shoes,Fitness,East,Online,1,73.21,0.0,73.21
109714,2024-09-26,Noise-Cancel Headphones,Electronics,East,Online,2,132.86,0.0,265.72
109715,2024-09-26,Notebook Set,Stationery,West,In-Store,1,9.17,0.0,9.17
109713,2024-09-26,Office Chair,Furniture,East,In-Store,2,156.36,0.0,312.72
109717,2024-09-26,Resistance Bands,Fitness,South,Online,1,13.7,0.0,13.7
109719,2024-09-26,Resistance Bands,Fitness,North,In-Store,1,14.67,0.0,14.67
109720,2024-09-26,Planner,Stationery,North,In-Store,1,14.21,0.1,14.21
109716,2024-09-26,Notebook Set,Stationery,North,Online,2,9.17,0.0,18.34
109718,2024-09-26,Mechanical Keyboard,Electronics,West,Online,2,56.05,0.15,112.1
109742,2024-09-27,Planner,Stationery,South,Online,4,16.4,0.0,65.6
109746,2024-09-27,Standing Desk,Furniture,East,Online,1,301.34,0.0,301.34
109745,2024-09-27,Wireless Mouse,Electronics,West,Online,1,16.81,0.1,16.81
109744,2024-09-27,Water Bottle,Fitness,North,Online,1,11.44,0.1,11.44
109743,2024-09-27,Water Bottle,Fitness,East,Online,2,13.32,0.0,26.64
109741,2024-09-27,Wireless Mouse,Electronics,West,In-Store,1,19.51,0.0,19.51
109739,2024-09-27,Bookshelf,Furniture,Central,In-Store,2,120.86,0.0,241.72
109738,2024-09-27,Mechanical Keyboard,Electronics,North,Online,1,62.95,0.0,62.95
109737,2024-09-27,Running Shoes,Fitness,South,Online,1,70.46,0.0,70.46
109736,2024-09-27,Wireless Mouse,Electronics,East,Online,1,15.42,0.15,15.42
109735,2024-09-27,Bluetooth Speaker,Electronics,South,Online,1,46.72,0.0,46.72
109734,2024-09-27,Fountain Pen,Stationery,Central,Online,1,18.93,0.0,18.93
109733,2024-09-27,Mechanical Keyboard,Electronics,West,In-Store,2,65.01,0.0,130.02
109740,2024-09-27,Yoga Mat,Fitness,Central,In-Store,1,22.04,0.0,22.04
109732,2024-09-27,Mechanical Keyboard,Electronics,South,In-Store,1,67.63,0.0,67.63
109762,2024-09-28,Office Chair,Furniture,East,In-Store,2,149.23,0.0,298.46
109761,2024-09-28,Desk Lamp,Furniture,Central,Online,1,25.39,0.0,25.39
109760,2024-09-28,Notebook Set,Stationery,East,In-Store,1,9.32,0.0,9.32
109759,2024-09-28,USB-C Hub,Electronics,East,Online,3,28.71,0.0,86.13
109758,2024-09-28,Noise-Cancel Headphones,Electronics,Central,In-Store,1,130.42,0.0,130.42
109757,2024-09-28,USB-C Hub,Electronics,South,In-Store,1,22.8,0.2,22.8
109756,2024-09-28,Bluetooth Speaker,Electronics,East,Online,2,38.2,0.15,76.4
109755,2024-09-28,Mechanical Keyboard,Electronics,Central,In-Store,1,63.76,0.0,63.76
109754,2024-09-28,USB-C Hub,Electronics,East,Online,1,25.01,0.2,25.01
109753,2024-09-28,Office Chair,Furniture,South,In-Store,2,142.91,0.0,285.82
109752,2024-09-28,Resistance Bands,Fitness,Central,In-Store,1,14.6,0.0,14.6
109751,2024-09-28,Mechanical Keyboard,Electronics,East,In-Store,1,64.85,0.0,64.85
109750,2024-09-28,Yoga Mat,Fitness,West,Online,4,20.74,0.0,82.96
109749,2024-09-28,Bookshelf,Furniture,South,Online,1,93.99,0.2,93.99
109748,2024-09-28,Wireless Mouse,Electronics,South,In-Store,1,19.21,0.0,19.21
109747,2024-09-28,Standing Desk,Furniture,South,Online,1,304.66,0.0,304.66
109775,2024-09-29,USB-C Hub,Electronics,South,In-Store,1,26.69,0.1,26.69
109774,2024-09-29,Bookshelf,Furniture,West,Online,1,95.68,0.2,95.68
109773,2024-09-29,Bluetooth Speaker,Electronics,North,In-Store,1,45.5,0.0,45.5
109772,2024-09-29,Water Bottle,Fitness,North,Online,2,13.46,0.0,26.92
109764,2024-09-29,Fountain Pen,Stationery,East,Online,3,19.81,0.0,59.43
109770,2024-09-29,Noise-Cancel Headphones,Electronics,North,In-Store,1,131.01,0.0,131.01
109769,2024-09-29,Mechanical Keyboard,Electronics,West,Online,1,65.99,0.0,65.99
109768,2024-09-29,Water Bottle,Fitness,East,In-Store,2,10.7,0.15,21.4
109767,2024-09-29,Fountain Pen,Stationery,North,In-Store,1,16.73,0.1,16.73
109766,2024-09-29,Desk Lamp,Furniture,West,In-Store,1,26.01,0.0,26.01
109765,2024-09-29,Office Chair,Furniture,West,In-Store,2,145.97,0.0,291.94
109763,2024-09-29,Dumbbell Set,Fitness,East,In-Store,1,93.8,0.0,93.8
109771,2024-09-29,USB-C Hub,Electronics,South,Online,1,30.38,0.0,30.38
109795,2024-09-30,Notebook Set,Stationery,West,In-Store,1,9.13,0.0,9.13
109794,2024-09-30,Desk Lamp,Furniture,West,Online,1,21.71,0.15,21.71
109793,2024-09-30,Planner,Stationery,South,In-Store,3,17.09,0.0,51.27
109792,2024-09-30,Fountain Pen,Stationery,Central,Online,1,19.53,0.0,19.53
109791,2024-09-30,Standing Desk,Furniture,North,In-Store,1,273.59,0.1,273.59
109790,2024-09-30,USB-C Hub,Electronics,East,Online,1,29.25,0.0,29.25
109789,2024-09-30,Wireless Mouse,Electronics,East,Online,2,18.87,0.0,37.74
109788,2024-09-30,Desk Lamp,Furniture,East,In-Store,1,23.74,0.0,23.74
109786,2024-09-30,Resistance Bands,Fitness,South,Online,1,14.61,0.0,14.61
109785,2024-09-30,Standing Desk,Furniture,South,Online,2,293.48,0.0,586.96
109778,2024-09-30,Mechanical Keyboard,Electronics,West,In-Store,1,66.84,0.0,66.84
109777,2024-09-30,Running Shoes,Fitness,West,Online,2,74.02,0.0,148.04
109776,2024-09-30,Running Shoes,Fitness,South,Online,1,74.36,0.0,74.36
109779,2024-09-30,Mechanical Keyboard,Electronics,East,Online,1,62.85,0.0,62.85
109787,2024-09-30,Yoga Mat,Fitness,Central,In-Store,1,21.56,0.0,21.56
109781,2024-09-30,Fountain Pen,Stationery,South,Online,2,18.41,0.1,36.82
109780,2024-09-30,Fountain Pen,Stationery,East,Online,1,18.41,0.1,18.41
109782,2024-09-30,USB-C Hub,Electronics,West,Online,2,27.97,0.0,55.94
109783,2024-09-30,Noise-Cancel Headphones,Electronics,South,In-Store,2,129.38,0.0,258.76
109784,2024-09-30,Water Bottle,Fitness,South,In-Store,1,12.86,0.0,12.86
109806,2024-10-01,Wireless Mouse,Electronics,East,In-Store,1,18.17,0.0,18.17
109804,2024-10-01,Office Chair,Furniture,North,Online,2,146.49,0.0,292.98
109803,2024-10-01,Bluetooth Speaker,Electronics,East,Online,2,46.46,0.0,92.92
109805,2024-10-01,Bluetooth Speaker,Electronics,South,In-Store,2,46.89,0.0,93.78
109801,2024-10-01,Fountain Pen,Stationery,Central,Online,1,20.02,0.0,20.02
109800,2024-10-01,Resistance Bands,Fitness,North,In-Store,2,14.59,0.0,29.18
109799,2024-10-01,Dumbbell Set,Fitness,East,In-Store,2,87.78,0.0,175.56
109798,2024-10-01,Yoga Mat,Fitness,Central,In-Store,2,20.01,0.1,40.02
109797,2024-10-01,Bluetooth Speaker,Electronics,North,In-Store,1,46.35,0.0,46.35
109796,2024-10-01,Wireless Mouse,Electronics,North,Online,1,15.06,0.2,15.06
109802,2024-10-01,Bluetooth Speaker,Electronics,South,In-Store,1,44.29,0.0,44.29
109818,2024-10-02,Water Bottle,Fitness,West,Online,3,11.64,0.1,34.92
109821,2024-10-02,Mechanical Keyboard,Electronics,South,Online,1,58.13,0.1,58.13
109820,2024-10-02,Water Bottle,Fitness,North,In-Store,1,13.3,0.0,13.3
109819,2024-10-02,Wireless Mouse,Electronics,East,Online,1,17.98,0.0,17.98
109817,2024-10-02,Running Shoes,Fitness,South,Online,2,74.41,0.0,148.82
109813,2024-10-02,Wireless Mouse,Electronics,North,In-Store,2,19.42,0.0,38.84
109815,2024-10-02,Water Bottle,Fitness,West,In-Store,1,12.98,0.0,12.98
109814,2024-10-02,Bookshelf,Furniture,Central,Online,2,120.28,0.0,240.56
109812,2024-10-02,Office Chair,Furniture,East,In-Store,2,129.82,0.15,259.64
109811,2024-10-02,Notebook Set,Stationery,West,In-Store,2,9.14,0.0,18.28
109809,2024-10-02,Bookshelf,Furniture,North,Online,1,125.4,0.0,125.4
109808,2024-10-02,Bluetooth Speaker,Electronics,North,Online,1,36.75,0.2,36.75
109807,2024-10-02,Office Chair,Furniture,South,Online,1,152.6,0.0,152.6
109816,2024-10-02,Running Shoes,Fitness,North,Online,1,72.84,0.0,72.84
109810,2024-10-02,Notebook Set,Stationery,West,Online,1,9.05,0.0,9.05
109833,2024-10-03,Yoga Mat,Fitness,North,In-Store,2,20.6,0.0,41.2
109838,2024-10-03,Desk Lamp,Furniture,Central,Online,1,25.25,0.0,25.25
109837,2024-10-03,Running Shoes,Fitness,Central,In-Store,1,75.07,0.0,75.07
109836,2024-10-03,Bookshelf,Furniture,North,In-Store,1,121.86,0.0,121.86
109835,2024-10-03,Bookshelf,Furniture,Central,In-Store,2,130.36,0.0,260.72
109834,2024-10-03,Mechanical Keyboard,Electronics,Central,Online,1,64.43,0.0,64.43
109832,2024-10-03,USB-C Hub,Electronics,East,Online,1,30.74,0.0,30.74
109830,2024-10-03,Office Chair,Furniture,Central,Online,2,156.42,0.0,312.84
109829,2024-10-03,Wireless Mouse,Electronics,East,Online,2,18.47,0.0,36.94
109828,2024-10-03,Yoga Mat,Fitness,West,Online,2,22.39,0.0,44.78
109827,2024-10-03,Wireless Mouse,Electronics,South,In-Store,2,16.48,0.15,32.96
109826,2024-10-03,Wireless Mouse,Electronics,East,Online,1,18.21,0.0,18.21
109825,2024-10-03,Mechanical Keyboard,Electronics,South,Online,1,59.76,0.0,59.76
109824,2024-10-03,Dumbbell Set,Fitness,South,In-Store,1,88.71,0.0,88.71
109823,2024-10-03,Resistance Bands,Fitness,Central,Online,1,13.44,0.1,13.44
109822,2024-10-03,Fountain Pen,Stationery,South,In-Store,1,18.94,0.1,18.94
109831,2024-10-03,Running Shoes,Fitness,East,Online,2,75.48,0.0,150.96
109853,2024-10-04,Mechanical Keyboard,Electronics,South,In-Store,2,62.23,0.1,124.46
109852,2024-10-04,Resistance Bands,Fitness,East,In-Store,1,14.33,0.0,14.33
109851,2024-10-04,Noise-Cancel Headphones,Electronics,North,In-Store,2,131.2,0.0,262.4
109850,2024-10-04,USB-C Hub,Electronics,Central,Online,3,32.32,0.0,96.96
109849,2024-10-04,Noise-Cancel Headphones,Electronics,Central,Online,1,102.66,0.2,102.66
109846,2024-10-04,Water Bottle,Fitness,Central,Online,1,12.76,0.0,12.76
109847,2024-10-04,Resistance Bands,Fitness,Central,In-Store,1,13.98,0.0,13.98
109845,2024-10-04,Fountain Pen,Stationery,South,Online,2,19.66,0.0,39.32
109844,2024-10-04,Bookshelf,Furniture,West,In-Store,1,120.89,0.0,120.89
109843,2024-10-04,Running Shoes,Fitness,South,In-Store,1,68.7,0.1,68.7
109842,2024-10-04,Planner,Stationery,South,Online,1,15.61,0.0,15.61
109841,2024-10-04,Bookshelf,Furniture,South,Online,1,112.48,0.1,112.48
109840,2024-10-04,Fountain Pen,Stationery,South,In-Store,2,20.03,0.0,40.06
109839,2024-10-04,Office Chair,Furniture,South,In-Store,4,144.91,0.0,579.64
109848,2024-10-04,Office Chair,Furniture,East,In-Store,2,141.83,0.0,283.66
109862,2024-10-05,USB-C Hub,Electronics,East,In-Store,1,30.53,0.0,30.53
109863,2024-10-05,Bookshelf,Furniture,North,In-Store,1,123.39,0.0,123.39
109861,2024-10-05,Yoga Mat,Fitness,Central,Online,2,22.62,0.0,45.24
109854,2024-10-05,Wireless Mouse,Electronics,Central,Online,1,18.97,0.0,18.97
109859,2024-10-05,Wireless Mouse,Electronics,Central,Online,1,18.82,0.0,18.82
109858,2024-10-05,Standing Desk,Furniture,South,Online,1,301.12,0.0,301.12
109857,2024-10-05,Office Chair,Furniture,South,In-Store,1,156.96,0.0,156.96
109856,2024-10-05,Bookshelf,Furniture,Central,Online,1,119.73,0.0,119.73
109855,2024-10-05,Mechanical Keyboard,Electronics,Central,Online,1,59.15,0.1,59.15
109860,2024-10-05,Planner,Stationery,Central,Online,1,16.42,0.0,16.42
109887,2024-10-06,Bookshelf,Furniture,North,Online,1,116.34,0.0,116.34
109886,2024-10-06,Water Bottle,Fitness,West,Online,1,13.23,0.0,13.23
109885,2024-10-06,Standing Desk,Furniture,North,Online,1,297.17,0.0,297.17
109884,2024-10-06,Water Bottle,Fitness,West,Online,1,12.44,0.0,12.44
109882,2024-10-06,Running Shoes,Fitness,South,In-Store,2,79.02,0.0,158.04
109881,2024-10-06,Office Chair,Furniture,North,In-Store,1,156.82,0.0,156.82
109880,2024-10-06,Notebook Set,Stationery,East,Online,1,8.02,0.1,8.02
109879,2024-10-06,Fountain Pen,Stationery,West,Online,2,19.38,0.0,38.76
109878,2024-10-06,Resistance Bands,Fitness,East,Online,1,14.96,0.0,14.96
109883,2024-10-06,Standing Desk,Furniture,East,Online,2,310.57,0.0,621.14
109876,2024-10-06,Running Shoes,Fitness,West,In-Store,1,75.51,0.0,75.51
109864,2024-10-06,Bookshelf,Furniture,South,Online,1,123.54,0.0,123.54
109865,2024-10-06,Office Chair,Furniture,West,In-Store,1,148.03,0.0,148.03
109877,2024-10-06,Bluetooth Speaker,Electronics,West,In-Store,2,46.34,0.0,92.68
109866,2024-10-06,Water Bottle,Fitness,South,Online,1,12.54,0.0,12.54
109867,2024-10-06,Mechanical Keyboard,Electronics,Central,In-Store,2,57.57,0.1,115.14
109868,2024-10-06,Resistance Bands,Fitness,East,Online,2,14.24,0.0,28.48
109875,2024-10-06,Notebook Set,Stationery,Central,Online,1,8.9,0.0,8.9
109870,2024-10-06,USB-C Hub,Electronics,Central,Online,1,30.2,0.0,30.2
109872,2024-10-06,Running Shoes,Fitness,East,In-Store,2,71.82,0.0,143.64
109873,2024-10-06,Running Shoes,Fitness,North,Online,1,76.52,0.0,76.52
109874,2024-10-06,Fountain Pen,Stationery,South,In-Store,1,19.93,0.0,19.93
109869,2024-10-06,Resistance Bands,Fitness,North,In-Store,1,13.37,0.1,13.37
109871,2024-10-06,Running Shoes,Fitness,West,Online,1,78.45,0.0,78.45
109891,2024-10-07,Noise-Cancel Headphones,Electronics,Central,In-Store,1,130.89,0.0,130.89
109890,2024-10-07,Noise-Cancel Headphones,Electronics,North,In-Store,1,129.41,0.0,129.41
109889,2024-10-07,Notebook Set,Stationery,West,Online,1,9.79,0.0,9.79
109898,2024-10-07,Planner,Stationery,South,Online,1,15.93,0.0,15.93
109897,2024-10-07,Noise-Cancel Headphones,Electronics,South,Online,1,118.91,0.1,118.91
109888,2024-10-07,USB-C Hub,Electronics,East,Online,1,29.82,0.0,29.82
109895,2024-10-07,Dumbbell Set,Fitness,North,Online,1,89.03,0.0,89.03
109894,2024-10-07,Office Chair,Furniture,East,Online,1,150.14,0.0,150.14
109893,2024-10-07,Running Shoes,Fitness,North,In-Store,1,73.12,0.0,73.12
109892,2024-10-07,USB-C Hub,Electronics,Central,In-Store,2,30.54,0.0,61.08
109896,2024-10-07,Office Chair,Furniture,North,Online,1,149.39,0.0,149.39
109911,2024-10-08,Planner,Stationery,East,Online,1,16.55,0.0,16.55
109917,2024-10-08,Desk Lamp,Furniture,East,Online,1,25.3,0.0,25.3
109916,2024-10-08,Yoga Mat,Fitness,North,In-Store,1,20.9,0.0,20.9
109915,2024-10-08,Dumbbell Set,Fitness,East,Online,1,87.75,0.0,87.75
109914,2024-10-08,Wireless Mouse,Electronics,South,In-Store,4,19.58,0.0,78.32
109912,2024-10-08,Dumbbell Set,Fitness,South,In-Store,1,87.32,0.0,87.32
109910,2024-10-08,Bookshelf,Furniture,East,Online,1,120.91,0.0,120.91
109913,2024-10-08,Resistance Bands,Fitness,Central,In-Store,1,14.42,0.0,14.42
109908,2024-10-08,Noise-Cancel Headphones,Electronics,East,Online,1,129.91,0.0,129.91
109907,2024-10-08,Running Shoes,Fitness,East,Online,2,75.28,0.0,150.56
109899,2024-10-08,Notebook Set,Stationery,Central,Online,1,7.96,0.1,7.96
109906,2024-10-08,Running Shoes,Fitness,South,In-Store,2,75.35,0.0,150.7
109905,2024-10-08,Noise-Cancel Headphones,Electronics,Central,Online,1,129.51,0.0,129.51
109904,2024-10-08,Noise-Cancel Headphones,Electronics,East,Online,1,134.06,0.0,134.06
109903,2024-10-08,USB-C Hub,Electronics,Central,Online,2,31.4,0.0,62.8
109900,2024-10-08,USB-C Hub,Electronics,South,Online,1,25.26,0.15,25.26
109901,2024-10-08,Wireless Mouse,Electronics,West,Online,1,18.66,0.0,18.66
109902,2024-10-08,Noise-Cancel Headphones,Electronics,North,Online,2,133.55,0.0,267.1
109909,2024-10-08,Dumbbell Set,Fitness,South,Online,1,93.25,0.0,93.25
109927,2024-10-09,Water Bottle,Fitness,Central,Online,1,11.47,0.1,11.47
109926,2024-10-09,Notebook Set,Stationery,Central,Online,1,9.28,0.0,9.28
109925,2024-10-09,Resistance Bands,Fitness,North,Online,1,14.06,0.0,14.06
109923,2024-10-09,Planner,Stationery,West,In-Store,2,15.18,0.0,30.36
109922,2024-10-09,Office Chair,Furniture,South,In-Store,2,144.31,0.0,288.62
109921,2024-10-09,Yoga Mat,Fitness,South,Online,1,22.49,0.0,22.49
109920,2024-10-09,Resistance Bands,Fitness,North,In-Store,2,13.83,0.0,27.66
109919,2024-10-09,Running Shoes,Fitness,East,Online,1,77.85,0.0,77.85
109918,2024-10-09,Planner,Stationery,North,In-Store,1,15.42,0.0,15.42
109924,2024-10-09,Office Chair,Furniture,West,Online,1,146.48,0.0,146.48
109938,2024-10-10,USB-C Hub,Electronics,Central,Online,1,25.67,0.1,25.67
109940,2024-10-10,Fountain Pen,Stationery,South,Online,3,19.29,0.0,57.87
109939,2024-10-10,Bookshelf,Furniture,North,Online,1,119.32,0.0,119.32
109937,2024-10-10,Standing Desk,Furniture,East,Online,3,293.92,0.0,881.76
109932,2024-10-10,Fountain Pen,Stationery,West,In-Store,2,19.54,0.0,39.08
109935,2024-10-10,Water Bottle,Fitness,West,In-Store,1,12.99,0.0,12.99
109934,2024-10-10,Noise-Cancel Headphones,Electronics,North,Online,1,134.69,0.0,134.69
109933,2024-10-10,Standing Desk,Furniture,South,In-Store,2,280.31,0.0,560.62
109928,2024-10-10,Office Chair,Furniture,South,Online,1,134.51,0.1,134.51
109931,2024-10-10,Resistance Bands,Fitness,East,Online,2,14.51,0.0,29.02
109930,2024-10-10,Office Chair,Furniture,North,In-Store,1,150.28,0.0,150.28
109929,2024-10-10,Standing Desk,Furniture,West,Online,3,250.21,0.15,750.63
109936,2024-10-10,Noise-Cancel Headphones,Electronics,Central,Online,1,131.12,0.0,131.12
109954,2024-10-11,Running Shoes,Fitness,North,Online,2,69.98,0.0,139.96
109953,2024-10-11,Water Bottle,Fitness,South,Online,1,12.51,0.0,12.51
109952,2024-10-11,Water Bottle,Fitness,West,In-Store,1,13.02,0.0,13.02
109951,2024-10-11,Dumbbell Set,Fitness,North,Online,2,92.57,0.0,185.14
109950,2024-10-11,Standing Desk,Furniture,West,Online,2,298.77,0.0,597.54
109949,2024-10-11,Desk Lamp,Furniture,East,In-Store,1,22.99,0.0,22.99
109948,2024-10-11,Standing Desk,Furniture,Central,In-Store,3,299.72,0.0,899.16
109947,2024-10-11,Noise-Cancel Headphones,Electronics,East,Online,2,131.4,0.0,262.8
109946,2024-10-11,USB-C Hub,Electronics,North,In-Store,1,29.87,0.0,29.87
109945,2024-10-11,Dumbbell Set,Fitness,North,Online,2,90.37,0.0,180.74
109944,2024-10-11,Running Shoes,Fitness,East,In-Store,2,76.65,0.0,153.3
109943,2024-10-11,Planner,Stationery,West,Online,1,15.62,0.0,15.62
109942,2024-10-11,Running Shoes,Fitness,South,Online,2,74.61,0.0,149.22
109941,2024-10-11,Bookshelf,Furniture,South,Online,4,118.83,0.0,475.32
109964,2024-10-12,Desk Lamp,Furniture,West,Online,1,25.44,0.0,25.44
109963,2024-10-12,Mechanical Keyboard,Electronics,West,Online,1,64.06,0.0,64.06
109962,2024-10-12,Fountain Pen,Stationery,North,In-Store,1,21.11,0.0,21.11
109955,2024-10-12,Dumbbell Set,Fitness,North,In-Store,1,91.88,0.0,91.88
109960,2024-10-12,Water Bottle,Fitness,Central,Online,1,13.07,0.0,13.07
109959,2024-10-12,Office Chair,Furniture,East,Online,1,133.68,0.1,133.68
109958,2024-10-12,Fountain Pen,Stationery,North,Online,2,17.74,0.1,35.48
109957,2024-10-12,Dumbbell Set,Fitness,North,In-Store,2,93.75,0.0,187.5
109956,2024-10-12,Standing Desk,Furniture,North,Online,1,308.1,0.0,308.1
109961,2024-10-12,Water Bottle,Fitness,East,Online,1,13.26,0.0,13.26
109980,2024-10-13,Water Bottle,Fitness,East,Online,1,12.82,0.0,12.82
109979,2024-10-13,Office Chair,Furniture,North,In-Store,2,148.34,0.0,296.68
109978,2024-10-13,Fountain Pen,Stationery,Central,Online,2,19.99,0.0,39.98
109976,2024-10-13,Water Bottle,Fitness,North,Online,1,13.3,0.0,13.3
109975,2024-10-13,Noise-Cancel Headphones,Electronics,West,In-Store,1,125.68,0.0,125.68
109977,2024-10-13,Desk Lamp,Furniture,South,Online,1,24.77,0.0,24.77
109973,2024-10-13,Office Chair,Furniture,East,In-Store,2,146.66,0.0,293.32
109965,2024-10-13,Wireless Mouse,Electronics,South,Online,2,19.91,0.0,39.82
109966,2024-10-13,Fountain Pen,Stationery,West,In-Store,1,19.07,0.0,19.07
109967,2024-10-13,Bookshelf,Furniture,South,Online,1,116.05,0.0,116.05
109968,2024-10-13,Noise-Cancel Headphones,Electronics,South,Online,1,126.45,0.0,126.45
109974,2024-10-13,USB-C Hub,Electronics,Central,Online,1,29.01,0.0,29.01
109969,2024-10-13,Dumbbell Set,Fitness,Central,Online,1,92.46,0.0,92.46
109970,2024-10-13,Fountain Pen,Stationery,East,In-Store,1,16.37,0.2,16.37
109971,2024-10-13,Dumbbell Set,Fitness,Central,Online,2,92.54,0.0,185.08
109972,2024-10-13,Running Shoes,Fitness,Central,In-Store,1,73.91,0.0,73.91
109981,2024-10-14,USB-C Hub,Electronics,East,In-Store,1,29.13,0.0,29.13
109991,2024-10-14,Notebook Set,Stationery,North,Online,1,8.76,0.0,8.76
109990,2024-10-14,Bluetooth Speaker,Electronics,South,In-Store,1,45.48,0.0,45.48
109989,2024-10-14,Notebook Set,Stationery,North,Online,2,9.21,0.0,18.42
109987,2024-10-14,Resistance Bands,Fitness,West,Online,1,14.21,0.0,14.21
109986,2024-10-14,Planner,Stationery,North,In-Store,1,16.17,0.0,16.17
109985,2024-10-14,Running Shoes,Fitness,West,Online,4,75.21,0.0,300.84
109984,2024-10-14,Standing Desk,Furniture,Central,In-Store,2,303.72,0.0,607.44
109983,2024-10-14,Running Shoes,Fitness,West,Online,1,77.26,0.0,77.26
109982,2024-10-14,Wireless Mouse,Electronics,West,Online,1,18.25,0.0,18.25
109988,2024-10-14,Resistance Bands,Fitness,Central,Online,1,14.42,0.0,14.42
110000,2024-10-15,Wireless Mouse,Electronics,South,Online,4,19.88,0.0,79.52
110001,2024-10-15,Fountain Pen,Stationery,Central,Online,2,20.06,0.0,40.12
109999,2024-10-15,Water Bottle,Fitness,West,In-Store,1,11.78,0.15,11.78
109994,2024-10-15,Running Shoes,Fitness,South,In-Store,1,74.49,0.0,74.49
109997,2024-10-15,Running Shoes,Fitness,East,Online,2,76.4,0.0,152.8
109996,2024-10-15,Bluetooth Speaker,Electronics,West,Online,1,45.7,0.0,45.7
109995,2024-10-15,Planner,Stationery,East,Online,1,12.68,0.2,12.68
109993,2024-10-15,Bluetooth Speaker,Electronics,East,Online,1,46.91,0.0,46.91
109992,2024-10-15,Water Bottle,Fitness,West,In-Store,1,12.77,0.0,12.77
109998,2024-10-15,Bluetooth Speaker,Electronics,North,Online,2,45.93,0.0,91.86
110010,2024-10-16,Bookshelf,Furniture,North,Online,3,120.38,0.0,361.14
110009,2024-10-16,Mechanical Keyboard,Electronics,South,Online,3,53.24,0.2,159.72
110005,2024-10-16,Wireless Mouse,Electronics,North,Online,1,19.84,0.0,19.84
110007,2024-10-16,Water Bottle,Fitness,South,Online,1,13.51,0.0,13.51
110002,2024-10-16,Office Chair,Furniture,Central,Online,1,116.39,0.15,116.39
110003,2024-10-16,Bluetooth Speaker,Electronics,South,In-Store,3,45.11,0.0,135.33
110008,2024-10-16,Bookshelf,Furniture,Central,Online,2,119.13,0.0,238.26
110004,2024-10-16,Water Bottle,Fitness,North,Online,2,13.02,0.0,26.04
110006,2024-10-16,Desk Lamp,Furniture,West,Online,1,25.38,0.0,25.38
110014,2024-10-17,Noise-Cancel Headphones,Electronics,Central,In-Store,1,102.59,0.2,102.59
110015,2024-10-17,Yoga Mat,Fitness,North,Online,1,21.31,0.0,21.31
110016,2024-10-17,Bookshelf,Furniture,West,In-Store,2,94.98,0.2,189.96
110017,2024-10-17,Wireless Mouse,Electronics,North,Online,1,18.3,0.0,18.3
110012,2024-10-17,Wireless Mouse,Electronics,Central,Online,2,18.34,0.0,36.68
110011,2024-10-17,Water Bottle,Fitness,North,Online,2,13.02,0.0,26.04
110013,2024-10-17,Notebook Set,Stationery,South,Online,1,8.96,0.0,8.96
110031,2024-10-18,Planner,Stationery,North,Online,1,15.56,0.0,15.56
110037,2024-10-18,Office Chair,Furniture,Central,Online,1,157.18,0.0,157.18
110036,2024-10-18,Running Shoes,Fitness,West,In-Store,1,74.63,0.0,74.63
110035,2024-10-18,Dumbbell Set,Fitness,South,In-Store,1,92.94,0.0,92.94
110034,2024-10-18,Wireless Mouse,Electronics,South,In-Store,1,18.45,0.0,18.45
110033,2024-10-18,Fountain Pen,Stationery,South,Online,1,20.31,0.0,20.31
110032,2024-10-18,Wireless Mouse,Electronics,East,Online,3,16.51,0.15,49.53
110030,2024-10-18,Notebook Set,Stationery,South,Online,1,8.9,0.0,8.9
110022,2024-10-18,Wireless Mouse,Electronics,South,In-Store,1,18.91,0.0,18.91
110028,2024-10-18,USB-C Hub,Electronics,West,Online,2,29.69,0.0,59.38
110018,2024-10-18,Running Shoes,Fitness,West,Online,1,77.54,0.0,77.54
110020,2024-10-18,Noise-Cancel Headphones,Electronics,South,Online,1,123.0,0.0,123.0
110029,2024-10-18,Dumbbell Set,Fitness,East,Online,2,88.43,0.0,176.86
110021,2024-10-18,Resistance Bands,Fitness,Central,In-Store,2,14.44,0.0,28.88
110019,2024-10-18,Planner,Stationery,East,In-Store,1,15.94,0.0,15.94
110024,2024-10-18,Planner,Stationery,Central,In-Store,1,15.36,0.0,15.36
110027,2024-10-18,Bluetooth Speaker,Electronics,South,Online,1,38.67,0.15,38.67
110026,2024-10-18,Yoga Mat,Fitness,West,Online,1,19.14,0.1,19.14
110023,2024-10-18,Desk Lamp,Furniture,North,In-Store,1,25.37,0.0,25.37
110025,2024-10-18,Yoga Mat,Fitness,Central,Online,1,22.32,0.0,22.32
110051,2024-10-19,USB-C Hub,Electronics,North,Online,2,29.67,0.0,59.34
110049,2024-10-19,Desk Lamp,Furniture,East,In-Store,1,23.36,0.0,23.36
110048,2024-10-19,Standing Desk,Furniture,South,In-Store,1,299.17,0.0,299.17
110046,2024-10-19,Bluetooth Speaker,Electronics,North,Online,2,41.53,0.1,83.06
110050,2024-10-19,Noise-Cancel Headphones,Electronics,North,Online,1,120.2,0.1,120.2
110044,2024-10-19,Noise-Cancel Headphones,Electronics,West,Online,2,141.33,0.0,282.66
110038,2024-10-19,Notebook Set,Stationery,North,In-Store,2,8.81,0.0,17.62
110045,2024-10-19,Resistance Bands,Fitness,West,Online,1,14.13,0.0,14.13
110039,2024-10-19,Standing Desk,Furniture,South,Online,1,306.07,0.0,306.07
110047,2024-10-19,Office Chair,Furniture,East,In-Store,1,126.68,0.1,126.68
110041,2024-10-19,Water Bottle,Fitness,North,In-Store,1,14.32,0.0,14.32
110042,2024-10-19,Desk Lamp,Furniture,North,Online,1,25.23,0.0,25.23
110043,2024-10-19,Standing Desk,Furniture,Central,In-Store,1,298.01,0.0,298.01
110040,2024-10-19,Noise-Cancel Headphones,Electronics,South,Online,1,112.65,0.1,112.65
110064,2024-10-20,Running Shoes,Fitness,North,In-Store,1,76.25,0.0,76.25
110071,2024-10-20,Standing Desk,Furniture,Central,Online,1,247.37,0.2,247.37
110069,2024-10-20,Bluetooth Speaker,Electronics,West,In-Store,1,40.31,0.1,40.31
110068,2024-10-20,Fountain Pen,Stationery,North,Online,1,19.12,0.0,19.12
110067,2024-10-20,Planner,Stationery,East,In-Store,2,15.6,0.0,31.2
110066,2024-10-20,Bookshelf,Furniture,East,Online,2,117.79,0.0,235.58
110065,2024-10-20,Bluetooth Speaker,Electronics,East,Online,1,45.97,0.0,45.97
110070,2024-10-20,Fountain Pen,Stationery,North,In-Store,2,21.13,0.0,42.26
110063,2024-10-20,Planner,Stationery,East,In-Store,1,14.39,0.1,14.39
110061,2024-10-20,Noise-Cancel Headphones,Electronics,North,In-Store,1,131.74,0.0,131.74
110052,2024-10-20,Running Shoes,Fitness,West,In-Store,1,79.53,0.0,79.53
110053,2024-10-20,Dumbbell Set,Fitness,Central,In-Store,2,91.64,0.0,183.28
110062,2024-10-20,Bookshelf,Furniture,Central,Online,1,119.02,0.0,119.02
110054,2024-10-20,Dumbbell Set,Fitness,South,In-Store,1,91.0,0.0,91.0
110059,2024-10-20,Standing Desk,Furniture,Central,In-Store,1,297.86,0.0,297.86
110056,2024-10-20,Dumbbell Set,Fitness,North,Online,2,78.89,0.1,157.78
110055,2024-10-20,Dumbbell Set,Fitness,North,In-Store,1,81.33,0.0,81.33
110057,2024-10-20,Bookshelf,Furniture,West,Online,2,127.06,0.0,254.12
110058,2024-10-20,Resistance Bands,Fitness,South,In-Store,2,14.55,0.0,29.1
110060,2024-10-20,Running Shoes,Fitness,Central,Online,1,75.39,0.0,75.39
110090,2024-10-21,Planner,Stationery,North,Online,1,16.09,0.0,16.09
110089,2024-10-21,Bluetooth Speaker,Electronics,North,In-Store,3,44.73,0.0,134.19
110088,2024-10-21,Bluetooth Speaker,Electronics,West,Online,2,44.61,0.0,89.22
110087,2024-10-21,Planner,Stationery,North,In-Store,1,16.12,0.0,16.12
110086,2024-10-21,Bluetooth Speaker,Electronics,South,Online,1,43.84,0.0,43.84
110084,2024-10-21,Standing Desk,Furniture,East,In-Store,1,326.73,0.0,326.73
110083,2024-10-21,Water Bottle,Fitness,North,In-Store,1,11.23,0.1,11.23
110085,2024-10-21,Desk Lamp,Furniture,East,Online,1,24.78,0.0,24.78
110081,2024-10-21,Water Bottle,Fitness,North,Online,1,13.49,0.0,13.49
110072,2024-10-21,Wireless Mouse,Electronics,North,In-Store,1,18.35,0.0,18.35
110073,2024-10-21,Fountain Pen,Stationery,South,In-Store,2,21.43,0.0,42.86
110082,2024-10-21,Running Shoes,Fitness,North,Online,1,74.78,0.0,74.78
110075,2024-10-21,Fountain Pen,Stationery,East,In-Store,2,20.58,0.0,41.16
110076,2024-10-21,Mechanical Keyboard,Electronics,South,Online,1,63.87,0.0,63.87
110074,2024-10-21,Yoga Mat,Fitness,Central,In-Store,3,18.44,0.2,55.32
110078,2024-10-21,Bluetooth Speaker,Electronics,South,Online,1,45.64,0.0,45.64
110079,2024-10-21,Notebook Set,Stationery,South,In-Store,1,8.35,0.0,8.35
110080,2024-10-21,Office Chair,Furniture,Central,In-Store,2,151.16,0.0,302.32
110077,2024-10-21,Planner,Stationery,East,Online,1,15.72,0.0,15.72
110103,2024-10-22,Office Chair,Furniture,Central,In-Store,1,148.68,0.0,148.68
110107,2024-10-22,Running Shoes,Fitness,South,In-Store,2,73.49,0.0,146.98
110106,2024-10-22,Water Bottle,Fitness,East,In-Store,1,11.82,0.1,11.82
110105,2024-10-22,Noise-Cancel Headphones,Electronics,East,In-Store,1,134.25,0.0,134.25
110104,2024-10-22,Notebook Set,Stationery,East,In-Store,1,8.68,0.0,8.68
110102,2024-10-22,USB-C Hub,Electronics,East,In-Store,4,30.51,0.0,122.04
110092,2024-10-22,USB-C Hub,Electronics,South,Online,1,28.58,0.0,28.58
110100,2024-10-22,Water Bottle,Fitness,North,Online,1,12.91,0.0,12.91
110099,2024-10-22,Mechanical Keyboard,Electronics,South,Online,1,61.19,0.0,61.19
110098,2024-10-22,Standing Desk,Furniture,North,In-Store,2,298.52,0.0,597.04
110097,2024-10-22,Mechanical Keyboard,Electronics,South,Online,1,67.66,0.0,67.66
110096,2024-10-22,Bluetooth Speaker,Electronics,North,In-Store,2,46.2,0.0,92.4
110095,2024-10-22,Wireless Mouse,Electronics,East,In-Store,2,18.94,0.0,37.88
110094,2024-10-22,USB-C Hub,Electronics,South,In-Store,2,24.56,0.15,49.12
110093,2024-10-22,Running Shoes,Fitness,Central,In-Store,1,75.96,0.0,75.96
110091,2024-10-22,Wireless Mouse,Electronics,North,In-Store,4,18.77,0.0,75.08
110101,2024-10-22,Resistance Bands,Fitness,South,Online,2,15.14,0.0,30.28
110117,2024-10-23,Running Shoes,Fitness,North,In-Store,1,73.53,0.0,73.53
110118,2024-10-23,Water Bottle,Fitness,West,In-Store,3,11.73,0.1,35.19
110115,2024-10-23,Dumbbell Set,Fitness,Central,In-Store,2,89.81,0.0,179.62
110116,2024-10-23,Fountain Pen,Stationery,South,In-Store,1,15.86,0.2,15.86
110108,2024-10-23,Wireless Mouse,Electronics,Central,In-Store,1,18.62,0.0,18.62
110113,2024-10-23,Dumbbell Set,Fitness,West,Online,1,91.84,0.0,91.84
110112,2024-10-23,Bluetooth Speaker,Electronics,Central,Online,2,47.05,0.0,94.1
110114,2024-10-23,Standing Desk,Furniture,North,Online,1,295.19,0.0,295.19
110111,2024-10-23,Resistance Bands,Fitness,Central,Online,1,14.43,0.0,14.43
110110,2024-10-23,Notebook Set,Stationery,South,In-Store,1,8.76,0.0,8.76
110109,2024-10-23,Resistance Bands,Fitness,East,Online,1,11.19,0.2,11.19
110130,2024-10-24,Wireless Mouse,Electronics,North,Online,1,19.34,0.0,19.34
110129,2024-10-24,Dumbbell Set,Fitness,Central,Online,1,78.45,0.1,78.45
110127,2024-10-24,Desk Lamp,Furniture,West,In-Store,1,24.39,0.0,24.39
110128,2024-10-24,Water Bottle,Fitness,West,Online,1,11.2,0.15,11.2
110125,2024-10-24,Wireless Mouse,Electronics,South,In-Store,1,15.86,0.15,15.86
110124,2024-10-24,Wireless Mouse,Electronics,East,In-Store,2,16.6,0.1,33.2
110123,2024-10-24,Resistance Bands,Fitness,North,Online,1,13.3,0.1,13.3
110122,2024-10-24,Bookshelf,Furniture,North,In-Store,1,120.25,0.0,120.25
110121,2024-10-24,Wireless Mouse,Electronics,Central,In-Store,1,19.18,0.0,19.18
110120,2024-10-24,Yoga Mat,Fitness,South,Online,1,20.91,0.0,20.91
110119,2024-10-24,Bluetooth Speaker,Electronics,West,In-Store,1,42.41,0.0,42.41
110126,2024-10-24,Office Chair,Furniture,South,Online,2,150.46,0.0,300.92
110144,2024-10-25,Resistance Bands,Fitness,West,Online,1,11.68,0.2,11.68
110149,2024-10-25,Bluetooth Speaker,Electronics,West,Online,1,45.79,0.0,45.79
110148,2024-10-25,USB-C Hub,Electronics,North,Online,1,30.3,0.0,30.3
110147,2024-10-25,Bluetooth Speaker,Electronics,South,Online,1,38.82,0.15,38.82
110146,2024-10-25,Wireless Mouse,Electronics,West,Online,1,15.36,0.2,15.36
110145,2024-10-25,Notebook Set,Stationery,East,In-Store,1,8.83,0.0,8.83
110143,2024-10-25,Bluetooth Speaker,Electronics,Central,Online,1,47.74,0.0,47.74
110139,2024-10-25,Noise-Cancel Headphones,Electronics,North,In-Store,3,129.99,0.0,389.97
110141,2024-10-25,Water Bottle,Fitness,East,Online,1,13.21,0.0,13.21
110140,2024-10-25,Fountain Pen,Stationery,East,In-Store,1,20.45,0.0,20.45
110138,2024-10-25,USB-C Hub,Electronics,North,In-Store,1,30.14,0.0,30.14
110137,2024-10-25,Fountain Pen,Stationery,North,Online,2,20.32,0.0,40.64
110135,2024-10-25,Resistance Bands,Fitness,South,Online,1,14.73,0.0,14.73
110134,2024-10-25,Standing Desk,Furniture,East,Online,1,317.67,0.0,317.67
110133,2024-10-25,Dumbbell Set,Fitness,North,Online,2,84.45,0.1,168.9
110132,2024-10-25,Notebook Set,Stationery,South,Online,1,8.67,0.0,8.67
110131,2024-10-25,Resistance Bands,Fitness,East,In-Store,1,12.61,0.15,12.61
110142,2024-10-25,Fountain Pen,Stationery,East,Online,1,21.18,0.0,21.18
110136,2024-10-25,Water Bottle,Fitness,North,Online,2,12.34,0.0,24.68
110168,2024-10-26,Fountain Pen,Stationery,South,In-Store,1,18.1,0.1,18.1
110166,2024-10-26,Yoga Mat,Fitness,East,Online,1,21.07,0.0,21.07
110167,2024-10-26,Running Shoes,Fitness,Central,Online,1,76.01,0.0,76.01
110165,2024-10-26,Office Chair,Furniture,West,In-Store,1,131.27,0.15,131.27
110170,2024-10-26,Water Bottle,Fitness,East,In-Store,1,11.42,0.1,11.42
110171,2024-10-26,Planner,Stationery,South,Online,1,15.43,0.0,15.43
110172,2024-10-26,Dumbbell Set,Fitness,West,Online,2,92.71,0.0,185.42
110169,2024-10-26,Dumbbell Set,Fitness,South,In-Store,1,90.17,0.0,90.17
110164,2024-10-26,Wireless Mouse,Electronics,West,In-Store,1,19.53,0.0,19.53
110156,2024-10-26,USB-C Hub,Electronics,South,Online,1,31.91,0.0,31.91
110162,2024-10-26,Water Bottle,Fitness,South,Online,1,12.77,0.0,12.77
110150,2024-10-26,Bluetooth Speaker,Electronics,East,In-Store,1,47.84,0.0,47.84
110151,2024-10-26,USB-C Hub,Electronics,South,Online,1,30.55,0.0,30.55
110163,2024-10-26,Desk Lamp,Furniture,South,Online,1,24.65,0.0,24.65
110152,2024-10-26,Standing Desk,Furniture,North,Online,1,288.49,0.0,288.49
110154,2024-10-26,Mechanical Keyboard,Electronics,West,In-Store,1,59.33,0.1,59.33
110153,2024-10-26,USB-C Hub,Electronics,North,In-Store,1,28.27,0.0,28.27
110157,2024-10-26,Desk Lamp,Furniture,West,Online,2,21.29,0.15,42.58
110158,2024-10-26,Water Bottle,Fitness,North,Online,1,13.04,0.0,13.04
110159,2024-10-26,Yoga Mat,Fitness,North,In-Store,3,20.13,0.1,60.39
110155,2024-10-26,Notebook Set,Stationery,East,Online,1,9.19,0.0,9.19
110160,2024-10-26,Standing Desk,Furniture,North,In-Store,2,295.71,0.0,591.42
110161,2024-10-26,USB-C Hub,Electronics,Central,In-Store,1,30.76,0.0,30.76
110184,2024-10-27,Desk Lamp,Furniture,East,Online,1,24.71,0.0,24.71
110182,2024-10-27,Bookshelf,Furniture,North,Online,1,126.79,0.0,126.79
110181,2024-10-27,Water Bottle,Fitness,South,In-Store,1,12.47,0.0,12.47
110183,2024-10-27,Notebook Set,Stationery,East,In-Store,1,8.83,0.0,8.83
110179,2024-10-27,Noise-Cancel Headphones,Electronics,West,Online,2,131.69,0.0,263.38
110178,2024-10-27,Wireless Mouse,Electronics,North,In-Store,2,18.7,0.0,37.4
110177,2024-10-27,Bookshelf,Furniture,West,Online,1,98.41,0.2,98.41
110176,2024-10-27,Running Shoes,Fitness,West,In-Store,1,76.34,0.0,76.34
110175,2024-10-27,Bookshelf,Furniture,North,In-Store,2,120.12,0.0,240.24
110174,2024-10-27,Dumbbell Set,Fitness,Central,In-Store,1,91.24,0.0,91.24
110173,2024-10-27,Resistance Bands,Fitness,South,Online,1,13.03,0.1,13.03
110180,2024-10-27,Office Chair,Furniture,West,Online,1,151.82,0.0,151.82
110198,2024-10-28,Bluetooth Speaker,Electronics,East,Online,1,46.8,0.0,46.8
110205,2024-10-28,Planner,Stationery,South,Online,1,16.32,0.0,16.32
110204,2024-10-28,Standing Desk,Furniture,East,Online,1,232.1,0.2,232.1
110203,2024-10-28,Desk Lamp,Furniture,West,In-Store,3,26.54,0.0,79.62
110201,2024-10-28,Noise-Cancel Headphones,Electronics,North,In-Store,1,133.82,0.0,133.82
110200,2024-10-28,Planner,Stationery,East,In-Store,1,14.65,0.1,14.65
110199,2024-10-28,Mechanical Keyboard,Electronics,Central,In-Store,1,66.39,0.0,66.39
110197,2024-10-28,Mechanical Keyboard,Electronics,East,In-Store,1,63.6,0.0,63.6
110202,2024-10-28,Planner,Stationery,East,In-Store,1,16.4,0.0,16.4
110195,2024-10-28,Dumbbell Set,Fitness,Central,Online,1,87.4,0.0,87.4
110196,2024-10-28,Wireless Mouse,Electronics,North,Online,1,19.14,0.0,19.14
110186,2024-10-28,Running Shoes,Fitness,North,In-Store,2,78.02,0.0,156.04
110185,2024-10-28,Fountain Pen,Stationery,West,Online,1,18.39,0.0,18.39
110188,2024-10-28,Mechanical Keyboard,Electronics,Central,Online,1,62.26,0.1,62.26
110189,2024-10-28,Wireless Mouse,Electronics,East,Online,1,18.89,0.0,18.89
110187,2024-10-28,Desk Lamp,Furniture,North,In-Store,2,25.21,0.0,50.42
110191,2024-10-28,Standing Desk,Furniture,East,Online,2,297.0,0.0,594.0
110192,2024-10-28,Yoga Mat,Fitness,North,In-Store,1,19.26,0.1,19.26
110193,2024-10-28,Desk Lamp,Furniture,West,In-Store,1,25.81,0.0,25.81
110194,2024-10-28,Running Shoes,Fitness,South,In-Store,1,76.16,0.0,76.16
110190,2024-10-28,Water Bottle,Fitness,South,In-Store,1,13.64,0.0,13.64
110217,2024-10-29,Mechanical Keyboard,Electronics,South,In-Store,1,58.14,0.1,58.14
110221,2024-10-29,Standing Desk,Furniture,North,Online,2,311.43,0.0,622.86
110220,2024-10-29,Wireless Mouse,Electronics,West,Online,1,19.11,0.0,19.11
110218,2024-10-29,Fountain Pen,Stationery,East,Online,2,19.2,0.0,38.4
110216,2024-10-29,Notebook Set,Stationery,East,Online,1,8.25,0.1,8.25
110219,2024-10-29,Notebook Set,Stationery,East,Online,1,9.21,0.0,9.21
110214,2024-10-29,Fountain Pen,Stationery,East,In-Store,1,19.96,0.0,19.96
110207,2024-10-29,Resistance Bands,Fitness,North,In-Store,2,12.18,0.1,24.36
110208,2024-10-29,Notebook Set,Stationery,East,Online,1,8.84,0.0,8.84
110215,2024-10-29,Fountain Pen,Stationery,Central,In-Store,3,19.64,0.0,58.92
110209,2024-10-29,Fountain Pen,Stationery,West,In-Store,1,20.22,0.0,20.22
110206,2024-10-29,Running Shoes,Fitness,South,In-Store,1,73.62,0.0,73.62
110213,2024-10-29,USB-C Hub,Electronics,North,Online,2,30.91,0.0,61.82
110212,2024-10-29,Resistance Bands,Fitness,North,Online,1,14.55,0.0,14.55
110210,2024-10-29,Yoga Mat,Fitness,South,Online,2,21.39,0.0,42.78
110211,2024-10-29,Dumbbell Set,Fitness,East,Online,2,71.05,0.2,142.1
110222,2024-10-30,Bookshelf,Furniture,North,In-Store,2,116.35,0.0,232.7
110232,2024-10-30,Resistance Bands,Fitness,South,Online,2,13.97,0.0,27.94
110230,2024-10-30,Noise-Cancel Headphones,Electronics,East,Online,2,128.33,0.0,256.66
110231,2024-10-30,Bookshelf,Furniture,West,Online,1,118.45,0.0,118.45
110227,2024-10-30,Water Bottle,Fitness,Central,Online,1,13.49,0.0,13.49
110226,2024-10-30,Yoga Mat,Fitness,North,Online,3,22.17,0.0,66.51
110225,2024-10-30,Running Shoes,Fitness,North,In-Store,1,75.61,0.0,75.61
110224,2024-10-30,Yoga Mat,Fitness,East,In-Store,1,20.55,0.0,20.55
110223,2024-10-30,Dumbbell Set,Fitness,Central,Online,2,87.39,0.0,174.78
110229,2024-10-30,Wireless Mouse,Electronics,East,Online,1,19.7,0.0,19.7
110228,2024-10-30,USB-C Hub,Electronics,East,Online,1,30.4,0.0,30.4
110244,2024-10-31,Planner,Stationery,South,Online,1,15.85,0.0,15.85
110248,2024-10-31,Noise-Cancel Headphones,Electronics,West,Online,4,138.83,0.0,555.32
110247,2024-10-31,Noise-Cancel Headphones,Electronics,Central,In-Store,1,136.06,0.0,136.06
110246,2024-10-31,Mechanical Keyboard,Electronics,North,Online,1,64.42,0.0,64.42
110245,2024-10-31,Dumbbell Set,Fitness,West,Online,4,91.0,0.0,364.0
110243,2024-10-31,Running Shoes,Fitness,East,Online,2,73.88,0.0,147.76
110241,2024-10-31,Planner,Stationery,West,Online,1,15.86,0.0,15.86
110240,2024-10-31,Office Chair,Furniture,West,In-Store,1,149.0,0.0,149.0
110239,2024-10-31,Dumbbell Set,Fitness,North,Online,1,96.7,0.0,96.7
110238,2024-10-31,Desk Lamp,Furniture,North,In-Store,2,24.79,0.0,49.58
110237,2024-10-31,Running Shoes,Fitness,Central,Online,1,79.71,0.0,79.71
110236,2024-10-31,Noise-Cancel Headphones,Electronics,West,Online,1,128.13,0.0,128.13
110233,2024-10-31,Yoga Mat,Fitness,South,Online,1,20.9,0.0,20.9
110234,2024-10-31,Dumbbell Set,Fitness,South,In-Store,1,89.63,0.0,89.63
110235,2024-10-31,Bluetooth Speaker,Electronics,West,In-Store,4,39.35,0.15,157.4
110242,2024-10-31,Fountain Pen,Stationery,West,Online,2,21.17,0.0,42.34
110261,2024-11-01,Noise-Cancel Headphones,Electronics,South,Online,1,128.67,0.0,128.67
110260,2024-11-01,Water Bottle,Fitness,West,In-Store,1,12.79,0.0,12.79
110258,2024-11-01,Running Shoes,Fitness,South,Online,2,67.74,0.1,135.48
110257,2024-11-01,Noise-Cancel Headphones,Electronics,East,Online,1,130.09,0.0,130.09
110259,2024-11-01,Office Chair,Furniture,North,Online,2,142.16,0.0,284.32
110255,2024-11-01,Resistance Bands,Fitness,Central,Online,2,14.26,0.0,28.52
110254,2024-11-01,Running Shoes,Fitness,Central,In-Store,3,76.52,0.0,229.56
110253,2024-11-01,Bookshelf,Furniture,West,In-Store,2,119.73,0.0,239.46
110252,2024-11-01,Office Chair,Furniture,West,Online,1,152.53,0.0,152.53
110251,2024-11-01,Office Chair,Furniture,East,In-Store,2,150.87,0.0,301.74
110250,2024-11-01,Bookshelf,Furniture,West,In-Store,1,108.61,0.1,108.61
110249,2024-11-01,Water Bottle,Fitness,West,Online,1,12.99,0.0,12.99
110256,2024-11-01,Wireless Mouse,Electronics,South,In-Store,2,17.23,0.1,34.46
110279,2024-11-02,Water Bottle,Fitness,West,In-Store,1,12.87,0.0,12.87
110280,2024-11-02,Bookshelf,Furniture,West,In-Store,2,121.48,0.0,242.96
110281,2024-11-02,Noise-Cancel Headphones,Electronics,Central,Online,1,129.22,0.0,129.22
110282,2024-11-02,Noise-Cancel Headphones,Electronics,North,Online,1,129.22,0.0,129.22
110286,2024-11-02,Bookshelf,Furniture,Central,Online,2,122.59,0.0,245.18
110284,2024-11-02,Bookshelf,Furniture,East,In-Store,1,118.68,0.0,118.68
110285,2024-11-02,Planner,Stationery,Central,Online,1,16.08,0.0,16.08
110278,2024-11-02,Fountain Pen,Stationery,North,In-Store,1,21.0,0.0,21.0
110283,2024-11-02,Fountain Pen,Stationery,West,In-Store,2,16.83,0.1,33.66
110277,2024-11-02,Planner,Stationery,North,Online,1,16.42,0.0,16.42
110271,2024-11-02,Resistance Bands,Fitness,West,Online,4,14.77,0.0,59.08
110275,2024-11-02,Fountain Pen,Stationery,North,Online,1,20.07,0.0,20.07
110262,2024-11-02,Resistance Bands,Fitness,North,In-Store,1,14.85,0.0,14.85
110263,2024-11-02,Noise-Cancel Headphones,Electronics,South,In-Store,1,133.58,0.0,133.58
110276,2024-11-02,Yoga Mat,Fitness,South,In-Store,1,23.29,0.0,23.29
110265,2024-11-02,Standing Desk,Furniture,West,Online,1,313.79,0.0,313.79
110266,2024-11-02,Noise-Cancel Headphones,Electronics,West,Online,1,104.35,0.2,104.35
110267,2024-11-02,Noise-Cancel Headphones,Electronics,South,Online,1,104.35,0.2,104.35
110264,2024-11-02,Water Bottle,Fitness,South,In-Store,1,13.28,0.0,13.28
110269,2024-11-02,Desk Lamp,Furniture,South,Online,1,25.57,0.0,25.57
110270,2024-11-02,Standing Desk,Furniture,East,In-Store,2,269.56,0.1,539.12
110272,2024-11-02,USB-C Hub,Electronics,Central,Online,2,29.77,0.0,59.54
110273,2024-11-02,USB-C Hub,Electronics,South,Online,2,29.77,0.0,59.54
110274,2024-11-02,Noise-Cancel Headphones,Electronics,South,In-Store,1,129.5,0.0,129.5
110268,2024-11-02,Yoga Mat,Fitness,East,Online,2,23.07,0.0,46.14
110302,2024-11-03,Water Bottle,Fitness,West,In-Store,1,13.3,0.0,13.3
110310,2024-11-03,Desk Lamp,Furniture,South,Online,1,24.92,0.0,24.92
110309,2024-11-03,Resistance Bands,Fitness,East,Online,1,13.5,0.0,13.5
110308,2024-11-03,Notebook Set,Stationery,West,Online,1,9.28,0.0,9.28
110307,2024-11-03,Desk Lamp,Furniture,North,Online,1,26.47,0.0,26.47
110306,2024-11-03,Noise-Cancel Headphones,Electronics,South,Online,1,131.91,0.0,131.91
110305,2024-11-03,Mechanical Keyboard,Electronics,North,In-Store,1,59.21,0.1,59.21
110304,2024-11-03,Notebook Set,Stationery,Central,Online,3,8.31,0.1,24.93
110303,2024-11-03,Resistance Bands,Fitness,West,Online,4,14.72,0.0,58.88
110301,2024-11-03,Mechanical Keyboard,Electronics,South,In-Store,1,64.58,0.0,64.58
110293,2024-11-03,Dumbbell Set,Fitness,South,In-Store,4,89.19,0.0,356.76
110299,2024-11-03,Noise-Cancel Headphones,Electronics,West,Online,1,130.22,0.0,130.22
110290,2024-11-03,Desk Lamp,Furniture,Central,In-Store,3,24.36,0.0,73.08
110300,2024-11-03,Wireless Mouse,Electronics,West,Online,2,19.23,0.0,38.46
110288,2024-11-03,Yoga Mat,Fitness,South,Online,1,21.9,0.0,21.9
110291,2024-11-03,Desk Lamp,Furniture,North,Online,2,25.45,0.0,50.9
110292,2024-11-03,Yoga Mat,Fitness,North,In-Store,1,20.67,0.0,20.67
110289,2024-11-03,Standing Desk,Furniture,North,In-Store,2,304.52,0.0,609.04
110294,2024-11-03,Mechanical Keyboard,Electronics,Central,Online,2,65.15,0.0,130.3
110295,2024-11-03,Office Chair,Furniture,East,Online,1,148.18,0.0,148.18
110296,2024-11-03,USB-C Hub,Electronics,South,Online,2,29.45,0.0,58.9
110297,2024-11-03,Wireless Mouse,Electronics,East,In-Store,2,19.78,0.0,39.56
110298,2024-11-03,Wireless Mouse,Electronics,Central,In-Store,2,19.78,0.0,39.56
110287,2024-11-03,Dumbbell Set,Fitness,Central,Online,1,88.19,0.0,88.19
110333,2024-11-04,Dumbbell Set,Fitness,South,In-Store,2,90.16,0.0,180.32
110332,2024-11-04,Planner,Stationery,West,In-Store,1,13.59,0.15,13.59
110331,2024-11-04,Noise-Cancel Headphones,Electronics,West,In-Store,1,134.92,0.0,134.92
110330,2024-11-04,Notebook Set,Stationery,North,Online,1,8.21,0.1,8.21
110329,2024-11-04,Notebook Set,Stationery,Central,In-Store,2,8.69,0.0,17.38
110328,2024-11-04,Wireless Mouse,Electronics,South,Online,1,20.02,0.0,20.02
110327,2024-11-04,Wireless Mouse,Electronics,South,Online,1,20.02,0.0,20.02
110326,2024-11-04,Water Bottle,Fitness,South,Online,2,13.07,0.0,26.14
110325,2024-11-04,Running Shoes,Fitness,East,In-Store,1,75.63,0.0,75.63
110322,2024-11-04,Noise-Cancel Headphones,Electronics,North,Online,1,123.42,0.1,123.42
110323,2024-11-04,Notebook Set,Stationery,East,Online,1,8.13,0.1,8.13
110311,2024-11-04,Resistance Bands,Fitness,North,In-Store,2,13.8,0.0,27.6
110312,2024-11-04,Mechanical Keyboard,Electronics,East,Online,1,65.73,0.0,65.73
110324,2024-11-04,Water Bottle,Fitness,East,In-Store,1,12.99,0.0,12.99
110314,2024-11-04,Fountain Pen,Stationery,East,Online,1,20.92,0.0,20.92
110315,2024-11-04,Running Shoes,Fitness,Central,In-Store,1,76.25,0.0,76.25
110313,2024-11-04,Yoga Mat,Fitness,South,Online,2,19.96,0.1,39.92
110317,2024-11-04,Noise-Cancel Headphones,Electronics,West,Online,1,126.3,0.0,126.3
110318,2024-11-04,Noise-Cancel Headphones,Electronics,South,Online,2,114.61,0.1,229.22
110319,2024-11-04,Running Shoes,Fitness,North,In-Store,1,77.57,0.0,77.57
110320,2024-11-04,Planner,Stationery,South,Online,1,16.28,0.0,16.28
110321,2024-11-04,Noise-Cancel Headphones,Electronics,Central,Online,1,123.42,0.1,123.42
110316,2024-11-04,Noise-Cancel Headphones,Electronics,Central,Online,1,126.3,0.0,126.3
110345,2024-11-05,Bookshelf,Furniture,West,Online,2,121.98,0.0,243.96
110349,2024-11-05,Running Shoes,Fitness,North,In-Store,1,76.38,0.0,76.38
110348,2024-11-05,Fountain Pen,Stationery,Central,In-Store,1,19.27,0.0,19.27
110347,2024-11-05,Office Chair,Furniture,South,Online,1,134.32,0.1,134.32
110346,2024-11-05,Office Chair,Furniture,East,Online,2,147.13,0.0,294.26
110344,2024-11-05,Notebook Set,Stationery,West,Online,4,9.27,0.0,37.08
110334,2024-11-05,Water Bottle,Fitness,North,In-Store,1,12.54,0.0,12.54
110342,2024-11-05,Wireless Mouse,Electronics,North,In-Store,1,19.2,0.0,19.2
110341,2024-11-05,Fountain Pen,Stationery,West,In-Store,2,19.61,0.0,39.22
110340,2024-11-05,Bookshelf,Furniture,West,Online,1,118.95,0.0,118.95
110339,2024-11-05,Resistance Bands,Fitness,South,In-Store,2,13.74,0.0,27.48
110338,2024-11-05,Standing Desk,Furniture,East,Online,2,309.1,0.0,618.2
110343,2024-11-05,Fountain Pen,Stationery,North,Online,2,20.25,0.0,40.5
110337,2024-11-05,Bookshelf,Furniture,North,In-Store,2,122.83,0.0,245.66
110336,2024-11-05,Resistance Bands,Fitness,East,In-Store,1,14.43,0.0,14.43
110335,2024-11-05,Bookshelf,Furniture,South,In-Store,1,117.49,0.0,117.49
110369,2024-11-06,Desk Lamp,Furniture,East,Online,1,24.65,0.0,24.65
110368,2024-11-06,Water Bottle,Fitness,Central,In-Store,2,12.58,0.0,25.16
110367,2024-11-06,Resistance Bands,Fitness,East,In-Store,2,13.43,0.1,26.86
110366,2024-11-06,Office Chair,Furniture,North,Online,1,150.57,0.0,150.57
110365,2024-11-06,Noise-Cancel Headphones,Electronics,South,Online,1,104.07,0.2,104.07
110364,2024-11-06,Noise-Cancel Headphones,Electronics,East,Online,2,104.07,0.2,208.14
110362,2024-11-06,Planner,Stationery,Central,Online,2,15.91,0.0,31.82
110363,2024-11-06,Fountain Pen,Stationery,East,In-Store,1,20.49,0.0,20.49
110360,2024-11-06,Noise-Cancel Headphones,Electronics,South,Online,2,101.87,0.2,203.74
110350,2024-11-06,Planner,Stationery,Central,In-Store,2,12.65,0.2,25.3
110361,2024-11-06,Bookshelf,Furniture,West,Online,2,117.81,0.0,235.62
110352,2024-11-06,Office Chair,Furniture,West,In-Store,1,153.92,0.0,153.92
110353,2024-11-06,Wireless Mouse,Electronics,South,Online,1,18.43,0.0,18.43
110354,2024-11-06,Water Bottle,Fitness,East,Online,3,12.79,0.0,38.37
110351,2024-11-06,Desk Lamp,Furniture,South,In-Store,1,23.05,0.0,23.05
110356,2024-11-06,Desk Lamp,Furniture,Central,Online,1,24.85,0.0,24.85
110357,2024-11-06,Yoga Mat,Fitness,North,Online,1,21.72,0.0,21.72
110358,2024-11-06,Noise-Cancel Headphones,Electronics,Central,Online,1,137.7,0.0,137.7
110359,2024-11-06,Noise-Cancel Headphones,Electronics,West,In-Store,2,101.87,0.2,203.74
110355,2024-11-06,Planner,Stationery,East,Online,1,14.41,0.1,14.41
110392,2024-11-07,Bookshelf,Furniture,West,Online,1,117.79,0.0,117.79
110391,2024-11-07,Running Shoes,Fitness,East,Online,2,77.84,0.0,155.68
110390,2024-11-07,Bluetooth Speaker,Electronics,South,Online,2,42.73,0.0,85.46
110389,2024-11-07,Bluetooth Speaker,Electronics,Central,Online,1,42.73,0.0,42.73
110388,2024-11-07,Wireless Mouse,Electronics,Central,Online,2,18.94,0.0,37.88
110387,2024-11-07,Standing Desk,Furniture,West,Online,1,267.32,0.1,267.32
110386,2024-11-07,Standing Desk,Furniture,South,In-Store,1,312.65,0.0,312.65
110384,2024-11-07,Bluetooth Speaker,Electronics,South,In-Store,1,43.11,0.1,43.11
110383,2024-11-07,Desk Lamp,Furniture,North,Online,1,24.76,0.0,24.76
110385,2024-11-07,Yoga Mat,Fitness,North,Online,1,21.77,0.0,21.77
110381,2024-11-07,Notebook Set,Stationery,Central,Online,2,7.37,0.2,14.74
110382,2024-11-07,Fountain Pen,Stationery,East,Online,1,18.91,0.0,18.91
110372,2024-11-07,Fountain Pen,Stationery,East,Online,1,20.87,0.0,20.87
110371,2024-11-07,Standing Desk,Furniture,South,Online,1,245.91,0.2,245.91
110370,2024-11-07,Mechanical Keyboard,Electronics,West,Online,2,65.83,0.0,131.66
110374,2024-11-07,Yoga Mat,Fitness,Central,Online,1,18.47,0.15,18.47
110373,2024-11-07,Standing Desk,Furniture,North,Online,2,297.12,0.0,594.24
110376,2024-11-07,Yoga Mat,Fitness,East,Online,1,21.95,0.0,21.95
110377,2024-11-07,Notebook Set,Stationery,East,In-Store,2,8.88,0.0,17.76
110378,2024-11-07,Notebook Set,Stationery,North,Online,2,8.86,0.0,17.72
110379,2024-11-07,Office Chair,Furniture,West,Online,1,116.63,0.2,116.63
110380,2024-11-07,Standing Desk,Furniture,West,Online,1,304.11,0.0,304.11
110375,2024-11-07,Desk Lamp,Furniture,Central,Online,1,22.21,0.15,22.21
110404,2024-11-08,Noise-Cancel Headphones,Electronics,East,Online,1,128.93,0.0,128.93
110408,2024-11-08,Notebook Set,Stationery,East,Online,1,8.75,0.0,8.75
110407,2024-11-08,Standing Desk,Furniture,Central,In-Store,1,301.15,0.0,301.15
110406,2024-11-08,Fountain Pen,Stationery,Central,Online,1,18.13,0.1,18.13
110403,2024-11-08,Yoga Mat,Fitness,West,In-Store,3,21.3,0.0,63.9
110405,2024-11-08,Yoga Mat,Fitness,West,In-Store,1,22.67,0.0,22.67
110401,2024-11-08,Water Bottle,Fitness,West,In-Store,1,11.53,0.1,11.53
110400,2024-11-08,Yoga Mat,Fitness,West,Online,1,21.15,0.0,21.15
110399,2024-11-08,Mechanical Keyboard,Electronics,East,Online,3,62.75,0.0,188.25
110398,2024-11-08,Dumbbell Set,Fitness,West,Online,2,93.25,0.0,186.5
110397,2024-11-08,Fountain Pen,Stationery,West,Online,1,19.33,0.0,19.33
110396,2024-11-08,Noise-Cancel Headphones,Electronics,West,Online,1,118.38,0.1,118.38
110395,2024-11-08,Noise-Cancel Headphones,Electronics,West,In-Store,3,118.38,0.1,355.14
110394,2024-11-08,Wireless Mouse,Electronics,South,In-Store,1,18.9,0.0,18.9
110393,2024-11-08,Notebook Set,Stationery,Central,Online,1,8.82,0.0,8.82
110402,2024-11-08,Resistance Bands,Fitness,North,In-Store,1,14.82,0.0,14.82
110429,2024-11-09,Dumbbell Set,Fitness,West,In-Store,2,86.89,0.0,173.78
110430,2024-11-09,Notebook Set,Stationery,North,Online,2,9.32,0.0,18.64
110431,2024-11-09,USB-C Hub,Electronics,West,Online,1,29.75,0.0,29.75
110432,2024-11-09,Bluetooth Speaker,Electronics,West,Online,1,46.57,0.0,46.57
110433,2024-11-09,Noise-Cancel Headphones,Electronics,Central,Online,1,135.93,0.0,135.93
110434,2024-11-09,Standing Desk,Furniture,Central,Online,1,306.69,0.0,306.69
110439,2024-11-09,Bluetooth Speaker,Electronics,South,In-Store,1,46.13,0.0,46.13
110436,2024-11-09,USB-C Hub,Electronics,South,Online,1,29.86,0.0,29.86
110437,2024-11-09,Standing Desk,Furniture,East,In-Store,2,300.64,0.0,601.28
110438,2024-11-09,Notebook Set,Stationery,Central,In-Store,2,8.93,0.0,17.86
110440,2024-11-09,Wireless Mouse,Electronics,North,Online,1,18.69,0.0,18.69
110428,2024-11-09,Mechanical Keyboard,Electronics,North,Online,1,65.49,0.0,65.49
110435,2024-11-09,Resistance Bands,Fitness,West,In-Store,1,14.65,0.0,14.65
110427,2024-11-09,Mechanical Keyboard,Electronics,South,In-Store,2,66.43,0.0,132.86
110426,2024-11-09,USB-C Hub,Electronics,East,In-Store,1,29.34,0.0,29.34
110425,2024-11-09,Bluetooth Speaker,Electronics,North,Online,1,44.02,0.0,44.02
110412,2024-11-09,Water Bottle,Fitness,Central,Online,2,12.0,0.0,24.0
110411,2024-11-09,USB-C Hub,Electronics,West,Online,2,27.85,0.1,55.7
110409,2024-11-09,Water Bottle,Fitness,West,In-Store,1,13.32,0.0,13.32
110413,2024-11-09,Water Bottle,Fitness,Central,Online,1,12.04,0.0,12.04
110414,2024-11-09,Running Shoes,Fitness,West,In-Store,1,76.44,0.0,76.44
110415,2024-11-09,USB-C Hub,Electronics,East,Online,1,31.4,0.0,31.4
110416,2024-11-09,Noise-Cancel Headphones,Electronics,Central,Online,1,135.39,0.0,135.39
110410,2024-11-09,Yoga Mat,Fitness,North,Online,2,22.12,0.0,44.24
110418,2024-11-09,Water Bottle,Fitness,North,In-Store,1,9.97,0.2,9.97
110419,2024-11-09,Fountain Pen,Stationery,East,Online,1,19.81,0.0,19.81
110420,2024-11-09,Running Shoes,Fitness,East,Online,1,71.6,0.0,71.6
110421,2024-11-09,Dumbbell Set,Fitness,East,Online,2,93.55,0.0,187.1
110422,2024-11-09,Wireless Mouse,Electronics,East,Online,1,15.68,0.15,15.68
110423,2024-11-09,Resistance Bands,Fitness,West,In-Store,2,14.36,0.0,28.72
110424,2024-11-09,Water Bottle,Fitness,North,Online,1,13.3,0.0,13.3
110417,2024-11-09,USB-C Hub,Electronics,North,Online,2,29.35,0.0,58.7
110461,2024-11-10,Bluetooth Speaker,Electronics,West,Online,1,45.01,0.0,45.01
110462,2024-11-10,Yoga Mat,Fitness,East,Online,1,22.18,0.0,22.18
110463,2024-11-10,Bluetooth Speaker,Electronics,East,Online,1,40.56,0.1,40.56
110464,2024-11-10,Bluetooth Speaker,Electronics,West,Online,1,40.56,0.1,40.56
110465,2024-11-10,Yoga Mat,Fitness,West,In-Store,1,21.0,0.0,21.0
110469,2024-11-10,Yoga Mat,Fitness,South,In-Store,2,22.8,0.0,45.6
110467,2024-11-10,Running Shoes,Fitness,East,Online,1,76.18,0.0,76.18
110468,2024-11-10,Planner,Stationery,South,Online,1,16.29,0.0,16.29
110470,2024-11-10,Noise-Cancel Headphones,Electronics,South,In-Store,1,137.26,0.0,137.26
110471,2024-11-10,Office Chair,Furniture,Central,In-Store,4,142.57,0.0,570.28
110460,2024-11-10,Bluetooth Speaker,Electronics,West,In-Store,1,45.01,0.0,45.01
110466,2024-11-10,Wireless Mouse,Electronics,South,In-Store,1,19.17,0.0,19.17
110459,2024-11-10,Standing Desk,Furniture,East,In-Store,1,306.63,0.0,306.63
110454,2024-11-10,Desk Lamp,Furniture,East,Online,3,23.26,0.1,69.78
110457,2024-11-10,Mechanical Keyboard,Electronics,North,Online,2,65.55,0.0,131.1
110441,2024-11-10,Wireless Mouse,Electronics,South,In-Store,1,18.84,0.0,18.84
110442,2024-11-10,Mechanical Keyboard,Electronics,North,Online,1,62.8,0.0,62.8
110443,2024-11-10,Office Chair,Furniture,East,In-Store,1,141.66,0.0,141.66
110444,2024-11-10,Dumbbell Set,Fitness,South,Online,1,90.53,0.0,90.53
110445,2024-11-10,Planner,Stationery,North,In-Store,1,16.67,0.0,16.67
110446,2024-11-10,Standing Desk,Furniture,West,Online,1,298.49,0.0,298.49
110458,2024-11-10,Mechanical Keyboard,Electronics,South,Online,2,65.55,0.0,131.1
110448,2024-11-10,Wireless Mouse,Electronics,West,In-Store,2,19.15,0.0,38.3
110447,2024-11-10,Wireless Mouse,Electronics,East,In-Store,1,19.15,0.0,19.15
110450,2024-11-10,USB-C Hub,Electronics,East,In-Store,2,30.37,0.0,60.74
110451,2024-11-10,USB-C Hub,Electronics,North,Online,1,29.12,0.0,29.12
110452,2024-11-10,USB-C Hub,Electronics,South,In-Store,1,29.12,0.0,29.12
110453,2024-11-10,Resistance Bands,Fitness,East,In-Store,1,12.68,0.15,12.68
110455,2024-11-10,Noise-Cancel Headphones,Electronics,East,Online,1,112.61,0.15,112.61
110456,2024-11-10,Noise-Cancel Headphones,Electronics,East,Online,1,106.1,0.2,106.1
110449,2024-11-10,Resistance Bands,Fitness,South,Online,2,15.39,0.0,30.78
110483,2024-11-11,Wireless Mouse,Electronics,South,Online,1,17.61,0.1,17.61
110486,2024-11-11,Desk Lamp,Furniture,South,Online,1,24.53,0.0,24.53
110485,2024-11-11,Mechanical Keyboard,Electronics,West,Online,2,62.87,0.0,125.74
110484,2024-11-11,Noise-Cancel Headphones,Electronics,West,Online,1,136.3,0.0,136.3
110482,2024-11-11,Wireless Mouse,Electronics,East,In-Store,1,17.61,0.1,17.61
110475,2024-11-11,Dumbbell Set,Fitness,West,In-Store,1,90.22,0.0,90.22
110480,2024-11-11,Mechanical Keyboard,Electronics,West,Online,1,67.8,0.0,67.8
110479,2024-11-11,Desk Lamp,Furniture,South,In-Store,1,24.9,0.0,24.9
110478,2024-11-11,USB-C Hub,Electronics,Central,In-Store,1,24.63,0.2,24.63
110477,2024-11-11,Standing Desk,Furniture,South,Online,1,300.79,0.0,300.79
110476,2024-11-11,USB-C Hub,Electronics,North,Online,2,27.96,0.0,55.92
110481,2024-11-11,Mechanical Keyboard,Electronics,East,Online,1,67.8,0.0,67.8
110474,2024-11-11,Office Chair,Furniture,West,Online,1,150.19,0.0,150.19
110473,2024-11-11,Planner,Stationery,North,Online,1,15.86,0.0,15.86
110472,2024-11-11,Water Bottle,Fitness,Central,Online,2,11.26,0.15,22.52
110497,2024-11-12,Resistance Bands,Fitness,South,In-Store,2,14.61,0.0,29.22
110496,2024-11-12,Yoga Mat,Fitness,South,Online,2,19.53,0.1,39.06
110495,2024-11-12,Water Bottle,Fitness,East,In-Store,2,12.9,0.0,25.8
110494,2024-11-12,Standing Desk,Furniture,North,Online,2,292.73,0.0,585.46
110493,2024-11-12,Mechanical Keyboard,Electronics,South,Online,1,65.44,0.0,65.44
110492,2024-11-12,Planner,Stationery,West,In-Store,1,16.59,0.0,16.59
110491,2024-11-12,Planner,Stationery,East,In-Store,1,15.76,0.0,15.76
110490,2024-11-12,Bluetooth Speaker,Electronics,East,Online,2,44.87,0.0,89.74
110489,2024-11-12,Noise-Cancel Headphones,Electronics,East,Online,1,135.11,0.0,135.11
110488,2024-11-12,Standing Desk,Furniture,West,Online,1,303.84,0.0,303.84
110487,2024-11-12,Standing Desk,Furniture,South,In-Store,1,304.78,0.0,304.78
110511,2024-11-13,Mechanical Keyboard,Electronics,East,In-Store,3,67.03,0.0,201.09
110510,2024-11-13,Wireless Mouse,Electronics,North,Online,1,20.08,0.0,20.08
110509,2024-11-13,Desk Lamp,Furniture,North,In-Store,1,20.67,0.2,20.67
110508,2024-11-13,Bluetooth Speaker,Electronics,East,In-Store,2,39.13,0.15,78.26
110507,2024-11-13,Bluetooth Speaker,Electronics,South,In-Store,2,39.13,0.15,78.26
110502,2024-11-13,Running Shoes,Fitness,North,Online,1,72.8,0.0,72.8
110505,2024-11-13,Desk Lamp,Furniture,East,Online,3,22.86,0.1,68.58
110504,2024-11-13,Planner,Stationery,North,In-Store,1,16.27,0.0,16.27
110503,2024-11-13,Notebook Set,Stationery,Central,Online,2,9.28,0.0,18.56
110501,2024-11-13,Planner,Stationery,North,Online,1,16.08,0.0,16.08
110500,2024-11-13,Yoga Mat,Fitness,South,In-Store,1,21.49,0.0,21.49
110499,2024-11-13,Office Chair,Furniture,West,Online,1,155.95,0.0,155.95
110498,2024-11-13,Resistance Bands,Fitness,East,In-Store,3,12.62,0.1,37.86
110506,2024-11-13,Standing Desk,Furniture,West,Online,1,253.28,0.15,253.28
110525,2024-11-14,Standing Desk,Furniture,East,Online,1,301.5,0.0,301.5
110531,2024-11-14,Running Shoes,Fitness,East,In-Store,1,75.37,0.0,75.37
110530,2024-11-14,Mechanical Keyboard,Electronics,North,In-Store,1,58.74,0.1,58.74
110529,2024-11-14,Mechanical Keyboard,Electronics,West,Online,1,65.58,0.0,65.58
110528,2024-11-14,Running Shoes,Fitness,North,Online,1,77.01,0.0,77.01
110527,2024-11-14,Fountain Pen,Stationery,East,Online,1,19.33,0.0,19.33
110526,2024-11-14,Mechanical Keyboard,Electronics,East,In-Store,1,67.89,0.0,67.89
110524,2024-11-14,Running Shoes,Fitness,North,Online,1,72.73,0.0,72.73
110519,2024-11-14,Resistance Bands,Fitness,Central,In-Store,1,14.36,0.0,14.36
110522,2024-11-14,Mechanical Keyboard,Electronics,North,Online,1,57.12,0.15,57.12
110521,2024-11-14,Planner,Stationery,South,In-Store,1,15.89,0.0,15.89
110520,2024-11-14,Fountain Pen,Stationery,North,Online,2,19.8,0.0,39.6
110512,2024-11-14,Wireless Mouse,Electronics,West,Online,1,18.14,0.1,18.14
110518,2024-11-14,Yoga Mat,Fitness,South,Online,1,21.65,0.0,21.65
110517,2024-11-14,Planner,Stationery,East,Online,1,16.46,0.0,16.46
110516,2024-11-14,Noise-Cancel Headphones,Electronics,South,Online,1,127.71,0.0,127.71
110523,2024-11-14,Wireless Mouse,Electronics,Central,Online,1,16.41,0.1,16.41
110515,2024-11-14,Notebook Set,Stationery,West,In-Store,1,8.23,0.1,8.23
110514,2024-11-14,Bluetooth Speaker,Electronics,South,Online,1,45.89,0.0,45.89
110513,2024-11-14,Wireless Mouse,Electronics,North,In-Store,1,19.24,0.0,19.24
110546,2024-11-15,Running Shoes,Fitness,West,Online,1,70.55,0.0,70.55
110545,2024-11-15,Planner,Stationery,East,Online,1,16.06,0.0,16.06
110544,2024-11-15,USB-C Hub,Electronics,South,Online,1,31.38,0.0,31.38
110542,2024-11-15,Bookshelf,Furniture,West,Online,3,119.24,0.0,357.72
110541,2024-11-15,Fountain Pen,Stationery,Central,In-Store,1,18.84,0.0,18.84
110543,2024-11-15,Fountain Pen,Stationery,East,Online,2,19.75,0.0,39.5
110539,2024-11-15,Bookshelf,Furniture,West,Online,1,124.36,0.0,124.36
110538,2024-11-15,Water Bottle,Fitness,West,Online,1,12.28,0.0,12.28
110537,2024-11-15,Bookshelf,Furniture,West,Online,3,119.87,0.0,359.61
110536,2024-11-15,Desk Lamp,Furniture,North,In-Store,1,25.34,0.0,25.34
110535,2024-11-15,Mechanical Keyboard,Electronics,East,In-Store,1,63.47,0.0,63.47
110534,2024-11-15,Noise-Cancel Headphones,Electronics,Central,In-Store,1,127.73,0.0,127.73
110533,2024-11-15,Noise-Cancel Headphones,Electronics,South,Online,1,127.73,0.0,127.73
110532,2024-11-15,Fountain Pen,Stationery,West,Online,1,19.3,0.0,19.3
110540,2024-11-15,Running Shoes,Fitness,East,Online,2,72.0,0.0,144.0
110565,2024-11-16,Dumbbell Set,Fitness,North,Online,2,92.04,0.0,184.08
110566,2024-11-16,USB-C Hub,Electronics,South,Online,1,26.07,0.1,26.07
110568,2024-11-16,Desk Lamp,Furniture,North,Online,1,24.2,0.0,24.2
110569,2024-11-16,Bookshelf,Furniture,East,Online,1,117.36,0.0,117.36
110573,2024-11-16,Office Chair,Furniture,East,Online,1,145.4,0.0,145.4
110571,2024-11-16,Noise-Cancel Headphones,Electronics,North,Online,2,127.98,0.0,255.96
110572,2024-11-16,Wireless Mouse,Electronics,Central,Online,1,18.85,0.0,18.85
110574,2024-11-16,Water Bottle,Fitness,West,Online,1,13.27,0.0,13.27
110575,2024-11-16,Office Chair,Furniture,West,Online,1,152.58,0.0,152.58
110564,2024-11-16,Water Bottle,Fitness,East,Online,1,12.63,0.0,12.63
110570,2024-11-16,Desk Lamp,Furniture,West,Online,1,25.66,0.0,25.66
110563,2024-11-16,Running Shoes,Fitness,West,Online,1,62.7,0.2,62.7
110567,2024-11-16,USB-C Hub,Electronics,West,In-Store,1,30.08,0.0,30.08
110561,2024-11-16,Noise-Cancel Headphones,Electronics,West,In-Store,2,125.09,0.0,250.18
110549,2024-11-16,Fountain Pen,Stationery,East,In-Store,2,19.81,0.0,39.62
110548,2024-11-16,Bluetooth Speaker,Electronics,East,In-Store,2,46.87,0.0,93.74
110562,2024-11-16,Noise-Cancel Headphones,Electronics,West,In-Store,2,125.09,0.0,250.18
110550,2024-11-16,Fountain Pen,Stationery,South,In-Store,1,18.83,0.0,18.83
110551,2024-11-16,Water Bottle,Fitness,East,Online,1,12.41,0.0,12.41
110552,2024-11-16,Fountain Pen,Stationery,Central,Online,1,19.43,0.0,19.43
110553,2024-11-16,Yoga Mat,Fitness,East,Online,1,22.52,0.0,22.52
110547,2024-11-16,Bookshelf,Furniture,South,In-Store,1,118.79,0.0,118.79
110555,2024-11-16,Noise-Cancel Headphones,Electronics,East,In-Store,3,129.75,0.0,389.25
110556,2024-11-16,Noise-Cancel Headphones,Electronics,South,In-Store,1,129.75,0.0,129.75
110557,2024-11-16,Wireless Mouse,Electronics,South,Online,1,18.98,0.0,18.98
110558,2024-11-16,Wireless Mouse,Electronics,Central,Online,1,18.98,0.0,18.98
110559,2024-11-16,USB-C Hub,Electronics,East,In-Store,1,32.27,0.0,32.27
110560,2024-11-16,USB-C Hub,Electronics,North,Online,2,29.53,0.0,59.06
110554,2024-11-16,Wireless Mouse,Electronics,East,Online,1,18.73,0.0,18.73
110598,2024-11-17,Fountain Pen,Stationery,South,Online,1,19.78,0.0,19.78
110597,2024-11-17,Planner,Stationery,East,In-Store,1,15.84,0.0,15.84
110596,2024-11-17,Office Chair,Furniture,West,Online,1,148.81,0.0,148.81
110595,2024-11-17,Water Bottle,Fitness,West,Online,1,13.34,0.0,13.34
110594,2024-11-17,Fountain Pen,Stationery,East,Online,1,21.11,0.0,21.11
110593,2024-11-17,USB-C Hub,Electronics,West,In-Store,1,31.79,0.0,31.79
110592,2024-11-17,USB-C Hub,Electronics,Central,Online,2,31.79,0.0,63.58
110591,2024-11-17,USB-C Hub,Electronics,North,Online,1,29.41,0.0,29.41
110590,2024-11-17,Planner,Stationery,South,Online,1,14.23,0.1,14.23
110587,2024-11-17,Standing Desk,Furniture,North,Online,1,292.27,0.0,292.27
110588,2024-11-17,Bluetooth Speaker,Electronics,West,In-Store,1,45.11,0.0,45.11
110576,2024-11-17,Running Shoes,Fitness,East,Online,2,71.47,0.0,142.94
110589,2024-11-17,USB-C Hub,Electronics,Central,In-Store,2,29.91,0.0,59.82
110578,2024-11-17,Noise-Cancel Headphones,Electronics,West,Online,1,128.58,0.0,128.58
110579,2024-11-17,Noise-Cancel Headphones,Electronics,North,Online,2,130.96,0.0,261.92
110580,2024-11-17,Running Shoes,Fitness,West,In-Store,1,70.28,0.0,70.28
110577,2024-11-17,Fountain Pen,Stationery,East,Online,2,19.38,0.0,38.76
110582,2024-11-17,Dumbbell Set,Fitness,West,Online,1,90.21,0.0,90.21
110583,2024-11-17,Bookshelf,Furniture,North,Online,1,122.24,0.0,122.24
110584,2024-11-17,Dumbbell Set,Fitness,North,Online,2,93.41,0.0,186.82
110585,2024-11-17,Bluetooth Speaker,Electronics,West,Online,1,43.03,0.0,43.03
110586,2024-11-17,Notebook Set,Stationery,East,In-Store,1,9.1,0.0,9.1
110581,2024-11-17,Fountain Pen,Stationery,North,Online,1,20.24,0.0,20.24
110612,2024-11-18,Dumbbell Set,Fitness,West,In-Store,1,84.15,0.0,84.15
110618,2024-11-18,Dumbbell Set,Fitness,Central,In-Store,1,89.78,0.0,89.78
110617,2024-11-18,Fountain Pen,Stationery,South,Online,1,20.17,0.0,20.17
110616,2024-11-18,Standing Desk,Furniture,North,Online,1,302.99,0.0,302.99
110615,2024-11-18,Wireless Mouse,Electronics,South,Online,2,18.89,0.0,37.78
110614,2024-11-18,Resistance Bands,Fitness,South,In-Store,1,11.73,0.2,11.73
110613,2024-11-18,Fountain Pen,Stationery,East,Online,1,19.4,0.0,19.4
110611,2024-11-18,Bookshelf,Furniture,East,Online,1,120.86,0.0,120.86
110603,2024-11-18,Water Bottle,Fitness,West,Online,1,13.54,0.0,13.54
110609,2024-11-18,Bluetooth Speaker,Electronics,North,Online,1,44.99,0.0,44.99
110602,2024-11-18,Dumbbell Set,Fitness,North,Online,3,89.82,0.0,269.46
110601,2024-11-18,Desk Lamp,Furniture,North,In-Store,1,24.26,0.0,24.26
110600,2024-11-18,Fountain Pen,Stationery,Central,Online,1,20.64,0.0,20.64
110599,2024-11-18,Standing Desk,Furniture,North,Online,1,309.82,0.0,309.82
110610,2024-11-18,Notebook Set,Stationery,North,In-Store,1,8.88,0.0,8.88
110605,2024-11-18,Bluetooth Speaker,Electronics,North,Online,1,43.36,0.0,43.36
110608,2024-11-18,Bluetooth Speaker,Electronics,Central,In-Store,2,44.99,0.0,89.98
110607,2024-11-18,Desk Lamp,Furniture,West,In-Store,1,25.38,0.0,25.38
110606,2024-11-18,Planner,Stationery,East,Online,1,16.0,0.0,16.0
110604,2024-11-18,Noise-Cancel Headphones,Electronics,East,Online,1,134.51,0.0,134.51
110641,2024-11-19,Office Chair,Furniture,South,In-Store,1,132.09,0.15,132.09
110640,2024-11-19,Bookshelf,Furniture,East,In-Store,2,126.18,0.0,252.36
110639,2024-11-19,Office Chair,Furniture,North,In-Store,1,156.72,0.0,156.72
110638,2024-11-19,Bluetooth Speaker,Electronics,Central,Online,2,46.49,0.0,92.98
110636,2024-11-19,Dumbbell Set,Fitness,South,Online,1,77.29,0.15,77.29
110635,2024-11-19,Water Bottle,Fitness,Central,Online,1,12.78,0.0,12.78
110633,2024-11-19,Yoga Mat,Fitness,Central,Online,1,18.61,0.15,18.61
110632,2024-11-19,Bookshelf,Furniture,Central,Online,2,121.1,0.0,242.2
110637,2024-11-19,Bluetooth Speaker,Electronics,Central,In-Store,1,43.69,0.0,43.69
110630,2024-11-19,Wireless Mouse,Electronics,West,In-Store,1,19.23,0.0,19.23
110631,2024-11-19,Dumbbell Set,Fitness,East,In-Store,1,92.54,0.0,92.54
110620,2024-11-19,Wireless Mouse,Electronics,West,Online,2,15.23,0.2,30.46
110621,2024-11-19,Dumbbell Set,Fitness,North,In-Store,1,86.2,0.0,86.2
110622,2024-11-19,Standing Desk,Furniture,North,Online,3,296.27,0.0,888.81
110623,2024-11-19,Office Chair,Furniture,South,Online,1,148.92,0.0,148.92
110624,2024-11-19,Resistance Bands,Fitness,North,In-Store,1,14.13,0.0,14.13
110619,2024-11-19,Wireless Mouse,Electronics,West,Online,1,15.23,0.2,15.23
110626,2024-11-19,Noise-Cancel Headphones,Electronics,Central,Online,1,123.43,0.0,123.43
110625,2024-11-19,Noise-Cancel Headphones,Electronics,North,In-Store,1,123.43,0.0,123.43
110629,2024-11-19,Noise-Cancel Headphones,Electronics,North,In-Store,2,127.9,0.0,255.8
110634,2024-11-19,Desk Lamp,Furniture,North,In-Store,1,21.3,0.15,21.3
110628,2024-11-19,Noise-Cancel Headphones,Electronics,North,Online,1,127.9,0.0,127.9
110627,2024-11-19,Mechanical Keyboard,Electronics,North,In-Store,2,57.95,0.1,115.9
110667,2024-11-20,Notebook Set,Stationery,East,Online,1,7.98,0.1,7.98
110666,2024-11-20,Bookshelf,Furniture,South,Online,4,109.06,0.1,436.24
110665,2024-11-20,Noise-Cancel Headphones,Electronics,North,Online,1,126.93,0.0,126.93
110663,2024-11-20,Bluetooth Speaker,Electronics,West,In-Store,1,45.46,0.0,45.46
110662,2024-11-20,Dumbbell Set,Fitness,South,In-Store,1,92.25,0.0,92.25
110661,2024-11-20,Bookshelf,Furniture,South,In-Store,1,120.96,0.0,120.96
110660,2024-11-20,Running Shoes,Fitness,East,Online,1,78.03,0.0,78.03
110659,2024-11-20,Office Chair,Furniture,East,Online,1,135.13,0.1,135.13
110658,2024-11-20,Wireless Mouse,Electronics,North,In-Store,1,19.39,0.0,19.39
110657,2024-11-20,Wireless Mouse,Electronics,West,In-Store,1,18.41,0.0,18.41
110664,2024-11-20,Fountain Pen,Stationery,South,In-Store,1,18.03,0.1,18.03
110656,2024-11-20,Dumbbell Set,Fitness,West,Online,2,85.41,0.1,170.82
110654,2024-11-20,Planner,Stationery,North,Online,2,15.71,0.0,31.42
110644,2024-11-20,Dumbbell Set,Fitness,North,Online,1,90.63,0.0,90.63
110643,2024-11-20,Wireless Mouse,Electronics,South,Online,1,19.47,0.0,19.47
110645,2024-11-20,USB-C Hub,Electronics,South,In-Store,1,30.27,0.0,30.27
110646,2024-11-20,USB-C Hub,Electronics,Central,In-Store,2,30.27,0.0,60.54
110647,2024-11-20,Notebook Set,Stationery,South,In-Store,1,9.12,0.0,9.12
110642,2024-11-20,Standing Desk,Furniture,South,Online,1,245.7,0.15,245.7
110649,2024-11-20,Notebook Set,Stationery,South,In-Store,1,8.25,0.1,8.25
110650,2024-11-20,Planner,Stationery,Central,Online,1,13.95,0.15,13.95
110651,2024-11-20,Water Bottle,Fitness,South,In-Store,2,13.79,0.0,27.58
110652,2024-11-20,Fountain Pen,Stationery,South,In-Store,1,21.22,0.0,21.22
110653,2024-11-20,Mechanical Keyboard,Electronics,South,Online,1,65.93,0.0,65.93
110648,2024-11-20,Standing Desk,Furniture,West,Online,1,303.63,0.0,303.63
110655,2024-11-20,Water Bottle,Fitness,West,Online,1,12.91,0.0,12.91
110680,2024-11-21,Yoga Mat,Fitness,North,In-Store,1,22.41,0.0,22.41
110686,2024-11-21,Fountain Pen,Stationery,South,In-Store,2,17.82,0.15,35.64
110685,2024-11-21,Noise-Cancel Headphones,Electronics,East,In-Store,1,133.1,0.0,133.1
110684,2024-11-21,Bookshelf,Furniture,West,Online,1,115.47,0.0,115.47
110683,2024-11-21,Dumbbell Set,Fitness,South,In-Store,1,88.1,0.0,88.1
110682,2024-11-21,Fountain Pen,Stationery,West,Online,2,20.16,0.0,40.32
110681,2024-11-21,Bluetooth Speaker,Electronics,East,In-Store,2,44.72,0.0,89.44
110679,2024-11-21,Running Shoes,Fitness,North,Online,1,62.15,0.15,62.15
110677,2024-11-21,Desk Lamp,Furniture,West,In-Store,1,25.24,0.0,25.24
110676,2024-11-21,Resistance Bands,Fitness,Central,Online,1,14.83,0.0,14.83
110675,2024-11-21,Resistance Bands,Fitness,North,In-Store,2,14.92,0.0,29.84
110674,2024-11-21,Yoga Mat,Fitness,North,In-Store,1,21.33,0.0,21.33
110673,2024-11-21,Dumbbell Set,Fitness,East,Online,1,86.51,0.0,86.51
110672,2024-11-21,Desk Lamp,Furniture,Central,Online,1,20.88,0.2,20.88
110671,2024-11-21,USB-C Hub,Electronics,Central,Online,2,31.39,0.0,62.78
110670,2024-11-21,USB-C Hub,Electronics,South,In-Store,2,31.39,0.0,62.78
110669,2024-11-21,Office Chair,Furniture,North,Online,1,152.12,0.0,152.12
110668,2024-11-21,Fountain Pen,Stationery,Central,Online,1,20.17,0.0,20.17
110678,2024-11-21,Running Shoes,Fitness,Central,In-Store,1,78.57,0.0,78.57
110703,2024-11-22,Planner,Stationery,East,Online,4,15.97,0.0,63.88
110704,2024-11-22,Planner,Stationery,East,Online,1,15.58,0.0,15.58
110705,2024-11-22,Fountain Pen,Stationery,South,Online,1,16.53,0.2,16.53
110706,2024-11-22,Fountain Pen,Stationery,South,In-Store,1,19.64,0.0,19.64
110712,2024-11-22,Dumbbell Set,Fitness,West,Online,1,91.36,0.0,91.36
110708,2024-11-22,Standing Desk,Furniture,Central,Online,1,282.16,0.0,282.16
110709,2024-11-22,Bluetooth Speaker,Electronics,West,Online,1,44.37,0.0,44.37
110710,2024-11-22,Planner,Stationery,East,Online,1,14.85,0.1,14.85
110711,2024-11-22,USB-C Hub,Electronics,Central,In-Store,1,30.56,0.0,30.56
110707,2024-11-22,Fountain Pen,Stationery,North,In-Store,2,20.43,0.0,40.86
110702,2024-11-22,Mechanical Keyboard,Electronics,West,In-Store,1,66.07,0.0,66.07
110700,2024-11-22,Mechanical Keyboard,Electronics,North,Online,1,56.59,0.1,56.59
110699,2024-11-22,Desk Lamp,Furniture,East,Online,1,24.34,0.0,24.34
110687,2024-11-22,Bookshelf,Furniture,West,Online,1,118.97,0.0,118.97
110689,2024-11-22,Wireless Mouse,Electronics,East,In-Store,1,17.09,0.1,17.09
110701,2024-11-22,Mechanical Keyboard,Electronics,Central,In-Store,1,56.59,0.1,56.59
110690,2024-11-22,Resistance Bands,Fitness,Central,Online,1,11.67,0.2,11.67
110691,2024-11-22,Standing Desk,Furniture,South,Online,1,315.49,0.0,315.49
110692,2024-11-22,Yoga Mat,Fitness,Central,Online,1,22.32,0.0,22.32
110688,2024-11-22,Noise-Cancel Headphones,Electronics,North,In-Store,1,107.11,0.2,107.11
110694,2024-11-22,Mechanical Keyboard,Electronics,East,Online,1,68.0,0.0,68.0
110695,2024-11-22,Mechanical Keyboard,Electronics,Central,In-Store,1,68.0,0.0,68.0
110696,2024-11-22,Resistance Bands,Fitness,South,Online,1,13.78,0.0,13.78
110697,2024-11-22,Standing Desk,Furniture,Central,Online,2,269.72,0.1,539.44
110698,2024-11-22,Running Shoes,Fitness,North,Online,1,77.15,0.0,77.15
110693,2024-11-22,Mechanical Keyboard,Electronics,South,Online,1,67.36,0.0,67.36
110732,2024-11-23,Desk Lamp,Furniture,South,In-Store,1,24.52,0.0,24.52
110733,2024-11-23,Noise-Cancel Headphones,Electronics,South,Online,2,135.11,0.0,270.22
110734,2024-11-23,USB-C Hub,Electronics,East,Online,1,30.68,0.0,30.68
110735,2024-11-23,Dumbbell Set,Fitness,North,Online,1,85.93,0.0,85.93
110738,2024-11-23,Yoga Mat,Fitness,West,In-Store,1,22.57,0.0,22.57
110737,2024-11-23,Fountain Pen,Stationery,North,In-Store,2,20.9,0.0,41.8
110739,2024-11-23,Notebook Set,Stationery,Central,Online,2,9.39,0.0,18.78
110740,2024-11-23,Notebook Set,Stationery,West,Online,1,8.81,0.0,8.81
110731,2024-11-23,Resistance Bands,Fitness,West,In-Store,1,13.95,0.0,13.95
110736,2024-11-23,Wireless Mouse,Electronics,South,In-Store,1,20.04,0.0,20.04
110729,2024-11-23,Resistance Bands,Fitness,South,Online,1,14.45,0.0,14.45
110730,2024-11-23,Desk Lamp,Furniture,South,In-Store,1,25.33,0.0,25.33
110727,2024-11-23,USB-C Hub,Electronics,South,Online,1,30.41,0.0,30.41
110713,2024-11-23,Office Chair,Furniture,South,In-Store,1,139.94,0.0,139.94
110728,2024-11-23,Noise-Cancel Headphones,Electronics,North,Online,1,117.08,0.1,117.08
110715,2024-11-23,Resistance Bands,Fitness,Central,Online,1,14.76,0.0,14.76
110716,2024-11-23,Bluetooth Speaker,Electronics,East,Online,1,35.46,0.2,35.46
110717,2024-11-23,Dumbbell Set,Fitness,South,Online,1,90.79,0.0,90.79
110718,2024-11-23,Bookshelf,Furniture,West,Online,1,121.75,0.0,121.75
110719,2024-11-23,Office Chair,Furniture,East,Online,1,146.66,0.0,146.66
110714,2024-11-23,Resistance Bands,Fitness,South,In-Store,4,14.09,0.0,56.36
110721,2024-11-23,Water Bottle,Fitness,North,Online,1,13.07,0.0,13.07
110722,2024-11-23,Noise-Cancel Headphones,Electronics,North,Online,1,135.88,0.0,135.88
110723,2024-11-23,Running Shoes,Fitness,Central,In-Store,2,70.15,0.0,140.3
110724,2024-11-23,Yoga Mat,Fitness,North,Online,1,22.8,0.0,22.8
110725,2024-11-23,Noise-Cancel Headphones,Electronics,West,In-Store,2,119.35,0.1,238.7
110726,2024-11-23,Yoga Mat,Fitness,Central,Online,1,23.48,0.0,23.48
110720,2024-11-23,USB-C Hub,Electronics,South,Online,1,30.28,0.0,30.28
110761,2024-11-24,Planner,Stationery,East,Online,1,15.86,0.0,15.86
110762,2024-11-24,Planner,Stationery,East,Online,1,16.59,0.0,16.59
110763,2024-11-24,Office Chair,Furniture,North,Online,1,144.12,0.1,144.12
110764,2024-11-24,Wireless Mouse,Electronics,West,In-Store,3,18.74,0.0,56.22
110765,2024-11-24,Wireless Mouse,Electronics,Central,Online,1,18.74,0.0,18.74
110766,2024-11-24,Water Bottle,Fitness,South,In-Store,1,13.21,0.0,13.21
110769,2024-11-24,Resistance Bands,Fitness,South,In-Store,1,15.53,0.0,15.53
110768,2024-11-24,Notebook Set,Stationery,West,In-Store,1,8.78,0.0,8.78
110770,2024-11-24,Dumbbell Set,Fitness,Central,In-Store,2,90.51,0.0,181.02
110771,2024-11-24,Running Shoes,Fitness,Central,In-Store,1,63.85,0.15,63.85
110760,2024-11-24,Wireless Mouse,Electronics,Central,Online,2,18.63,0.0,37.26
110772,2024-11-24,Office Chair,Furniture,West,Online,1,150.27,0.0,150.27
110767,2024-11-24,Noise-Cancel Headphones,Electronics,West,In-Store,1,130.37,0.0,130.37
110759,2024-11-24,Fountain Pen,Stationery,Central,In-Store,1,19.46,0.0,19.46
110745,2024-11-24,Yoga Mat,Fitness,South,In-Store,1,22.28,0.0,22.28
110757,2024-11-24,Running Shoes,Fitness,North,Online,1,69.71,0.0,69.71
110741,2024-11-24,Bluetooth Speaker,Electronics,North,In-Store,1,35.0,0.2,35.0
110758,2024-11-24,Desk Lamp,Furniture,Central,Online,1,21.98,0.15,21.98
110743,2024-11-24,Desk Lamp,Furniture,West,Online,1,21.7,0.1,21.7
110744,2024-11-24,Yoga Mat,Fitness,West,Online,1,21.51,0.0,21.51
110746,2024-11-24,Bluetooth Speaker,Electronics,East,In-Store,1,44.74,0.0,44.74
110747,2024-11-24,Bluetooth Speaker,Electronics,North,In-Store,3,47.62,0.0,142.86
110748,2024-11-24,Office Chair,Furniture,East,Online,1,145.1,0.0,145.1
110742,2024-11-24,Bluetooth Speaker,Electronics,East,Online,1,35.0,0.2,35.0
110750,2024-11-24,Desk Lamp,Furniture,West,In-Store,1,24.22,0.0,24.22
110751,2024-11-24,Desk Lamp,Furniture,South,Online,2,19.62,0.2,39.24
110752,2024-11-24,Desk Lamp,Furniture,South,Online,1,23.78,0.0,23.78
110753,2024-11-24,Dumbbell Set,Fitness,Central,Online,2,92.26,0.0,184.52
110754,2024-11-24,Bookshelf,Furniture,East,Online,1,113.8,0.0,113.8
110755,2024-11-24,Running Shoes,Fitness,West,In-Store,2,77.73,0.0,155.46
110756,2024-11-24,Office Chair,Furniture,East,Online,2,147.27,0.0,294.54
110749,2024-11-24,Bluetooth Speaker,Electronics,East,Online,2,44.05,0.0,88.1
110791,2024-11-25,Bluetooth Speaker,Electronics,West,In-Store,2,46.48,0.0,92.96
110792,2024-11-25,Bluetooth Speaker,Electronics,North,Online,2,46.48,0.0,92.96
110793,2024-11-25,Standing Desk,Furniture,Central,Online,1,290.91,0.0,290.91
110794,2024-11-25,Resistance Bands,Fitness,South,Online,1,14.82,0.0,14.82
110795,2024-11-25,Wireless Mouse,Electronics,South,Online,1,19.46,0.0,19.46
110799,2024-11-25,Resistance Bands,Fitness,North,Online,1,14.6,0.0,14.6
110797,2024-11-25,Running Shoes,Fitness,North,In-Store,2,70.7,0.0,141.4
110798,2024-11-25,Bookshelf,Furniture,West,Online,1,111.36,0.1,111.36
110800,2024-11-25,Dumbbell Set,Fitness,North,In-Store,2,70.46,0.15,140.92
110801,2024-11-25,Desk Lamp,Furniture,North,Online,2,25.98,0.0,51.96
110796,2024-11-25,Wireless Mouse,Electronics,North,Online,1,19.46,0.0,19.46
110790,2024-11-25,Bookshelf,Furniture,North,Online,2,117.18,0.0,234.36
110787,2024-11-25,Resistance Bands,Fitness,East,In-Store,2,14.78,0.0,29.56
110788,2024-11-25,Mechanical Keyboard,Electronics,West,Online,1,61.25,0.0,61.25
110789,2024-11-25,Noise-Cancel Headphones,Electronics,East,In-Store,1,131.75,0.0,131.75
110775,2024-11-25,Standing Desk,Furniture,Central,In-Store,2,304.24,0.0,608.48
110774,2024-11-25,Running Shoes,Fitness,East,Online,2,76.53,0.0,153.06
110773,2024-11-25,Yoga Mat,Fitness,North,In-Store,1,22.35,0.0,22.35
110777,2024-11-25,Mechanical Keyboard,Electronics,South,In-Store,1,67.21,0.0,67.21
110778,2024-11-25,Water Bottle,Fitness,West,Online,1,12.83,0.0,12.83
110779,2024-11-25,Desk Lamp,Furniture,East,Online,1,22.09,0.1,22.09
110776,2024-11-25,Mechanical Keyboard,Electronics,West,Online,1,67.21,0.0,67.21
110781,2024-11-25,Fountain Pen,Stationery,South,Online,1,20.0,0.0,20.0
110782,2024-11-25,Desk Lamp,Furniture,East,Online,1,25.04,0.0,25.04
110783,2024-11-25,Desk Lamp,Furniture,Central,Online,2,24.59,0.0,49.18
110784,2024-11-25,Wireless Mouse,Electronics,East,Online,1,18.31,0.0,18.31
110785,2024-11-25,Notebook Set,Stationery,South,In-Store,4,8.31,0.1,33.24
110786,2024-11-25,Wireless Mouse,Electronics,North,Online,1,20.53,0.0,20.53
110780,2024-11-25,Noise-Cancel Headphones,Electronics,South,In-Store,2,128.41,0.0,256.82
110816,2024-11-26,Noise-Cancel Headphones,Electronics,North,In-Store,1,125.19,0.0,125.19
110822,2024-11-26,Bookshelf,Furniture,North,Online,1,119.87,0.0,119.87
110821,2024-11-26,Office Chair,Furniture,North,Online,2,150.8,0.0,301.6
110820,2024-11-26,Water Bottle,Fitness,Central,Online,2,10.81,0.15,21.62
110819,2024-11-26,USB-C Hub,Electronics,North,In-Store,2,30.21,0.0,60.42
110818,2024-11-26,USB-C Hub,Electronics,East,Online,2,30.21,0.0,60.42
110817,2024-11-26,Standing Desk,Furniture,North,Online,2,309.32,0.0,618.64
110815,2024-11-26,Standing Desk,Furniture,Central,Online,1,229.57,0.2,229.57
110812,2024-11-26,Notebook Set,Stationery,West,Online,1,8.95,0.0,8.95
110813,2024-11-26,Resistance Bands,Fitness,North,In-Store,2,14.67,0.0,29.34
110802,2024-11-26,Resistance Bands,Fitness,West,Online,2,14.02,0.0,28.04
110803,2024-11-26,Notebook Set,Stationery,North,Online,1,8.65,0.0,8.65
110814,2024-11-26,Dumbbell Set,Fitness,Central,Online,3,89.19,0.0,267.57
110805,2024-11-26,Office Chair,Furniture,Central,Online,1,151.52,0.0,151.52
110806,2024-11-26,Planner,Stationery,West,In-Store,1,16.28,0.0,16.28
110804,2024-11-26,USB-C Hub,Electronics,South,In-Store,1,30.81,0.0,30.81
110808,2024-11-26,Resistance Bands,Fitness,West,Online,1,13.98,0.0,13.98
110809,2024-11-26,Wireless Mouse,Electronics,West,Online,1,19.28,0.0,19.28
110810,2024-11-26,Resistance Bands,Fitness,East,In-Store,2,15.01,0.0,30.02
110811,2024-11-26,Bluetooth Speaker,Electronics,South,Online,1,43.1,0.0,43.1
110807,2024-11-26,Fountain Pen,Stationery,Central,Online,1,20.64,0.0,20.64
110837,2024-11-27,Planner,Stationery,East,Online,1,15.86,0.0,15.86
110843,2024-11-27,Running Shoes,Fitness,East,In-Store,1,77.3,0.0,77.3
110842,2024-11-27,Mechanical Keyboard,Electronics,South,In-Store,-1,65.7,0.0,65.7
110841,2024-11-27,Mechanical Keyboard,Electronics,West,In-Store,2,65.56,0.0,131.12
110840,2024-11-27,Mechanical Keyboard,Electronics,East,In-Store,1,65.56,0.0,65.56
110839,2024-11-27,Running Shoes,Fitness,Central,Online,1,74.26,0.0,74.26
110838,2024-11-27,Standing Desk,Furniture,Central,In-Store,1,308.79,0.0,308.79
110836,2024-11-27,Mechanical Keyboard,Electronics,Central,Online,1,70.36,0.0,70.36
110829,2024-11-27,Desk Lamp,Furniture,Central,Online,1,23.95,0.1,23.95
110834,2024-11-27,Office Chair,Furniture,South,Online,1,149.89,0.0,149.89
110826,2024-11-27,Water Bottle,Fitness,West,In-Store,1,12.63,0.0,12.63
110825,2024-11-27,Running Shoes,Fitness,East,In-Store,2,66.63,0.1,133.26
110827,2024-11-27,Mechanical Keyboard,Electronics,East,Online,1,64.45,0.0,64.45
110828,2024-11-27,Mechanical Keyboard,Electronics,West,In-Store,1,64.13,0.0,64.13
110824,2024-11-27,Notebook Set,Stationery,West,Online,1,8.67,0.0,8.67
110830,2024-11-27,Bookshelf,Furniture,North,In-Store,3,118.1,0.0,354.3
110831,2024-11-27,Noise-Cancel Headphones,Electronics,South,In-Store,1,128.57,0.0,128.57
110832,2024-11-27,Noise-Cancel Headphones,Electronics,Central,Online,2,128.57,0.0,257.14
110833,2024-11-27,Dumbbell Set,Fitness,West,In-Store,1,88.6,0.0,88.6
110823,2024-11-27,Fountain Pen,Stationery,East,Online,2,17.56,0.1,35.12
110835,2024-11-27,Mechanical Keyboard,Electronics,East,Online,2,70.36,0.0,140.72
110853,2024-11-28,Noise-Cancel Headphones,Electronics,East,Online,1,134.88,0.0,134.88
110857,2024-11-28,Running Shoes,Fitness,South,Online,2,70.75,0.0,141.5
110856,2024-11-28,Standing Desk,Furniture,Central,In-Store,3,311.27,0.0,933.81
110855,2024-11-28,Running Shoes,Fitness,North,In-Store,1,72.86,0.0,72.86
110854,2024-11-28,Fountain Pen,Stationery,North,Online,2,20.47,0.0,40.94
110852,2024-11-28,Bluetooth Speaker,Electronics,North,In-Store,1,45.08,0.0,45.08
110850,2024-11-28,USB-C Hub,Electronics,East,In-Store,2,25.67,0.1,51.34
110849,2024-11-28,USB-C Hub,Electronics,South,In-Store,1,25.67,0.1,25.67
110848,2024-11-28,Noise-Cancel Headphones,Electronics,South,Online,1,133.59,0.0,133.59
110847,2024-11-28,Standing Desk,Furniture,West,In-Store,1,301.6,0.0,301.6
110846,2024-11-28,Planner,Stationery,East,In-Store,1,16.41,0.0,16.41
110845,2024-11-28,USB-C Hub,Electronics,South,In-Store,1,30.2,0.0,30.2
110844,2024-11-28,USB-C Hub,Electronics,Central,Online,3,30.2,0.0,90.6
110851,2024-11-28,Bookshelf,Furniture,South,In-Store,1,108.83,0.1,108.83
110877,2024-11-29,Running Shoes,Fitness,South,Online,1,79.36,0.0,79.36
110871,2024-11-29,Wireless Mouse,Electronics,East,In-Store,1,19.47,0.0,19.47
110875,2024-11-29,Bluetooth Speaker,Electronics,South,Online,1,37.99,0.15,37.99
110874,2024-11-29,Yoga Mat,Fitness,North,Online,1,21.58,0.0,21.58
110873,2024-11-29,Office Chair,Furniture,North,Online,2,151.95,0.0,303.9
110872,2024-11-29,Wireless Mouse,Electronics,South,Online,1,19.47,0.0,19.47
110870,2024-11-29,Bluetooth Speaker,Electronics,North,In-Store,1,46.31,0.0,46.31
110876,2024-11-29,Noise-Cancel Headphones,Electronics,West,In-Store,1,131.2,0.0,131.2
110868,2024-11-29,Resistance Bands,Fitness,West,Online,4,14.18,0.0,56.72
110859,2024-11-29,Standing Desk,Furniture,East,Online,3,301.4,0.0,904.2
110860,2024-11-29,USB-C Hub,Electronics,East,Online,1,31.51,0.0,31.51
110869,2024-11-29,Planner,Stationery,Central,Online,2,15.4,0.0,30.8
110861,2024-11-29,Mechanical Keyboard,Electronics,West,Online,2,67.41,0.0,134.82
110862,2024-11-29,Desk Lamp,Furniture,Central,Online,1,25.2,0.0,25.2
110858,2024-11-29,Dumbbell Set,Fitness,West,Online,1,92.13,0.0,92.13
110864,2024-11-29,Notebook Set,Stationery,North,Online,2,8.64,0.0,17.28
110865,2024-11-29,Bookshelf,Furniture,East,Online,2,122.18,0.0,244.36
110866,2024-11-29,USB-C Hub,Electronics,South,Online,1,25.35,0.1,25.35
110867,2024-11-29,USB-C Hub,Electronics,West,Online,1,25.35,0.1,25.35
110863,2024-11-29,Resistance Bands,Fitness,West,In-Store,1,14.18,0.0,14.18
110897,2024-11-30,USB-C Hub,Electronics,North,In-Store,1,29.75,0.0,29.75
110898,2024-11-30,Standing Desk,Furniture,Central,In-Store,2,306.82,0.0,613.64
110899,2024-11-30,Yoga Mat,Fitness,West,In-Store,1,22.13,0.0,22.13
110900,2024-11-30,USB-C Hub,Electronics,Central,Online,1,27.89,0.1,27.89
110901,2024-11-30,Bookshelf,Furniture,North,In-Store,1,94.91,0.15,94.91
110903,2024-11-30,Standing Desk,Furniture,Central,Online,1,307.38,0.0,307.38
110904,2024-11-30,Fountain Pen,Stationery,West,In-Store,2,20.05,0.0,40.1
110905,2024-11-30,Running Shoes,Fitness,Central,Online,1,76.4,0.0,76.4
110906,2024-11-30,Standing Desk,Furniture,East,Online,1,297.37,0.0,297.37
110896,2024-11-30,Desk Lamp,Furniture,South,Online,2,26.1,0.0,52.2
110902,2024-11-30,Wireless Mouse,Electronics,Central,In-Store,2,17.06,0.1,34.12
110895,2024-11-30,Bluetooth Speaker,Electronics,Central,Online,1,46.34,0.0,46.34
110894,2024-11-30,Desk Lamp,Furniture,South,Online,1,24.21,0.0,24.21
110893,2024-11-30,USB-C Hub,Electronics,North,Online,1,26.8,0.1,26.8
110878,2024-11-30,Bluetooth Speaker,Electronics,East,Online,1,44.92,0.0,44.92
110879,2024-11-30,Mechanical Keyboard,Electronics,Central,Online,1,64.55,0.0,64.55
110880,2024-11-30,Wireless Mouse,Electronics,Central,In-Store,1,18.18,0.0,18.18
110882,2024-11-30,Fountain Pen,Stationery,East,Online,1,18.98,0.0,18.98
110883,2024-11-30,Notebook Set,Stationery,East,Online,4,8.22,0.1,32.88
110884,2024-11-30,Mechanical Keyboard,Electronics,North,In-Store,1,69.41,0.0,69.41
110885,2024-11-30,Water Bottle,Fitness,North,In-Store,2,10.85,0.15,21.7
110881,2024-11-30,Yoga Mat,Fitness,Central,In-Store,1,22.26,0.0,22.26
110887,2024-11-30,Bookshelf,Furniture,North,Online,1,96.9,0.2,96.9
110888,2024-11-30,Mechanical Keyboard,Electronics,South,In-Store,1,66.5,0.0,66.5
110889,2024-11-30,Desk Lamp,Furniture,West,Online,1,19.71,0.2,19.71
110890,2024-11-30,Resistance Bands,Fitness,South,In-Store,4,13.91,0.0,55.64
110891,2024-11-30,Running Shoes,Fitness,Central,In-Store,1,76.03,0.0,76.03
110892,2024-11-30,Office Chair,Furniture,South,Online,1,143.0,0.1,143.0
110886,2024-11-30,Office Chair,Furniture,East,Online,2,149.66,0.0,299.32
110922,2024-12-01,Standing Desk,Furniture,East,Online,1,288.64,0.0,288.64
110929,2024-12-01,Mechanical Keyboard,Electronics,South,In-Store,1,64.09,0.0,64.09
110928,2024-12-01,Mechanical Keyboard,Electronics,North,In-Store,2,64.09,0.0,128.18
110927,2024-12-01,Running Shoes,Fitness,West,Online,2,73.69,0.0,147.38
110926,2024-12-01,Bookshelf,Furniture,North,Online,1,107.1,0.1,107.1
110925,2024-12-01,Planner,Stationery,North,Online,1,14.55,0.1,14.55
110924,2024-12-01,Wireless Mouse,Electronics,North,Online,1,18.58,0.0,18.58
110923,2024-12-01,Desk Lamp,Furniture,North,In-Store,2,24.68,0.0,49.36
110921,2024-12-01,Noise-Cancel Headphones,Electronics,North,In-Store,1,121.6,0.1,121.6
110916,2024-12-01,Fountain Pen,Stationery,West,Online,1,19.16,0.0,19.16
110919,2024-12-01,Wireless Mouse,Electronics,South,In-Store,2,18.8,0.0,37.6
110909,2024-12-01,Bluetooth Speaker,Electronics,East,In-Store,1,45.55,0.0,45.55
110907,2024-12-01,Water Bottle,Fitness,East,In-Store,1,10.38,0.2,10.38
110910,2024-12-01,Planner,Stationery,South,Online,2,15.72,0.0,31.44
110911,2024-12-01,Bluetooth Speaker,Electronics,South,Online,1,47.62,0.0,47.62
110912,2024-12-01,Bluetooth Speaker,Electronics,West,Online,1,42.01,0.1,42.01
110908,2024-12-01,Bluetooth Speaker,Electronics,Central,In-Store,2,45.55,0.0,91.1
110914,2024-12-01,Fountain Pen,Stationery,West,Online,2,17.84,0.15,35.68
110915,2024-12-01,Mechanical Keyboard,Electronics,North,In-Store,1,65.96,0.0,65.96
110917,2024-12-01,Standing Desk,Furniture,West,Online,1,291.82,0.0,291.82
110918,2024-12-01,Fountain Pen,Stationery,South,Online,1,15.96,0.15,15.96
110913,2024-12-01,Bluetooth Speaker,Electronics,West,In-Store,1,42.01,0.1,42.01
110920,2024-12-01,Standing Desk,Furniture,South,Online,1,302.36,0.0,302.36
110943,2024-12-02,Yoga Mat,Fitness,Central,Online,4,22.01,0.0,88.04
110951,2024-12-02,Bookshelf,Furniture,West,In-Store,1,126.75,0.0,126.75
110950,2024-12-02,Yoga Mat,Fitness,West,Online,1,21.74,0.0,21.74
110949,2024-12-02,Dumbbell Set,Fitness,Central,In-Store,1,78.41,0.1,78.41
110948,2024-12-02,Noise-Cancel Headphones,Electronics,East,Online,1,124.19,0.0,124.19
110947,2024-12-02,Noise-Cancel Headphones,Electronics,East,Online,1,124.19,0.0,124.19
110946,2024-12-02,Standing Desk,Furniture,North,Online,1,277.13,0.1,277.13
110945,2024-12-02,Running Shoes,Fitness,East,In-Store,1,76.99,0.0,76.99
110944,2024-12-02,Resistance Bands,Fitness,West,Online,1,13.83,0.0,13.83
110942,2024-12-02,Notebook Set,Stationery,West,In-Store,2,9.06,0.0,18.12
110940,2024-12-02,Yoga Mat,Fitness,East,In-Store,1,17.93,0.15,17.93
110930,2024-12-02,Resistance Bands,Fitness,Central,Online,1,14.27,0.0,14.27
110941,2024-12-02,Office Chair,Furniture,West,In-Store,1,149.74,0.0,149.74
110932,2024-12-02,Fountain Pen,Stationery,Central,Online,1,20.7,0.0,20.7
110933,2024-12-02,Dumbbell Set,Fitness,Central,Online,1,84.26,0.1,84.26
110934,2024-12-02,Mechanical Keyboard,Electronics,Central,In-Store,2,66.81,0.0,133.62
110931,2024-12-02,Water Bottle,Fitness,South,Online,1,12.78,0.0,12.78
110936,2024-12-02,Bookshelf,Furniture,West,Online,1,123.63,0.0,123.63
110937,2024-12-02,USB-C Hub,Electronics,North,Online,2,29.85,0.0,59.7
110938,2024-12-02,USB-C Hub,Electronics,North,Online,2,29.85,0.0,59.7
110939,2024-12-02,Fountain Pen,Stationery,West,Online,1,18.39,0.0,18.39
110935,2024-12-02,Standing Desk,Furniture,Central,Online,2,296.02,0.0,592.04
110973,2024-12-03,Wireless Mouse,Electronics,Central,In-Store,2,19.42,0.0,38.84
110972,2024-12-03,Notebook Set,Stationery,East,Online,1,8.87,0.0,8.87
110966,2024-12-03,Wireless Mouse,Electronics,East,Online,2,18.13,0.0,36.26
110970,2024-12-03,Wireless Mouse,Electronics,South,Online,2,16.09,0.2,32.18
110969,2024-12-03,Wireless Mouse,Electronics,North,In-Store,1,16.09,0.2,16.09
110968,2024-12-03,Bookshelf,Furniture,West,In-Store,2,116.52,0.0,233.04
110967,2024-12-03,Wireless Mouse,Electronics,Central,In-Store,1,18.13,0.0,18.13
110965,2024-12-03,Desk Lamp,Furniture,North,In-Store,2,23.85,0.0,47.7
110971,2024-12-03,Mechanical Keyboard,Electronics,West,Online,2,61.05,0.0,122.1
110963,2024-12-03,Mechanical Keyboard,Electronics,East,In-Store,1,60.32,0.0,60.32
110954,2024-12-03,Notebook Set,Stationery,North,Online,1,9.25,0.0,9.25
110953,2024-12-03,Mechanical Keyboard,Electronics,East,Online,1,68.97,0.0,68.97
110952,2024-12-03,Mechanical Keyboard,Electronics,North,Online,1,68.97,0.0,68.97
110955,2024-12-03,Standing Desk,Furniture,North,Online,2,237.41,0.15,474.82
110956,2024-12-03,Wireless Mouse,Electronics,South,Online,1,18.39,0.0,18.39
110964,2024-12-03,Water Bottle,Fitness,West,In-Store,1,13.61,0.0,13.61
110958,2024-12-03,Notebook Set,Stationery,South,Online,2,8.69,0.0,17.38
110959,2024-12-03,Water Bottle,Fitness,North,In-Store,2,13.52,0.0,27.04
110960,2024-12-03,Water Bottle,Fitness,East,Online,1,11.98,0.1,11.98
110961,2024-12-03,Office Chair,Furniture,North,Online,1,117.06,0.2,117.06
110962,2024-12-03,Mechanical Keyboard,Electronics,West,Online,1,60.32,0.0,60.32
110957,2024-12-03,Mechanical Keyboard,Electronics,North,Online,1,64.32,0.0,64.32
110994,2024-12-04,Dumbbell Set,Fitness,West,In-Store,1,92.5,0.0,92.5
110995,2024-12-04,Noise-Cancel Headphones,Electronics,West,In-Store,2,127.62,0.0,255.24
110996,2024-12-04,Noise-Cancel Headphones,Electronics,West,In-Store,1,127.62,0.0,127.62
110997,2024-12-04,Bluetooth Speaker,Electronics,West,In-Store,2,48.42,0.0,96.84
110998,2024-12-04,Bluetooth Speaker,Electronics,East,In-Store,1,48.42,0.0,48.42
111001,2024-12-04,Standing Desk,Furniture,South,Online,2,297.62,0.0,595.24
111000,2024-12-04,Bluetooth Speaker,Electronics,Central,Online,2,44.9,0.0,89.8
111002,2024-12-04,Dumbbell Set,Fitness,West,In-Store,3,91.69,0.0,275.07
111003,2024-12-04,Running Shoes,Fitness,East,In-Store,1,74.76,0.0,74.76
110993,2024-12-04,Mechanical Keyboard,Electronics,West,Online,1,62.84,0.0,62.84
110999,2024-12-04,Bluetooth Speaker,Electronics,South,Online,1,44.9,0.0,44.9
110991,2024-12-04,Noise-Cancel Headphones,Electronics,East,Online,2,134.36,0.0,268.72
110992,2024-12-04,Mechanical Keyboard,Electronics,South,Online,1,62.84,0.0,62.84
110989,2024-12-04,Bookshelf,Furniture,East,Online,1,129.65,0.0,129.65
110974,2024-12-04,Office Chair,Furniture,Central,Online,1,157.57,0.0,157.57
110975,2024-12-04,Notebook Set,Stationery,Central,In-Store,1,8.9,0.0,8.9
110990,2024-12-04,Fountain Pen,Stationery,South,Online,1,20.8,0.0,20.8
110977,2024-12-04,Running Shoes,Fitness,West,In-Store,3,75.88,0.0,227.64
110978,2024-12-04,Standing Desk,Furniture,North,Online,1,271.68,0.1,271.68
110979,2024-12-04,Yoga Mat,Fitness,East,In-Store,1,17.35,0.2,17.35
110980,2024-12-04,Resistance Bands,Fitness,East,In-Store,4,11.41,0.2,45.64
110981,2024-12-04,Dumbbell Set,Fitness,East,In-Store,1,83.1,0.0,83.1
110976,2024-12-04,Noise-Cancel Headphones,Electronics,East,Online,1,110.21,0.15,110.21
110983,2024-12-04,Running Shoes,Fitness,South,Online,2,68.92,0.1,137.84
110984,2024-12-04,Yoga Mat,Fitness,North,In-Store,1,21.4,0.0,21.4
110985,2024-12-04,Fountain Pen,Stationery,Central,Online,1,20.38,0.0,20.38
110986,2024-12-04,Dumbbell Set,Fitness,West,Online,2,90.23,0.0,180.46
110987,2024-12-04,Wireless Mouse,Electronics,East,In-Store,1,19.73,0.0,19.73
110988,2024-12-04,Wireless Mouse,Electronics,North,Online,1,19.73,0.0,19.73
110982,2024-12-04,USB-C Hub,Electronics,East,Online,2,30.66,0.0,61.32
111024,2024-12-05,Mechanical Keyboard,Electronics,West,In-Store,3,63.41,0.0,190.23
111025,2024-12-05,Mechanical Keyboard,Electronics,West,Online,1,63.41,0.0,63.41
111026,2024-12-05,Noise-Cancel Headphones,Electronics,Central,Online,1,125.05,0.0,125.05
111027,2024-12-05,Noise-Cancel Headphones,Electronics,East,Online,2,125.05,0.0,250.1
111028,2024-12-05,Desk Lamp,Furniture,North,Online,1,25.36,0.0,25.36
111032,2024-12-05,Wireless Mouse,Electronics,West,In-Store,2,18.71,0.0,37.42
111030,2024-12-05,Dumbbell Set,Fitness,North,In-Store,1,87.91,0.0,87.91
111031,2024-12-05,Wireless Mouse,Electronics,North,In-Store,1,18.71,0.0,18.71
111033,2024-12-05,Bluetooth Speaker,Electronics,South,Online,2,44.07,0.0,88.14
111034,2024-12-05,Bluetooth Speaker,Electronics,North,Online,1,44.07,0.0,44.07
111023,2024-12-05,Water Bottle,Fitness,West,In-Store,2,12.91,0.0,25.82
111029,2024-12-05,Dumbbell Set,Fitness,South,Online,3,86.61,0.0,259.83
111022,2024-12-05,Bluetooth Speaker,Electronics,West,In-Store,1,45.56,0.0,45.56
111021,2024-12-05,Bluetooth Speaker,Electronics,West,Online,1,45.56,0.0,45.56
111020,2024-12-05,Notebook Set,Stationery,East,Online,1,8.86,0.0,8.86
111007,2024-12-05,Planner,Stationery,West,Online,2,16.09,0.0,32.18
111006,2024-12-05,Desk Lamp,Furniture,North,Online,3,24.34,0.0,73.02
111005,2024-12-05,Bluetooth Speaker,Electronics,North,In-Store,1,48.15,0.0,48.15
111004,2024-12-05,Water Bottle,Fitness,West,In-Store,1,13.06,0.0,13.06
111009,2024-12-05,Wireless Mouse,Electronics,East,In-Store,1,18.68,0.0,18.68
111010,2024-12-05,Noise-Cancel Headphones,Electronics,North,In-Store,1,131.43,0.0,131.43
111011,2024-12-05,Noise-Cancel Headphones,Electronics,Central,In-Store,1,131.43,0.0,131.43
111008,2024-12-05,Wireless Mouse,Electronics,North,Online,1,18.68,0.0,18.68
111013,2024-12-05,Bookshelf,Furniture,North,Online,1,121.95,0.0,121.95
111014,2024-12-05,Desk Lamp,Furniture,South,Online,2,25.98,0.0,51.96
111015,2024-12-05,Mechanical Keyboard,Electronics,Central,Online,1,59.08,0.1,59.08
111016,2024-12-05,Mechanical Keyboard,Electronics,East,Online,2,59.08,0.1,118.16
111017,2024-12-05,Wireless Mouse,Electronics,West,Online,1,15.95,0.15,15.95
111018,2024-12-05,Wireless Mouse,Electronics,West,Online,1,15.95,0.15,15.95
111019,2024-12-05,Running Shoes,Fitness,East,In-Store,1,75.97,0.0,75.97
111012,2024-12-05,Planner,Stationery,East,In-Store,3,16.32,0.0,48.96
111049,2024-12-06,Water Bottle,Fitness,Central,Online,1,11.43,0.15,11.43
111056,2024-12-06,Office Chair,Furniture,West,Online,1,137.77,0.0,137.77
111055,2024-12-06,Wireless Mouse,Electronics,North,In-Store,1,19.81,0.0,19.81
111054,2024-12-06,Standing Desk,Furniture,North,Online,2,275.93,0.1,551.86
111053,2024-12-06,Dumbbell Set,Fitness,East,Online,1,89.89,0.0,89.89
111052,2024-12-06,Office Chair,Furniture,South,Online,1,152.45,0.0,152.45
111051,2024-12-06,Planner,Stationery,East,In-Store,2,15.97,0.0,31.94
111048,2024-12-06,Dumbbell Set,Fitness,South,In-Store,1,87.37,0.0,87.37
111050,2024-12-06,Running Shoes,Fitness,North,Online,1,69.99,0.1,69.99
111046,2024-12-06,Water Bottle,Fitness,Central,In-Store,1,12.63,0.0,12.63
111047,2024-12-06,Wireless Mouse,Electronics,South,Online,1,16.74,0.1,16.74
111035,2024-12-06,Standing Desk,Furniture,South,Online,1,285.45,0.0,285.45
111036,2024-12-06,Notebook Set,Stationery,West,Online,1,8.99,0.0,8.99
111038,2024-12-06,Wireless Mouse,Electronics,East,Online,1,16.81,0.1,16.81
111039,2024-12-06,Wireless Mouse,Electronics,West,In-Store,1,16.81,0.1,16.81
111040,2024-12-06,Water Bottle,Fitness,North,Online,4,13.19,0.0,52.76
111037,2024-12-06,Running Shoes,Fitness,Central,In-Store,1,76.26,0.0,76.26
111042,2024-12-06,Resistance Bands,Fitness,Central,In-Store,1,14.74,0.0,14.74
111043,2024-12-06,Noise-Cancel Headphones,Electronics,West,Online,1,130.8,0.0,130.8
111044,2024-12-06,Water Bottle,Fitness,West,Online,1,12.77,0.0,12.77
111045,2024-12-06,Fountain Pen,Stationery,Central,Online,1,20.2,0.0,20.2
111041,2024-12-06,Notebook Set,Stationery,North,Online,2,9.19,0.0,18.38
111087,2024-12-07,USB-C Hub,Electronics,Central,In-Store,3,24.89,0.2,74.67
111081,2024-12-07,Resistance Bands,Fitness,Central,Online,1,14.42,0.0,14.42
111082,2024-12-07,Yoga Mat,Fitness,East,In-Store,1,18.8,0.15,18.8
111083,2024-12-07,Fountain Pen,Stationery,East,In-Store,1,19.19,0.0,19.19
111084,2024-12-07,Water Bottle,Fitness,South,Online,2,13.33,0.0,26.66
111085,2024-12-07,Wireless Mouse,Electronics,West,Online,1,18.93,0.0,18.93
111086,2024-12-07,Wireless Mouse,Electronics,North,In-Store,2,18.93,0.0,37.86
111088,2024-12-07,USB-C Hub,Electronics,West,Online,2,24.89,0.2,49.78
111094,2024-12-07,Bluetooth Speaker,Electronics,Central,Online,2,45.89,0.0,91.78
111090,2024-12-07,Noise-Cancel Headphones,Electronics,East,Online,1,131.83,0.0,131.83
111091,2024-12-07,Noise-Cancel Headphones,Electronics,North,Online,1,131.83,0.0,131.83
111092,2024-12-07,Running Shoes,Fitness,East,In-Store,1,68.78,0.1,68.78
111093,2024-12-07,Bluetooth Speaker,Electronics,South,In-Store,1,45.89,0.0,45.89
111095,2024-12-07,Office Chair,Furniture,West,In-Store,1,152.09,0.0,152.09
111096,2024-12-07,Notebook Set,Stationery,East,In-Store,1,8.9,0.0,8.9
111080,2024-12-07,Notebook Set,Stationery,West,Online,2,8.82,0.0,17.64
111089,2024-12-07,Office Chair,Furniture,South,In-Store,1,148.37,0.0,148.37
111079,2024-12-07,USB-C Hub,Electronics,Central,Online,1,29.76,0.0,29.76
111096,2024-12-07,Notebook Set,Stationery,East,In-Store,1,8.9,0.0,8.9
111077,2024-12-07,Mechanical Keyboard,Electronics,North,In-Store,2,57.47,0.1,114.94
111057,2024-12-07,Fountain Pen,Stationery,East,Online,1,19.55,0.0,19.55
111058,2024-12-07,Wireless Mouse,Electronics,North,Online,1,18.89,0.0,18.89
111059,2024-12-07,Office Chair,Furniture,South,Online,2,150.11,0.0,300.22
111060,2024-12-07,Yoga Mat,Fitness,West,Online,1,22.53,0.0,22.53
111078,2024-12-07,USB-C Hub,Electronics,West,In-Store,2,29.76,0.0,59.52
111062,2024-12-07,Mechanical Keyboard,Electronics,East,Online,2,60.41,0.1,120.82
111063,2024-12-07,Bluetooth Speaker,Electronics,East,Online,1,35.9,0.2,35.9
111064,2024-12-07,Bluetooth Speaker,Electronics,Central,Online,2,35.9,0.2,71.8
111065,2024-12-07,Noise-Cancel Headphones,Electronics,North,Online,1,129.93,0.0,129.93
111066,2024-12-07,Noise-Cancel Headphones,Electronics,South,Online,1,129.93,0.0,129.93
111061,2024-12-07,Notebook Set,Stationery,East,In-Store,1,8.25,0.0,8.25
111068,2024-12-07,Standing Desk,Furniture,West,Online,1,301.5,0.0,301.5
111069,2024-12-07,Bookshelf,Furniture,West,Online,2,119.05,0.0,238.1
111070,2024-12-07,Running Shoes,Fitness,North,Online,2,74.83,0.0,149.66
111071,2024-12-07,Water Bottle,Fitness,East,Online,1,12.41,0.0,12.41
111072,2024-12-07,Running Shoes,Fitness,South,Online,1,76.55,0.0,76.55
111073,2024-12-07,USB-C Hub,Electronics,East,Online,2,30.51,0.0,61.02
111074,2024-12-07,USB-C Hub,Electronics,Central,In-Store,1,30.51,0.0,30.51
111075,2024-12-07,Fountain Pen,Stationery,West,Online,1,17.09,0.15,17.09
111076,2024-12-07,Mechanical Keyboard,Electronics,East,In-Store,2,57.47,0.1,114.94
111067,2024-12-07,Resistance Bands,Fitness,East,Online,1,14.61,0.0,14.61
111115,2024-12-08,Bluetooth Speaker,Electronics,South,Online,2,37.53,0.15,75.06
111116,2024-12-08,Bluetooth Speaker,Electronics,Central,In-Store,1,37.53,0.15,37.53
111117,2024-12-08,Wireless Mouse,Electronics,East,Online,1,19.72,0.0,19.72
111118,2024-12-08,Wireless Mouse,Electronics,West,In-Store,1,19.72,0.0,19.72
111123,2024-12-08,Standing Desk,Furniture,North,Online,1,270.81,0.1,270.81
111120,2024-12-08,Running Shoes,Fitness,Central,Online,1,77.84,0.0,77.84
111121,2024-12-08,Water Bottle,Fitness,South,Online,1,10.44,0.2,10.44
111122,2024-12-08,Mechanical Keyboard,Electronics,East,Online,1,64.18,0.0,64.18
111114,2024-12-08,Office Chair,Furniture,West,In-Store,2,153.2,0.0,306.4
111119,2024-12-08,Running Shoes,Fitness,West,Online,1,77.13,0.0,77.13
111113,2024-12-08,Dumbbell Set,Fitness,East,Online,2,79.22,0.1,158.44
111109,2024-12-08,Running Shoes,Fitness,West,In-Store,1,79.61,0.0,79.61
111111,2024-12-08,Bluetooth Speaker,Electronics,Central,Online,2,44.32,0.0,88.64
111097,2024-12-08,Desk Lamp,Furniture,West,Online,1,22.28,0.15,22.28
111098,2024-12-08,Running Shoes,Fitness,South,Online,1,76.06,0.0,76.06
111112,2024-12-08,Water Bottle,Fitness,Central,Online,1,12.69,0.0,12.69
111100,2024-12-08,Dumbbell Set,Fitness,South,Online,1,94.66,0.0,94.66
111101,2024-12-08,Planner,Stationery,South,Online,1,13.42,0.15,13.42
111102,2024-12-08,Resistance Bands,Fitness,East,Online,1,11.74,0.2,11.74
111103,2024-12-08,Yoga Mat,Fitness,East,Online,1,21.28,0.0,21.28
111099,2024-12-08,Resistance Bands,Fitness,North,Online,1,13.8,0.0,13.8
111105,2024-12-08,Running Shoes,Fitness,South,In-Store,1,73.1,0.0,73.1
111106,2024-12-08,Bluetooth Speaker,Electronics,East,In-Store,1,47.61,0.0,47.61
111107,2024-12-08,Office Chair,Furniture,South,Online,2,147.23,0.0,294.46
111108,2024-12-08,Office Chair,Furniture,West,In-Store,1,152.77,0.0,152.77
111110,2024-12-08,Bluetooth Speaker,Electronics,South,Online,1,44.32,0.0,44.32
111104,2024-12-08,Fountain Pen,Stationery,North,Online,2,19.89,0.0,39.78
111143,2024-12-09,Bookshelf,Furniture,North,Online,1,121.23,0.0,121.23
111144,2024-12-09,Office Chair,Furniture,North,Online,1,137.62,0.1,137.62
111145,2024-12-09,Yoga Mat,Fitness,North,In-Store,1,21.97,0.0,21.97
111147,2024-12-09,USB-C Hub,Electronics,West,Online,2,28.71,0.0,57.42
111150,2024-12-09,Wireless Mouse,Electronics,East,Online,1,19.24,0.0,19.24
111149,2024-12-09,Wireless Mouse,Electronics,East,Online,1,17.58,0.0,17.58
111151,2024-12-09,USB-C Hub,Electronics,East,Online,3,28.21,0.0,84.63
111152,2024-12-09,USB-C Hub,Electronics,West,In-Store,2,28.21,0.0,56.42
111142,2024-12-09,Notebook Set,Stationery,South,In-Store,1,8.15,0.1,8.15
111148,2024-12-09,Wireless Mouse,Electronics,Central,Online,1,17.58,0.0,17.58
111141,2024-12-09,USB-C Hub,Electronics,South,In-Store,2,28.57,0.0,57.14
111146,2024-12-09,USB-C Hub,Electronics,East,Online,1,28.71,0.0,28.71
111139,2024-12-09,Wireless Mouse,Electronics,North,Online,2,19.05,0.0,38.1
111140,2024-12-09,Wireless Mouse,Electronics,South,Online,1,19.05,0.0,19.05
111128,2024-12-09,Running Shoes,Fitness,West,In-Store,1,78.71,0.0,78.71
111127,2024-12-09,Fountain Pen,Stationery,Central,In-Store,2,20.26,0.0,40.52
111126,2024-12-09,Bluetooth Speaker,Electronics,Central,Online,1,38.21,0.15,38.21
111129,2024-12-09,Yoga Mat,Fitness,South,Online,3,19.2,0.1,57.6
111130,2024-12-09,Planner,Stationery,West,Online,1,15.44,0.0,15.44
111131,2024-12-09,Standing Desk,Furniture,South,Online,1,305.13,0.0,305.13
111125,2024-12-09,Bluetooth Speaker,Electronics,East,Online,3,38.21,0.15,114.63
111133,2024-12-09,Desk Lamp,Furniture,West,In-Store,1,25.23,0.0,25.23
111134,2024-12-09,Noise-Cancel Headphones,Electronics,North,Online,3,120.41,0.1,361.23
111124,2024-12-09,Desk Lamp,Furniture,West,In-Store,1,21.43,0.15,21.43
111135,2024-12-09,Noise-Cancel Headphones,Electronics,South,In-Store,1,120.41,0.1,120.41
111136,2024-12-09,Planner,Stationery,South,Online,2,15.18,0.0,30.36
111137,2024-12-09,Bookshelf,Furniture,South,In-Store,1,97.34,0.15,97.34
111138,2024-12-09,Standing Desk,Furniture,West,Online,1,316.25,0.0,316.25
111132,2024-12-09,Resistance Bands,Fitness,Central,Online,3,14.83,0.0,44.49
111169,2024-12-10,USB-C Hub,Electronics,South,In-Store,2,29.81,0.0,59.62
111170,2024-12-10,Bluetooth Speaker,Electronics,Central,In-Store,1,47.5,0.0,47.5
111171,2024-12-10,Bluetooth Speaker,Electronics,East,Online,1,47.5,0.0,47.5
111175,2024-12-10,Yoga Mat,Fitness,West,Online,1,20.24,0.1,20.24
111173,2024-12-10,Resistance Bands,Fitness,North,In-Store,1,14.21,0.0,14.21
111174,2024-12-10,Water Bottle,Fitness,West,In-Store,3,12.82,0.0,38.46
111168,2024-12-10,Standing Desk,Furniture,West,Online,1,305.83,0.0,305.83
111172,2024-12-10,Bookshelf,Furniture,North,Online,1,116.77,0.0,116.77
111167,2024-12-10,Fountain Pen,Stationery,Central,Online,1,21.22,0.0,21.22
111176,2024-12-10,Notebook Set,Stationery,South,Online,2,9.32,0.0,18.64
111165,2024-12-10,Resistance Bands,Fitness,North,Online,1,14.23,0.0,14.23
111156,2024-12-10,USB-C Hub,Electronics,West,Online,1,30.54,0.0,30.54
111166,2024-12-10,Standing Desk,Furniture,East,Online,1,297.33,0.0,297.33
111154,2024-12-10,USB-C Hub,Electronics,Central,In-Store,2,25.3,0.15,50.6
111153,2024-12-10,Planner,Stationery,West,Online,1,14.52,0.1,14.52
111157,2024-12-10,USB-C Hub,Electronics,North,Online,1,30.54,0.0,30.54
111158,2024-12-10,Planner,Stationery,South,Online,1,15.92,0.0,15.92
111155,2024-12-10,Yoga Mat,Fitness,South,In-Store,2,22.34,0.0,44.68
111160,2024-12-10,Noise-Cancel Headphones,Electronics,Central,Online,1,129.68,0.0,129.68
111161,2024-12-10,Noise-Cancel Headphones,Electronics,South,In-Store,1,129.68,0.0,129.68
111162,2024-12-10,Wireless Mouse,Electronics,Central,In-Store,2,16.67,0.1,33.34
111163,2024-12-10,Wireless Mouse,Electronics,Central,Online,2,16.67,0.1,33.34
111164,2024-12-10,Standing Desk,Furniture,North,Online,1,314.44,0.0,314.44
111159,2024-12-10,Desk Lamp,Furniture,North,In-Store,1,24.14,0.0,24.14
111201,2024-12-11,Office Chair,Furniture,North,Online,1,112.36,0.2,112.36
111200,2024-12-11,Running Shoes,Fitness,North,Online,1,76.06,0.0,76.06
111199,2024-12-11,Notebook Set,Stationery,West,In-Store,1,9.03,0.0,9.03
111198,2024-12-11,Wireless Mouse,Electronics,West,Online,1,18.06,0.0,18.06
111197,2024-12-11,Standing Desk,Furniture,South,Online,2,288.88,0.0,577.76
111196,2024-12-11,Noise-Cancel Headphones,Electronics,West,Online,1,128.76,0.0,128.76
111195,2024-12-11,Noise-Cancel Headphones,Electronics,North,In-Store,4,128.76,0.0,515.04
111194,2024-12-11,Standing Desk,Furniture,North,Online,2,272.81,0.1,545.62
111193,2024-12-11,Office Chair,Furniture,East,In-Store,1,134.38,0.1,134.38
111192,2024-12-11,USB-C Hub,Electronics,Central,Online,2,28.15,0.0,56.3
111190,2024-12-11,Dumbbell Set,Fitness,North,Online,1,89.16,0.0,89.16
111189,2024-12-11,Fountain Pen,Stationery,East,Online,1,19.75,0.0,19.75
111177,2024-12-11,USB-C Hub,Electronics,Central,Online,1,28.38,0.0,28.38
111178,2024-12-11,USB-C Hub,Electronics,West,Online,1,28.53,0.0,28.53
111179,2024-12-11,Dumbbell Set,Fitness,Central,Online,2,68.16,0.2,136.32
111191,2024-12-11,Bluetooth Speaker,Electronics,North,Online,1,44.5,0.0,44.5
111181,2024-12-11,Standing Desk,Furniture,Central,Online,1,320.17,0.0,320.17
111182,2024-12-11,Planner,Stationery,West,In-Store,1,16.33,0.0,16.33
111180,2024-12-11,Standing Desk,Furniture,West,In-Store,1,292.38,0.0,292.38
111184,2024-12-11,Noise-Cancel Headphones,Electronics,South,Online,1,125.82,0.0,125.82
111185,2024-12-11,Noise-Cancel Headphones,Electronics,East,Online,2,125.82,0.0,251.64
111186,2024-12-11,Notebook Set,Stationery,East,Online,1,8.75,0.0,8.75
111187,2024-12-11,Water Bottle,Fitness,North,Online,1,13.47,0.0,13.47
111188,2024-12-11,Resistance Bands,Fitness,South,Online,1,13.11,0.1,13.11
111183,2024-12-11,Standing Desk,Furniture,East,In-Store,1,296.73,0.0,296.73
111214,2024-12-12,Office Chair,Furniture,Central,Online,1,144.13,0.0,144.13
111218,2024-12-12,Noise-Cancel Headphones,Electronics,Central,In-Store,1,129.19,0.0,129.19
111217,2024-12-12,Dumbbell Set,Fitness,Central,Online,2,92.7,0.0,185.4
111216,2024-12-12,Fountain Pen,Stationery,East,Online,1,19.87,0.0,19.87
111215,2024-12-12,Bookshelf,Furniture,West,Online,1,120.58,0.0,120.58
111213,2024-12-12,Notebook Set,Stationery,West,Online,1,8.71,0.0,8.71
111211,2024-12-12,Running Shoes,Fitness,South,Online,1,72.45,0.0,72.45
111212,2024-12-12,Dumbbell Set,Fitness,East,Online,1,71.83,0.2,71.83
111210,2024-12-12,Desk Lamp,Furniture,Central,Online,1,25.59,0.0,25.59
111209,2024-12-12,Resistance Bands,Fitness,North,Online,1,14.14,0.0,14.14
111208,2024-12-12,Fountain Pen,Stationery,South,Online,1,20.87,0.0,20.87
111207,2024-12-12,Bookshelf,Furniture,Central,In-Store,2,117.13,0.0,234.26
111202,2024-12-12,Standing Desk,Furniture,North,In-Store,1,311.07,0.0,311.07
111203,2024-12-12,Bookshelf,Furniture,South,Online,1,125.27,0.0,125.27
111204,2024-12-12,Bookshelf,Furniture,South,In-Store,1,115.4,0.0,115.4
111205,2024-12-12,USB-C Hub,Electronics,South,Online,1,32.21,0.0,32.21
111206,2024-12-12,USB-C Hub,Electronics,Central,Online,1,32.21,0.0,32.21
111237,2024-12-13,Dumbbell Set,Fitness,Central,In-Store,2,87.45,0.0,174.9
111238,2024-12-13,Notebook Set,Stationery,South,Online,1,8.72,0.0,8.72
111239,2024-12-13,Yoga Mat,Fitness,Central,In-Store,1,23.24,0.0,23.24
111241,2024-12-13,Bluetooth Speaker,Electronics,North,In-Store,1,38.13,0.15,38.13
111242,2024-12-13,Bluetooth Speaker,Electronics,South,Online,1,38.13,0.15,38.13
111243,2024-12-13,Noise-Cancel Headphones,Electronics,West,Online,1,126.54,0.0,126.54
111236,2024-12-13,Resistance Bands,Fitness,South,Online,2,14.61,0.0,29.22
111240,2024-12-13,Desk Lamp,Furniture,North,In-Store,1,25.89,0.0,25.89
111235,2024-12-13,Office Chair,Furniture,West,In-Store,1,148.51,0.0,148.51
111234,2024-12-13,Bluetooth Speaker,Electronics,West,Online,2,43.57,0.0,87.14
111223,2024-12-13,Noise-Cancel Headphones,Electronics,South,In-Store,1,123.14,0.0,123.14
111219,2024-12-13,Bluetooth Speaker,Electronics,East,Online,1,45.93,0.0,45.93
111220,2024-12-13,Bluetooth Speaker,Electronics,West,In-Store,2,45.93,0.0,91.86
111221,2024-12-13,Wireless Mouse,Electronics,East,Online,2,17.92,0.0,35.84
111222,2024-12-13,Wireless Mouse,Electronics,North,In-Store,1,17.92,0.0,17.92
111233,2024-12-13,Bluetooth Speaker,Electronics,North,Online,2,43.57,0.0,87.14
111224,2024-12-13,Noise-Cancel Headphones,Electronics,East,In-Store,1,123.14,0.0,123.14
111225,2024-12-13,Office Chair,Furniture,Central,Online,1,149.45,0.0,149.45
111227,2024-12-13,Desk Lamp,Furniture,North,Online,1,22.67,0.1,22.67
111228,2024-12-13,Running Shoes,Fitness,South,In-Store,2,74.34,0.0,148.68
111229,2024-12-13,Resistance Bands,Fitness,East,Online,1,15.33,0.0,15.33
111230,2024-12-13,Running Shoes,Fitness,South,Online,1,77.55,0.0,77.55
111231,2024-12-13,Wireless Mouse,Electronics,South,In-Store,2,20.15,0.0,40.3
111232,2024-12-13,Wireless Mouse,Electronics,South,In-Store,1,20.15,0.0,20.15
111226,2024-12-13,Resistance Bands,Fitness,North,In-Store,2,14.22,0.0,28.44
111258,2024-12-14,Dumbbell Set,Fitness,West,In-Store,1,89.67,0.0,89.67
111259,2024-12-14,Bluetooth Speaker,Electronics,East,Online,1,40.19,0.1,40.19
111257,2024-12-14,Noise-Cancel Headphones,Electronics,Central,In-Store,1,106.68,0.2,106.68
111261,2024-12-14,Yoga Mat,Fitness,East,Online,1,21.86,0.0,21.86
111262,2024-12-14,Dumbbell Set,Fitness,Central,Online,1,87.87,0.0,87.87
111260,2024-12-14,Bluetooth Speaker,Electronics,East,Online,1,40.19,0.1,40.19
111256,2024-12-14,Bookshelf,Furniture,West,In-Store,2,104.57,0.15,209.14
111244,2024-12-14,Planner,Stationery,North,Online,1,14.84,0.0,14.84
111254,2024-12-14,Office Chair,Furniture,Central,Online,1,157.28,0.0,157.28
111253,2024-12-14,Bookshelf,Furniture,North,Online,2,118.28,0.0,236.56
111252,2024-12-14,Bookshelf,Furniture,North,Online,2,121.17,0.0,242.34
111251,2024-12-14,USB-C Hub,Electronics,South,In-Store,2,30.01,0.0,60.02
111250,2024-12-14,USB-C Hub,Electronics,Central,Online,1,30.01,0.0,30.01
111249,2024-12-14,Yoga Mat,Fitness,North,Online,1,19.72,0.1,19.72
111248,2024-12-14,Bluetooth Speaker,Electronics,West,Online,1,44.03,0.0,44.03
111247,2024-12-14,Yoga Mat,Fitness,West,Online,1,21.7,0.0,21.7
111246,2024-12-14,Planner,Stationery,South,Online,1,16.21,0.0,16.21
111245,2024-12-14,Office Chair,Furniture,Central,Online,4,151.86,0.0,607.44
111255,2024-12-14,Running Shoes,Fitness,South,Online,2,73.91,0.0,147.82
111279,2024-12-15,Desk Lamp,Furniture,East,Online,2,24.27,0.0,48.54
111280,2024-12-15,Wireless Mouse,Electronics,East,In-Store,1,19.45,0.0,19.45
111278,2024-12-15,Desk Lamp,Furniture,East,In-Store,1,24.7,0.0,24.7
111282,2024-12-15,Dumbbell Set,Fitness,South,In-Store,1,78.67,0.15,78.67
111283,2024-12-15,Running Shoes,Fitness,South,Online,1,73.68,0.0,73.68
111277,2024-12-15,Running Shoes,Fitness,West,In-Store,1,83.14,0.0,83.14
111281,2024-12-15,Wireless Mouse,Electronics,East,Online,2,19.45,0.0,38.9
111276,2024-12-15,Notebook Set,Stationery,Central,In-Store,1,8.9,0.0,8.9
111275,2024-12-15,Standing Desk,Furniture,Central,Online,1,299.97,0.0,299.97
111274,2024-12-15,Fountain Pen,Stationery,West,Online,1,20.81,0.0,20.81
111263,2024-12-15,Water Bottle,Fitness,South,Online,2,10.75,0.2,21.5
111264,2024-12-15,USB-C Hub,Electronics,Central,In-Store,1,30.25,0.0,30.25
111266,2024-12-15,Fountain Pen,Stationery,West,Online,1,20.01,0.0,20.01
111267,2024-12-15,Office Chair,Furniture,North,Online,2,145.04,0.0,290.08
111268,2024-12-15,Wireless Mouse,Electronics,North,Online,1,18.71,0.0,18.71
111265,2024-12-15,Standing Desk,Furniture,East,In-Store,2,293.58,0.0,587.16
111270,2024-12-15,Resistance Bands,Fitness,East,Online,1,14.99,0.0,14.99
111271,2024-12-15,Water Bottle,Fitness,South,Online,2,11.9,0.1,23.8
111272,2024-12-15,Running Shoes,Fitness,East,Online,2,65.37,0.1,130.74
111273,2024-12-15,Yoga Mat,Fitness,East,Online,1,22.32,0.0,22.32
111269,2024-12-15,Wireless Mouse,Electronics,South,Online,1,18.71,0.0,18.71
111300,2024-12-16,Mechanical Keyboard,Electronics,West,Online,2,53.22,0.2,106.44
111306,2024-12-16,Yoga Mat,Fitness,East,In-Store,1,18.21,0.15,18.21
111305,2024-12-16,USB-C Hub,Electronics,East,In-Store,2,29.23,0.0,58.46
111304,2024-12-16,USB-C Hub,Electronics,South,Online,1,29.23,0.0,29.23
111303,2024-12-16,Fountain Pen,Stationery,North,Online,1,19.59,0.0,19.59
111302,2024-12-16,Noise-Cancel Headphones,Electronics,East,Online,2,133.59,0.0,267.18
111301,2024-12-16,Noise-Cancel Headphones,Electronics,South,Online,4,133.59,0.0,534.36
111299,2024-12-16,Mechanical Keyboard,Electronics,South,Online,1,53.22,0.2,53.22
111298,2024-12-16,USB-C Hub,Electronics,Central,In-Store,1,23.52,0.15,23.52
111287,2024-12-16,Mechanical Keyboard,Electronics,West,Online,1,64.94,0.0,64.94
111284,2024-12-16,Bookshelf,Furniture,Central,Online,1,125.8,0.0,125.8
111285,2024-12-16,Bookshelf,Furniture,West,Online,2,126.52,0.0,253.04
111286,2024-12-16,Mechanical Keyboard,Electronics,North,Online,2,64.94,0.0,129.88
111297,2024-12-16,Running Shoes,Fitness,South,Online,2,65.13,0.1,130.26
111288,2024-12-16,Resistance Bands,Fitness,North,In-Store,1,14.1,0.0,14.1
111290,2024-12-16,Water Bottle,Fitness,West,Online,1,12.57,0.0,12.57
111289,2024-12-16,Planner,Stationery,North,Online,1,15.71,0.0,15.71
111292,2024-12-16,Noise-Cancel Headphones,Electronics,East,In-Store,1,125.57,0.0,125.57
111293,2024-12-16,Resistance Bands,Fitness,North,Online,2,12.89,0.15,25.78
111294,2024-12-16,Standing Desk,Furniture,Central,Online,3,254.58,0.1,763.74
111295,2024-12-16,Bluetooth Speaker,Electronics,West,Online,1,42.03,0.0,42.03
111296,2024-12-16,Bluetooth Speaker,Electronics,South,In-Store,1,42.03,0.0,42.03
111291,2024-12-16,Noise-Cancel Headphones,Electronics,West,In-Store,1,125.57,0.0,125.57
111324,2024-12-17,Noise-Cancel Headphones,Electronics,North,Online,1,108.37,0.15,108.37
111323,2024-12-17,Noise-Cancel Headphones,Electronics,East,Online,2,108.37,0.15,216.74
111325,2024-12-17,Bluetooth Speaker,Electronics,East,In-Store,1,38.44,0.15,38.44
111322,2024-12-17,Wireless Mouse,Electronics,West,In-Store,3,19.13,0.0,57.39
111327,2024-12-17,Bookshelf,Furniture,West,Online,1,123.68,0.0,123.68
111328,2024-12-17,Yoga Mat,Fitness,West,Online,1,22.1,0.0,22.1
111326,2024-12-17,Office Chair,Furniture,South,Online,1,142.04,0.0,142.04
111321,2024-12-17,Resistance Bands,Fitness,North,Online,1,14.63,0.0,14.63
111307,2024-12-17,Desk Lamp,Furniture,North,Online,1,25.24,0.0,25.24
111319,2024-12-17,Planner,Stationery,North,Online,1,16.08,0.0,16.08
111308,2024-12-17,Running Shoes,Fitness,North,In-Store,1,74.96,0.0,74.96
111309,2024-12-17,Mechanical Keyboard,Electronics,North,Online,1,63.92,0.0,63.92
111310,2024-12-17,Mechanical Keyboard,Electronics,Central,Online,2,63.92,0.0,127.84
111320,2024-12-17,Resistance Bands,Fitness,West,In-Store,2,14.32,0.0,28.64
111312,2024-12-17,Running Shoes,Fitness,central,Online,1,60.11,0.15,60.11
111311,2024-12-17,Noise-Cancel Headphones,Electronics,West,Online,3,131.8,0.0,395.4
111314,2024-12-17,Wireless Mouse,Electronics,West,Online,1,17.04,0.1,17.04
111315,2024-12-17,Wireless Mouse,Electronics,South,Online,1,17.04,0.1,17.04
111316,2024-12-17,Office Chair,Furniture,North,Online,1,146.35,0.0,146.35
111317,2024-12-17,Bookshelf,Furniture,South,Online,1,108.87,0.1,108.87
111318,2024-12-17,Planner,Stationery,East,Online,2,16.03,0.0,32.06
111313,2024-12-17,Bookshelf,Furniture,East,Online,2,105.49,0.15,210.98
111348,2024-12-18,Mechanical Keyboard,Electronics,West,Online,3,57.38,0.1,172.14
111346,2024-12-18,Yoga Mat,Fitness,South,Online,1,22.1,0.0,22.1
111347,2024-12-18,Yoga Mat,Fitness,West,Online,2,21.41,0.0,42.82
111349,2024-12-18,Mechanical Keyboard,Electronics,South,Online,1,57.38,0.1,57.38
111345,2024-12-18,USB-C Hub,Electronics,West,Online,2,31.28,0.0,62.56
111351,2024-12-18,Wireless Mouse,Electronics,South,Online,2,20.09,0.0,40.18
111352,2024-12-18,Mechanical Keyboard,Electronics,North,Online,1,64.04,0.0,64.04
111353,2024-12-18,Mechanical Keyboard,Electronics,West,Online,1,64.04,0.0,64.04
111350,2024-12-18,Wireless Mouse,Electronics,North,Online,4,20.09,0.0,80.36
111344,2024-12-18,USB-C Hub,Electronics,East,Online,1,31.28,0.0,31.28
111332,2024-12-18,Resistance Bands,Fitness,Central,Online,3,11.96,0.15,35.88
111342,2024-12-18,Wireless Mouse,Electronics,South,In-Store,2,18.17,0.0,36.34
111329,2024-12-18,USB-C Hub,Electronics,North,Online,1,31.76,0.0,31.76
111330,2024-12-18,USB-C Hub,Electronics,North,Online,1,29.89,0.0,29.89
111343,2024-12-18,Wireless Mouse,Electronics,North,Online,1,18.17,0.0,18.17
111333,2024-12-18,Wireless Mouse,Electronics,East,In-Store,1,19.38,0.0,19.38
111334,2024-12-18,Bookshelf,Furniture,East,In-Store,1,104.85,0.1,104.85
111335,2024-12-18,Bluetooth Speaker,Electronics,West,Online,2,45.76,0.0,91.52
111331,2024-12-18,Notebook Set,Stationery,West,Online,1,8.42,0.1,8.42
111337,2024-12-18,Standing Desk,Furniture,East,Online,1,291.53,0.0,291.53
111338,2024-12-18,Water Bottle,Fitness,East,Online,1,13.68,0.0,13.68
111339,2024-12-18,Desk Lamp,Furniture,West,In-Store,1,23.58,0.0,23.58
111340,2024-12-18,Yoga Mat,Fitness,Central,Online,1,22.38,0.0,22.38
111341,2024-12-18,Notebook Set,Stationery,West,Online,1,9.18,0.0,9.18
111336,2024-12-18,Bluetooth Speaker,Electronics,North,In-Store,1,45.76,0.0,45.76
111370,2024-12-19,Mechanical Keyboard,Electronics,North,In-Store,1,64.41,0.0,64.41
111377,2024-12-19,USB-C Hub,Electronics,North,In-Store,2,26.56,0.1,53.12
111376,2024-12-19,USB-C Hub,Electronics,North,In-Store,1,26.56,0.1,26.56
111375,2024-12-19,Wireless Mouse,Electronics,West,Online,2,16.34,0.15,32.68
111374,2024-12-19,Wireless Mouse,Electronics,South,In-Store,1,16.34,0.15,16.34
111373,2024-12-19,Notebook Set,Stationery,North,Online,1,7.46,0.15,7.46
111372,2024-12-19,Standing Desk,Furniture,Central,Online,1,296.4,0.0,296.4
111371,2024-12-19,Running Shoes,Fitness,Central,Online,1,73.46,0.0,73.46
111368,2024-12-19,Standing Desk,Furniture,North,In-Store,2,292.25,0.0,584.5
111369,2024-12-19,Mechanical Keyboard,Electronics,North,In-Store,1,64.41,0.0,64.41
111355,2024-12-19,Wireless Mouse,Electronics,North,In-Store,1,18.98,0.0,18.98
111354,2024-12-19,Wireless Mouse,Electronics,Central,Online,1,18.98,0.0,18.98
111367,2024-12-19,Wireless Mouse,Electronics,East,Online,1,19.89,0.0,19.89
111356,2024-12-19,USB-C Hub,Electronics,South,Online,2,30.5,0.0,61.0
111357,2024-12-19,Water Bottle,Fitness,North,Online,1,13.41,0.0,13.41
111358,2024-12-19,Running Shoes,Fitness,North,Online,4,62.24,0.2,248.96
111360,2024-12-19,Wireless Mouse,Electronics,East,Online,1,19.47,0.0,19.47
111359,2024-12-19,Notebook Set,Stationery,North,Online,1,8.81,0.0,8.81
111362,2024-12-19,Noise-Cancel Headphones,Electronics,West,Online,2,129.96,0.0,259.92
111363,2024-12-19,Noise-Cancel Headphones,Electronics,North,Online,2,129.96,0.0,259.92
111364,2024-12-19,Dumbbell Set,Fitness,South,Online,1,92.49,0.0,92.49
111365,2024-12-19,Notebook Set,Stationery,South,Online,1,8.79,0.0,8.79
111366,2024-12-19,Wireless Mouse,Electronics,South,Online,1,19.89,0.0,19.89
111361,2024-12-19,Wireless Mouse,Electronics,West,In-Store,1,19.47,0.0,19.47
111398,2024-12-20,Noise-Cancel Headphones,Electronics,West,Online,1,102.59,0.2,102.59
111396,2024-12-20,Desk Lamp,Furniture,West,Online,1,25.13,0.0,25.13
111397,2024-12-20,Desk Lamp,Furniture,Central,Online,1,24.71,0.0,24.71
111399,2024-12-20,Noise-Cancel Headphones,Electronics,North,In-Store,1,102.59,0.2,102.59
111395,2024-12-20,Dumbbell Set,Fitness,South,Online,1,82.41,0.15,82.41
111401,2024-12-20,Noise-Cancel Headphones,Electronics,East,Online,3,113.88,0.15,341.64
111402,2024-12-20,Noise-Cancel Headphones,Electronics,Central,Online,1,113.88,0.15,113.88
111403,2024-12-20,Wireless Mouse,Electronics,South,Online,1,18.11,0.0,18.11
111404,2024-12-20,Wireless Mouse,Electronics,West,Online,2,18.11,0.0,36.22
111400,2024-12-20,Desk Lamp,Furniture,North,In-Store,2,24.1,0.0,48.2
111394,2024-12-20,Desk Lamp,Furniture,West,In-Store,2,25.61,0.0,51.22
111389,2024-12-20,Yoga Mat,Fitness,South,Online,1,21.96,0.0,21.96
111392,2024-12-20,Running Shoes,Fitness,West,Online,1,76.55,0.0,76.55
111393,2024-12-20,Resistance Bands,Fitness,West,Online,2,13.05,0.1,26.1
111380,2024-12-20,Running Shoes,Fitness,Central,Online,3,67.31,0.1,201.93
111379,2024-12-20,Bluetooth Speaker,Electronics,West,In-Store,1,48.11,0.0,48.11
111381,2024-12-20,Running Shoes,Fitness,East,In-Store,1,75.4,0.0,75.4
111382,2024-12-20,Wireless Mouse,Electronics,East,Online,1,18.88,0.0,18.88
111383,2024-12-20,Wireless Mouse,Electronics,East,In-Store,1,18.88,0.0,18.88
111378,2024-12-20,Water Bottle,Fitness,East,In-Store,1,12.64,0.0,12.64
111385,2024-12-20,Bluetooth Speaker,Electronics,East,Online,1,42.49,0.0,42.49
111386,2024-12-20,Dumbbell Set,Fitness,East,Online,1,88.18,0.0,88.18
111387,2024-12-20,Bookshelf,Furniture,South,Online,1,119.41,0.0,119.41
111388,2024-12-20,Planner,Stationery,East,In-Store,1,14.28,0.1,14.28
111390,2024-12-20,Dumbbell Set,Fitness,West,Online,2,88.07,0.0,176.14
111391,2024-12-20,Desk Lamp,Furniture,North,Online,1,24.74,0.0,24.74
111384,2024-12-20,Desk Lamp,Furniture,West,In-Store,1,24.72,0.0,24.72
111420,2024-12-21,Bluetooth Speaker,Electronics,Central,Online,2,47.31,0.0,94.62
111426,2024-12-21,Water Bottle,Fitness,East,Online,1,13.04,0.0,13.04
111425,2024-12-21,Desk Lamp,Furniture,Central,Online,1,25.42,0.0,25.42
111424,2024-12-21,Mechanical Keyboard,Electronics,Central,In-Store,3,64.48,0.0,193.44
111423,2024-12-21,Water Bottle,Fitness,West,In-Store,2,12.99,0.0,25.98
111422,2024-12-21,Water Bottle,Fitness,North,Online,2,12.34,0.0,24.68
111421,2024-12-21,Bluetooth Speaker,Electronics,West,Online,1,47.31,0.0,47.31
111418,2024-12-21,USB-C Hub,Electronics,South,Online,1,30.24,0.0,30.24
111419,2024-12-21,USB-C Hub,Electronics,South,Online,1,30.24,0.0,30.24
111408,2024-12-21,Bluetooth Speaker,Electronics,North,In-Store,2,45.51,0.0,91.02
111416,2024-12-21,Mechanical Keyboard,Electronics,Central,In-Store,1,62.32,0.0,62.32
111415,2024-12-21,Mechanical Keyboard,Electronics,West,Online,1,62.32,0.0,62.32
111414,2024-12-21,Noise-Cancel Headphones,Electronics,South,In-Store,2,126.5,0.0,253.0
111413,2024-12-21,Noise-Cancel Headphones,Electronics,West,Online,1,126.5,0.0,126.5
111412,2024-12-21,Dumbbell Set,Fitness,South,Online,1,88.56,0.0,88.56
111411,2024-12-21,Noise-Cancel Headphones,Electronics,South,Online,2,115.74,0.1,231.48
111410,2024-12-21,Noise-Cancel Headphones,Electronics,East,Online,1,115.74,0.1,115.74
111409,2024-12-21,USB-C Hub,Electronics,South,Online,1,29.6,0.0,29.6
111407,2024-12-21,Bluetooth Speaker,Electronics,East,In-Store,2,45.51,0.0,91.02
111406,2024-12-21,Running Shoes,Fitness,West,Online,1,79.85,0.0,79.85
111417,2024-12-21,Notebook Set,Stationery,South,In-Store,1,9.16,0.0,9.16
111405,2024-12-21,Water Bottle,Fitness,North,Online,1,13.54,0.0,13.54
111450,2024-12-22,Running Shoes,Fitness,South,Online,1,75.19,0.0,75.19
111449,2024-12-22,Mechanical Keyboard,Electronics,North,Online,1,58.63,0.1,58.63
111447,2024-12-22,Running Shoes,Fitness,South,Online,4,77.73,0.0,310.92
111451,2024-12-22,Dumbbell Set,Fitness,North,Online,1,88.97,0.0,88.97
111448,2024-12-22,Mechanical Keyboard,Electronics,North,Online,1,58.63,0.1,58.63
111452,2024-12-22,Noise-Cancel Headphones,Electronics,West,In-Store,1,128.69,0.0,128.69
111459,2024-12-22,Dumbbell Set,Fitness,West,Online,2,80.0,0.1,160.0
111454,2024-12-22,Noise-Cancel Headphones,Electronics,Central,Online,1,132.13,0.0,132.13
111455,2024-12-22,Office Chair,Furniture,East,In-Store,1,145.47,0.0,145.47
111456,2024-12-22,Yoga Mat,Fitness,East,Online,1,21.48,0.0,21.48
111458,2024-12-22,Desk Lamp,Furniture,East,In-Store,1,25.26,0.0,25.26
111453,2024-12-22,Noise-Cancel Headphones,Electronics,Central,In-Store,2,128.69,0.0,257.38
111446,2024-12-22,Planner,Stationery,South,In-Store,3,15.62,0.0,46.86
111457,2024-12-22,Fountain Pen,Stationery,North,Online,2,18.26,0.1,36.52
111444,2024-12-22,USB-C Hub,Electronics,South,Online,1,24.87,0.15,24.87
111445,2024-12-22,USB-C Hub,Electronics,North,Online,1,24.87,0.15,24.87
111430,2024-12-22,Mechanical Keyboard,Electronics,South,In-Store,2,63.9,0.0,127.8
111429,2024-12-22,Mechanical Keyboard,Electronics,East,In-Store,1,63.9,0.0,63.9
111428,2024-12-22,Dumbbell Set,Fitness,Central,In-Store,1,72.21,0.2,72.21
111431,2024-12-22,Bookshelf,Furniture,East,In-Store,2,123.47,0.0,246.94
111432,2024-12-22,Dumbbell Set,Fitness,Central,Online,1,91.86,0.0,91.86
111433,2024-12-22,Fountain Pen,Stationery,East,In-Store,1,17.63,0.1,17.63
111434,2024-12-22,Office Chair,Furniture,West,Online,1,157.11,0.0,157.11
111427,2024-12-22,Running Shoes,Fitness,East,Online,1,72.83,0.0,72.83
111436,2024-12-22,Bookshelf,Furniture,North,Online,1,125.39,0.0,125.39
111437,2024-12-22,Fountain Pen,Stationery,South,In-Store,1,20.0,0.0,20.0
111438,2024-12-22,Notebook Set,Stationery,North,Online,1,8.51,0.0,8.51
111439,2024-12-22,Planner,Stationery,East,Online,1,15.07,0.0,15.07
111440,2024-12-22,Desk Lamp,Furniture,South,In-Store,2,20.73,0.1,41.46
111441,2024-12-22,Planner,Stationery,South,Online,1,15.72,0.0,15.72
111442,2024-12-22,Wireless Mouse,Electronics,North,Online,1,18.62,0.0,18.62
111435,2024-12-22,Desk Lamp,Furniture,South,In-Store,1,24.68,0.0,24.68
111443,2024-12-22,Wireless Mouse,Electronics,South,Online,1,18.62,0.0,18.62
111479,2024-12-23,Resistance Bands,Fitness,East,In-Store,1,14.68,0.0,14.68
111480,2024-12-23,Office Chair,Furniture,West,Online,2,147.57,0.0,295.14
111481,2024-12-23,Fountain Pen,Stationery,North,Online,1,19.89,0.0,19.89
111482,2024-12-23,Notebook Set,Stationery,North,Online,1,7.56,0.15,7.56
111487,2024-12-23,USB-C Hub,Electronics,North,In-Store,1,29.89,0.0,29.89
111485,2024-12-23,Fountain Pen,Stationery,South,Online,1,20.06,0.0,20.06
111486,2024-12-23,USB-C Hub,Electronics,North,Online,1,29.89,0.0,29.89
111488,2024-12-23,Office Chair,Furniture,North,Online,1,152.25,0.0,152.25
111478,2024-12-23,Bluetooth Speaker,Electronics,North,Online,2,45.62,0.0,91.24
111484,2024-12-23,Dumbbell Set,Fitness,Central,In-Store,1,92.11,0.0,92.11
111477,2024-12-23,Bluetooth Speaker,Electronics,West,Online,1,45.62,0.0,45.62
111483,2024-12-23,Running Shoes,Fitness,Central,In-Store,1,75.19,0.0,75.19
111475,2024-12-23,Noise-Cancel Headphones,Electronics,West,Online,1,114.9,0.15,114.9
111463,2024-12-23,Noise-Cancel Headphones,Electronics,Central,In-Store,1,132.19,0.0,132.19
111462,2024-12-23,Desk Lamp,Furniture,North,Online,1,25.28,0.0,25.28
111461,2024-12-23,Fountain Pen,Stationery,West,Online,2,19.6,0.0,39.2
111460,2024-12-23,Desk Lamp,Furniture,South,Online,2,22.01,0.1,44.02
111476,2024-12-23,Noise-Cancel Headphones,Electronics,East,Online,1,114.9,0.15,114.9
111465,2024-12-23,Running Shoes,Fitness,Central,Online,1,74.77,0.0,74.77
111466,2024-12-23,Resistance Bands,Fitness,South,Online,1,13.83,0.0,13.83
111464,2024-12-23,Noise-Cancel Headphones,Electronics,South,In-Store,1,132.19,0.0,132.19
111468,2024-12-23,Water Bottle,Fitness,West,In-Store,2,12.82,0.0,25.64
111469,2024-12-23,Water Bottle,Fitness,East,Online,1,13.22,0.0,13.22
111470,2024-12-23,Dumbbell Set,Fitness,South,Online,2,93.13,0.0,186.26
111471,2024-12-23,Yoga Mat,Fitness,North,In-Store,1,22.52,0.0,22.52
111472,2024-12-23,Desk Lamp,Furniture,Central,Online,1,25.73,0.0,25.73
111473,2024-12-23,Water Bottle,Fitness,West,In-Store,1,13.47,0.0,13.47
111474,2024-12-23,Bookshelf,Furniture,South,Online,1,126.08,0.0,126.08
111467,2024-12-23,Resistance Bands,Fitness,North,In-Store,2,13.15,0.1,26.3
111506,2024-12-24,Bookshelf,Furniture,South,Online,3,119.8,0.0,359.4
111505,2024-12-24,Office Chair,Furniture,South,Online,1,148.11,0.0,148.11
111504,2024-12-24,Yoga Mat,Fitness,North,Online,2,22.05,0.0,44.1
111503,2024-12-24,Dumbbell Set,Fitness,East,Online,2,77.4,0.15,154.8
111502,2024-12-24,Notebook Set,Stationery,East,In-Store,1,9.27,0.0,9.27
111501,2024-12-24,Planner,Stationery,West,Online,2,14.41,0.1,28.82
111498,2024-12-24,Desk Lamp,Furniture,South,Online,1,25.56,0.0,25.56
111499,2024-12-24,Running Shoes,Fitness,West,In-Store,1,74.07,0.0,74.07
111500,2024-12-24,Wireless Mouse,Electronics,Central,Online,1,18.65,0.0,18.65
111490,2024-12-24,Yoga Mat,Fitness,South,Online,1,17.92,0.15,17.92
111491,2024-12-24,Yoga Mat,Fitness,Central,Online,1,21.65,0.0,21.65
111492,2024-12-24,Mechanical Keyboard,Electronics,Central,Online,1,64.0,0.0,64.0
111489,2024-12-24,Office Chair,Furniture,West,Online,1,150.64,0.0,150.64
111494,2024-12-24,Water Bottle,Fitness,South,Online,2,13.02,0.0,26.04
111495,2024-12-24,Office Chair,Furniture,North,Online,1,150.17,0.0,150.17
111496,2024-12-24,Running Shoes,Fitness,South,Online,4,71.53,0.0,286.12
111497,2024-12-24,Running Shoes,Fitness,East,In-Store,1,74.17,0.0,74.17
111493,2024-12-24,Dumbbell Set,Fitness,South,In-Store,1,89.01,0.0,89.01
111530,2024-12-25,Water Bottle,Fitness,Central,Online,2,12.64,0.0,25.28
111529,2024-12-25,Water Bottle,Fitness,West,Online,1,12.39,0.0,12.39
111528,2024-12-25,Wireless Mouse,Electronics,South,In-Store,1,19.24,0.0,19.24
111527,2024-12-25,Standing Desk,Furniture,East,Online,1,298.2,0.0,298.2
111526,2024-12-25,Water Bottle,Fitness,Central,Online,2,12.93,0.0,25.86
111525,2024-12-25,Office Chair,Furniture,South,In-Store,1,148.59,0.0,148.59
111524,2024-12-25,Planner,Stationery,South,Online,1,12.35,0.2,12.35
111523,2024-12-25,Office Chair,Furniture,Central,Online,1,142.66,0.0,142.66
111521,2024-12-25,Water Bottle,Fitness,North,In-Store,3,10.8,0.15,32.4
111522,2024-12-25,Water Bottle,Fitness,North,Online,1,12.95,0.0,12.95
111519,2024-12-25,Office Chair,Furniture,South,Online,1,145.24,0.0,145.24
111510,2024-12-25,Bluetooth Speaker,Electronics,South,In-Store,1,46.44,0.0,46.44
111520,2024-12-25,Planner,Stationery,South,In-Store,1,15.3,0.0,15.3
111508,2024-12-25,Water Bottle,Fitness,East,Online,2,12.58,0.0,25.16
111507,2024-12-25,Bluetooth Speaker,Electronics,West,Online,1,38.4,0.15,38.4
111511,2024-12-25,Wireless Mouse,Electronics,West,In-Store,1,19.33,0.0,19.33
111512,2024-12-25,Dumbbell Set,Fitness,North,Online,1,79.59,0.1,79.59
111509,2024-12-25,Running Shoes,Fitness,West,In-Store,1,68.31,0.1,68.31
111514,2024-12-25,Fountain Pen,Stationery,North,Online,1,17.81,0.1,17.81
111515,2024-12-25,Wireless Mouse,Electronics,South,Online,1,19.22,0.0,19.22
111516,2024-12-25,Wireless Mouse,Electronics,Central,Online,1,19.22,0.0,19.22
111517,2024-12-25,Dumbbell Set,Fitness,North,Online,2,78.92,0.1,157.84
111518,2024-12-25,Resistance Bands,Fitness,North,Online,1,14.38,0.0,14.38
111513,2024-12-25,Fountain Pen,Stationery,Central,Online,1,19.09,0.0,19.09
111546,2024-12-26,Bluetooth Speaker,Electronics,West,Online,3,45.6,0.0,136.8
111554,2024-12-26,Resistance Bands,Fitness,North,Online,1,14.66,0.0,14.66
111553,2024-12-26,USB-C Hub,Electronics,East,In-Store,1,29.53,0.0,29.53
111552,2024-12-26,USB-C Hub,Electronics,Central,Online,1,29.53,0.0,29.53
111551,2024-12-26,Standing Desk,Furniture,Central,Online,2,304.8,0.0,609.6
111550,2024-12-26,Water Bottle,Fitness,East,Online,1,13.42,0.0,13.42
111549,2024-12-26,Wireless Mouse,Electronics,West,Online,1,16.21,0.15,16.21
111548,2024-12-26,Wireless Mouse,Electronics,North,In-Store,2,16.21,0.15,32.42
111545,2024-12-26,Mechanical Keyboard,Electronics,East,Online,1,66.4,0.0,66.4
111547,2024-12-26,Bluetooth Speaker,Electronics,West,In-Store,2,45.6,0.0,91.2
111543,2024-12-26,Dumbbell Set,Fitness,Central,Online,1,85.6,0.0,85.6
111544,2024-12-26,Mechanical Keyboard,Electronics,South,Online,2,53.16,0.2,106.32
111534,2024-12-26,Mechanical Keyboard,Electronics,North,Online,2,64.64,0.0,129.28
111532,2024-12-26,Fountain Pen,Stationery,South,Online,1,19.72,0.0,19.72
111531,2024-12-26,Planner,Stationery,South,Online,3,15.77,0.0,47.31
111535,2024-12-26,Notebook Set,Stationery,North,Online,4,9.27,0.0,37.08
111536,2024-12-26,Resistance Bands,Fitness,East,Online,4,14.59,0.0,58.36
111533,2024-12-26,Water Bottle,Fitness,West,In-Store,2,13.22,0.0,26.44
111538,2024-12-26,Resistance Bands,Fitness,North,In-Store,2,14.59,0.0,29.18
111539,2024-12-26,Running Shoes,Fitness,West,In-Store,1,80.56,0.0,80.56
111540,2024-12-26,Dumbbell Set,Fitness,West,In-Store,1,92.92,0.0,92.92
111541,2024-12-26,Running Shoes,Fitness,North,Online,1,75.39,0.0,75.39
111542,2024-12-26,Desk Lamp,Furniture,South,Online,1,24.65,0.0,24.65
111537,2024-12-26,Desk Lamp,Furniture,West,In-Store,1,21.66,0.1,21.66
111572,2024-12-27,Notebook Set,Stationery,North,In-Store,2,8.02,0.1,16.04
111580,2024-12-27,Yoga Mat,Fitness,North,Online,3,21.63,0.0,64.89
111579,2024-12-27,Wireless Mouse,Electronics,South,Online,1,18.7,0.0,18.7
111578,2024-12-27,Office Chair,Furniture,West,In-Store,1,139.39,0.1,139.39
111577,2024-12-27,Water Bottle,Fitness,East,In-Store,1,13.15,0.0,13.15
111576,2024-12-27,Fountain Pen,Stationery,Central,Online,1,16.85,0.15,16.85
111575,2024-12-27,Wireless Mouse,Electronics,South,In-Store,1,16.83,0.15,16.83
111574,2024-12-27,Mechanical Keyboard,Electronics,East,Online,2,65.31,0.0,130.62
111573,2024-12-27,Mechanical Keyboard,Electronics,South,In-Store,2,65.31,0.0,130.62
111571,2024-12-27,Yoga Mat,Fitness,East,Online,1,21.06,0.0,21.06
111570,2024-12-27,Office Chair,Furniture,Central,Online,1,144.48,0.0,144.48
111569,2024-12-27,Desk Lamp,Furniture,East,In-Store,1,26.65,0.0,26.65
111555,2024-12-27,Notebook Set,Stationery,Central,Online,1,9.15,0.0,9.15
111556,2024-12-27,Mechanical Keyboard,Electronics,East,Online,4,64.33,0.0,257.32
111557,2024-12-27,Mechanical Keyboard,Electronics,Central,Online,1,64.33,0.0,64.33
111559,2024-12-27,Yoga Mat,Fitness,East,Online,1,22.82,0.0,22.82
111560,2024-12-27,Notebook Set,Stationery,South,Online,1,8.97,0.0,8.97
111561,2024-12-27,Running Shoes,Fitness,West,Online,2,76.58,0.0,153.16
111558,2024-12-27,Office Chair,Furniture,East,Online,2,153.14,0.0,306.28
111563,2024-12-27,Fountain Pen,Stationery,Central,In-Store,1,20.26,0.0,20.26
111564,2024-12-27,Yoga Mat,Fitness,South,Online,4,22.25,0.0,89.0
111565,2024-12-27,Noise-Cancel Headphones,Electronics,Central,Online,2,129.92,0.0,259.84
111566,2024-12-27,Water Bottle,Fitness,East,Online,1,13.34,0.0,13.34
111567,2024-12-27,Noise-Cancel Headphones,Electronics,North,In-Store,1,130.71,0.0,130.71
111568,2024-12-27,Noise-Cancel Headphones,Electronics,North,Online,2,130.71,0.0,261.42
111562,2024-12-27,Dumbbell Set,Fitness,East,Online,3,96.83,0.0,290.49
111596,2024-12-28,Noise-Cancel Headphones,Electronics,North,Online,2,124.82,0.0,249.64
111603,2024-12-28,Fountain Pen,Stationery,West,In-Store,1,19.49,0.0,19.49
111602,2024-12-28,Bookshelf,Furniture,North,Online,2,122.94,0.0,245.88
111601,2024-12-28,Water Bottle,Fitness,Central,Online,2,13.29,0.0,26.58
111600,2024-12-28,Running Shoes,Fitness,South,Online,2,74.8,0.0,149.6
111599,2024-12-28,Bookshelf,Furniture,South,Online,2,108.4,0.1,216.8
111598,2024-12-28,Dumbbell Set,Fitness,Central,In-Store,2,91.55,0.0,183.1
111597,2024-12-28,Planner,Stationery,Central,In-Store,1,15.55,0.0,15.55
111595,2024-12-28,Noise-Cancel Headphones,Electronics,East,In-Store,2,124.82,0.0,249.64
111582,2024-12-28,Running Shoes,Fitness,West,In-Store,1,76.4,0.0,76.4
111593,2024-12-28,USB-C Hub,Electronics,North,Online,2,30.5,0.0,61.0
111592,2024-12-28,USB-C Hub,Electronics,South,Online,1,30.5,0.0,30.5
111591,2024-12-28,Bookshelf,Furniture,Central,Online,2,123.2,0.0,246.4
111590,2024-12-28,Mechanical Keyboard,Electronics,South,Online,2,68.03,0.0,136.06
111589,2024-12-28,Mechanical Keyboard,Electronics,North,Online,1,68.03,0.0,68.03
111588,2024-12-28,Bookshelf,Furniture,East,In-Store,1,124.17,0.0,124.17
111587,2024-12-28,USB-C Hub,Electronics,West,Online,2,29.96,0.0,59.92
111586,2024-12-28,Bookshelf,Furniture,East,Online,1,121.51,0.0,121.51
111585,2024-12-28,Office Chair,Furniture,South,In-Store,1,145.72,0.0,145.72
111584,2024-12-28,Dumbbell Set,Fitness,South,In-Store,1,89.31,0.0,89.31
111583,2024-12-28,Standing Desk,Furniture,West,Online,1,313.46,0.0,313.46
111594,2024-12-28,Notebook Set,Stationery,North,In-Store,1,9.29,0.0,9.29
111581,2024-12-28,Standing Desk,Furniture,Central,Online,1,309.98,0.0,309.98
111623,2024-12-29,Planner,Stationery,South,Online,1,16.06,0.0,16.06
111624,2024-12-29,Bookshelf,Furniture,East,Online,2,117.94,0.0,235.88
111625,2024-12-29,Bookshelf,Furniture,South,Online,2,107.7,0.15,215.4
111630,2024-12-29,Noise-Cancel Headphones,Electronics,East,Online,1,130.59,0.0,130.59
111627,2024-12-29,Notebook Set,Stationery,South,Online,1,8.6,0.0,8.6
111621,2024-12-29,Bookshelf,Furniture,North,Online,1,116.46,0.0,116.46
111628,2024-12-29,Fountain Pen,Stationery,South,Online,2,19.3,0.0,38.6
111629,2024-12-29,Mechanical Keyboard,Electronics,West,Online,1,62.98,0.0,62.98
111626,2024-12-29,Office Chair,Furniture,South,In-Store,1,151.9,0.0,151.9
111620,2024-12-29,Fountain Pen,Stationery,North,In-Store,1,20.01,0.0,20.01
111622,2024-12-29,Desk Lamp,Furniture,Central,Online,1,24.85,0.0,24.85
111618,2024-12-29,Wireless Mouse,Electronics,South,In-Store,1,19.32,0.0,19.32
111604,2024-12-29,Wireless Mouse,Electronics,North,Online,2,19.18,0.0,38.36
111605,2024-12-29,USB-C Hub,Electronics,West,Online,1,25.25,0.15,25.25
111606,2024-12-29,USB-C Hub,Electronics,North,Online,2,25.25,0.15,50.5
111619,2024-12-29,Dumbbell Set,Fitness,West,Online,1,94.17,0.0,94.17
111607,2024-12-29,Bookshelf,Furniture,Central,In-Store,1,118.02,0.0,118.02
111608,2024-12-29,Dumbbell Set,Fitness,West,Online,3,89.0,0.0,267.0
111609,2024-12-29,Desk Lamp,Furniture,North,Online,1,22.49,0.15,22.49
111610,2024-12-29,Desk Lamp,Furniture,North,In-Store,1,21.94,0.15,21.94
111612,2024-12-29,Dumbbell Set,Fitness,South,Online,1,89.62,0.0,89.62
111613,2024-12-29,Office Chair,Furniture,North,In-Store,1,147.81,0.0,147.81
111617,2024-12-29,Wireless Mouse,Electronics,Central,Online,2,19.32,0.0,38.64
111616,2024-12-29,Wireless Mouse,Electronics,Central,In-Store,2,18.15,0.0,36.3
111615,2024-12-29,Wireless Mouse,Electronics,South,In-Store,1,18.15,0.0,18.15
111611,2024-12-29,Office Chair,Furniture,North,In-Store,1,135.76,0.1,135.76
111614,2024-12-29,Desk Lamp,Furniture,West,Online,2,25.03,0.0,50.06
111654,2024-12-30,Water Bottle,Fitness,East,In-Store,2,12.42,0.0,24.84
111655,2024-12-30,Noise-Cancel Headphones,Electronics,Central,Online,1,131.15,0.0,131.15
111656,2024-12-30,Noise-Cancel Headphones,Electronics,East,In-Store,1,131.15,0.0,131.15
111657,2024-12-30,Bluetooth Speaker,Electronics,South,Online,2,46.34,0.0,92.68
111658,2024-12-30,USB-C Hub,Electronics,South,Online,2,29.89,0.0,59.78
111660,2024-12-30,Noise-Cancel Headphones,Electronics,East,Online,1,125.16,0.0,125.16
111663,2024-12-30,Running Shoes,Fitness,North,Online,1,58.09,0.2,58.09
111662,2024-12-30,USB-C Hub,Electronics,South,In-Store,1,25.67,0.15,25.67
111653,2024-12-30,Office Chair,Furniture,East,Online,1,133.3,0.1,133.3
111665,2024-12-30,Noise-Cancel Headphones,Electronics,West,Online,1,127.56,0.0,127.56
111666,2024-12-30,Resistance Bands,Fitness,North,In-Store,1,14.15,0.0,14.15
111667,2024-12-30,Office Chair,Furniture,West,Online,1,147.56,0.0,147.56
111668,2024-12-30,USB-C Hub,Electronics,North,In-Store,1,29.58,0.0,29.58
111669,2024-12-30,USB-C Hub,Electronics,East,Online,2,29.58,0.0,59.16
111661,2024-12-30,Noise-Cancel Headphones,Electronics,East,Online,1,125.16,0.0,125.16
111652,2024-12-30,Fountain Pen,Stationery,West,Online,2,18.31,0.1,36.62
111664,2024-12-30,Noise-Cancel Headphones,Electronics,South,In-Store,1,127.56,0.0,127.56
111650,2024-12-30,Wireless Mouse,Electronics,Central,Online,1,18.77,0.0,18.77
111631,2024-12-30,Desk Lamp,Furniture,West,In-Store,1,22.61,0.1,22.61
111632,2024-12-30,Running Shoes,Fitness,East,Online,1,67.42,0.1,67.42
111633,2024-12-30,Yoga Mat,Fitness,South,Online,1,21.84,0.0,21.84
111651,2024-12-30,Running Shoes,Fitness,South,In-Store,1,73.79,0.0,73.79
111634,2024-12-30,Bluetooth Speaker,Electronics,South,In-Store,1,39.81,0.1,39.81
111635,2024-12-30,Desk Lamp,Furniture,West,Online,2,25.01,0.0,50.02
111636,2024-12-30,Wireless Mouse,Electronics,North,Online,1,18.59,0.0,18.59
111637,2024-12-30,Wireless Mouse,Electronics,North,In-Store,1,18.59,0.0,18.59
111638,2024-12-30,Noise-Cancel Headphones,Electronics,South,Online,2,131.06,0.0,262.12
111639,2024-12-30,Noise-Cancel Headphones,Electronics,North,Online,1,131.06,0.0,131.06
111659,2024-12-30,USB-C Hub,Electronics,South,Online,1,29.89,0.0,29.89
111641,2024-12-30,Yoga Mat,Fitness,North,Online,1,20.9,0.0,20.9
111642,2024-12-30,Yoga Mat,Fitness,West,Online,2,21.99,0.0,43.98
111643,2024-12-30,Planner,Stationery,South,Online,1,16.29,0.0,16.29
111644,2024-12-30,Running Shoes,Fitness,West,In-Store,1,73.38,0.0,73.38
111645,2024-12-30,Notebook Set,Stationery,North,Online,1,8.7,0.0,8.7
111649,2024-12-30,Dumbbell Set,Fitness,Central,In-Store,1,91.13,0.0,91.13
111648,2024-12-30,Standing Desk,Furniture,West,Online,1,268.03,0.15,268.03
111647,2024-12-30,Noise-Cancel Headphones,Electronics,North,Online,1,128.83,0.0,128.83
111640,2024-12-30,Standing Desk,Furniture,east,Online,1,319.35,0.0,319.35
111646,2024-12-30,Noise-Cancel Headphones,Electronics,West,In-Store,1,128.83,0.0,128.83
111687,2024-12-31,Standing Desk,Furniture,West,Online,1,289.45,0.0,289.45
111688,2024-12-31,USB-C Hub,Electronics,South,In-Store,2,26.98,0.1,53.96
111689,2024-12-31,USB-C Hub,Electronics,North,Online,1,26.98,0.1,26.98
111693,2024-12-31,Fountain Pen,Stationery,East,In-Store,1,19.85,0.0,19.85
111691,2024-12-31,Mechanical Keyboard,Electronics,North,Online,3,66.28,0.0,198.84
111692,2024-12-31,Resistance Bands,Fitness,West,In-Store,1,13.61,0.1,13.61
111686,2024-12-31,Noise-Cancel Headphones,Electronics,East,Online,4,135.52,0.0,542.08
111694,2024-12-31,Dumbbell Set,Fitness,Central,In-Store,1,92.12,0.0,92.12
111690,2024-12-31,Office Chair,Furniture,South,Online,4,150.29,0.0,601.16
111685,2024-12-31,USB-C Hub,Electronics,Central,Online,1,26.54,0.1,26.54
111682,2024-12-31,Resistance Bands,Fitness,West,Online,1,14.17,0.0,14.17
111683,2024-12-31,Notebook Set,Stationery,North,Online,3,7.69,0.15,23.07
111681,2024-12-31,Wireless Mouse,Electronics,South,In-Store,1,19.06,0.0,19.06
111680,2024-12-31,Wireless Mouse,Electronics,West,In-Store,1,19.06,0.0,19.06
111679,2024-12-31,Mechanical Keyboard,Electronics,Central,Online,1,65.75,0.0,65.75
111678,2024-12-31,Mechanical Keyboard,Electronics,West,In-Store,1,65.75,0.0,65.75
111677,2024-12-31,Office Chair,Furniture,West,In-Store,1,151.35,0.0,151.35
111675,2024-12-31,Running Shoes,Fitness,Central,Online,1,73.22,0.0,73.22
111674,2024-12-31,Dumbbell Set,Fitness,Central,Online,1,93.39,0.0,93.39
111673,2024-12-31,Planner,Stationery,Central,Online,1,16.48,0.0,16.48
111672,2024-12-31,Standing Desk,Furniture,Central,Online,1,297.89,0.0,297.89
111671,2024-12-31,Notebook Set,Stationery,Central,In-Store,1,8.96,0.0,8.96
111670,2024-12-31,Wireless Mouse,Electronics,North,Online,1,18.29,0.0,18.29
111684,2024-12-31,USB-C Hub,Electronics,West,Online,1,26.54,0.1,26.54
111676,2024-12-31,Running Shoes,Fitness,Central,Online,1,71.89,0.0,71.89
